
> app@0.1.0 dev
> next dev

▲ Next.js 16.1.6 (Turbopack)
- Local:         http://localhost:3000
- Network:       http://192.168.0.2:3000

✓ Starting...
Attention: Next.js now collects completely anonymous telemetry regarding usage.
This information is used to shape Next.js' roadmap and prioritize features.
You can learn more, including how to opt-out if you'd not like to participate in this anonymous program, by visiting the following URL:
https://nextjs.org/telemetry

✓ Ready in 2.7s
○ Compiling / ...
 GET / 200 in 6.4s (compile: 6.0s, render: 419ms)
⨯ ./src/app/page.tsx:11:1
Module not found: Can't resolve '@/components/Footer'
[0m [90m  9 |[39m [36mimport[39m { [33mTestimonialsSection[39m } [36mfrom[39m [32m"@/sections/TestimonialsSection"[39m[33m;[39m
 [90m 10 |[39m [36mimport[39m { [33mQuoteSection[39m } [36mfrom[39m [32m"@/sections/QuoteSection"[39m[33m;[39m
[31m[1m>[22m[39m[90m 11 |[39m [36mimport[39m { [33mFooter[39m } [36mfrom[39m [32m"@/components/Footer"[39m[33m;[39m
 [90m    |[39m [31m[1m^[22m[39m[31m[1m^[22m[39m[31m[1m^[22m[39m[31m[1m^[22m[39m[31m[1m^[22m[39m[31m[1m^[22m[39m[31m[1m^[22m[39m[31m[1m^[22m[39m[31m[1m^[22m[39m[31m[1m^[22m[39m[31m[1m^[22m[39m[31m[1m^[22m[39m[31m[1m^[22m[39m[31m[1m^[22m[39m[31m[1m^[22m[39m[31m[1m^[22m[39m[31m[1m^[22m[39m[31m[1m^[22m[39m[31m[1m^[22m[39m[31m[1m^[22m[39m[31m[1m^[22m[39m[31m[1m^[22m[39m[31m[1m^[22m[39m[31m[1m^[22m[39m[31m[1m^[22m[39m[31m[1m^[22m[39m[31m[1m^[22m[39m[31m[1m^[22m[39m[31m[1m^[22m[39m[31m[1m^[22m[39m[31m[1m^[22m[39m[31m[1m^[22m[39m[31m[1m^[22m[39m[31m[1m^[22m[39m[31m[1m^[22m[39m[31m[1m^[22m[39m[31m[1m^[22m[39m[31m[1m^[22m[39m[31m[1m^[22m[39m[31m[1m^[22m[39m[31m[1m^[22m[39m[31m[1m^[22m[39m[31m[1m^[22m[39m[31m[1m^[22m[39m[31m[1m^[22m[39m
 [90m 12 |[39m
 [90m 13 |[39m [36mconst[39m [33mFADE_UP_ANIMATION_VARIANTS[39m [33m=[39m {
 [90m 14 |[39m   hidden[33m:[39m { opacity[33m:[39m [35m0[39m[33m,[39m y[33m:[39m [35m30[39m }[33m,[39m[0m

Import map: aliased to relative './src/components/Footer' inside of [project]/


Import traces:
  Client Component Browser:
    ./src/app/page.tsx [Client Component Browser]
    ./src/app/page.tsx [Server Component]

  Client Component SSR:
    ./src/app/page.tsx [Client Component SSR]
    ./src/app/page.tsx [Server Component]

https://nextjs.org/docs/messages/module-not-found


⨯ ./src/app/page.tsx:11:1
Module not found: Can't resolve '@/components/Footer'
[0m [90m  9 |[39m [36mimport[39m { [33mTestimonialsSection[39m } [36mfrom[39m [32m"@/sections/TestimonialsSection"[39m[33m;[39m
 [90m 10 |[39m [36mimport[39m { [33mQuoteSection[39m } [36mfrom[39m [32m"@/sections/QuoteSection"[39m[33m;[39m
[31m[1m>[22m[39m[90m 11 |[39m [36mimport[39m { [33mFooter[39m } [36mfrom[39m [32m"@/components/Footer"[39m[33m;[39m
 [90m    |[39m [31m[1m^[22m[39m[31m[1m^[22m[39m[31m[1m^[22m[39m[31m[1m^[22m[39m[31m[1m^[22m[39m[31m[1m^[22m[39m[31m[1m^[22m[39m[31m[1m^[22m[39m[31m[1m^[22m[39m[31m[1m^[22m[39m[31m[1m^[22m[39m[31m[1m^[22m[39m[31m[1m^[22m[39m[31m[1m^[22m[39m[31m[1m^[22m[39m[31m[1m^[22m[39m[31m[1m^[22m[39m[31m[1m^[22m[39m[31m[1m^[22m[39m[31m[1m^[22m[39m[31m[1m^[22m[39m[31m[1m^[22m[39m[31m[1m^[22m[39m[31m[1m^[22m[39m[31m[1m^[22m[39m[31m[1m^[22m[39m[31m[1m^[22m[39m[31m[1m^[22m[39m[31m[1m^[22m[39m[31m[1m^[22m[39m[31m[1m^[22m[39m[31m[1m^[22m[39m[31m[1m^[22m[39m[31m[1m^[22m[39m[31m[1m^[22m[39m[31m[1m^[22m[39m[31m[1m^[22m[39m[31m[1m^[22m[39m[31m[1m^[22m[39m[31m[1m^[22m[39m[31m[1m^[22m[39m[31m[1m^[22m[39m[31m[1m^[22m[39m[31m[1m^[22m[39m[31m[1m^[22m[39m
 [90m 12 |[39m
 [90m 13 |[39m [36mconst[39m [33mFADE_UP_ANIMATION_VARIANTS[39m [33m=[39m {
 [90m 14 |[39m   hidden[33m:[39m { opacity[33m:[39m [35m0[39m[33m,[39m y[33m:[39m [35m30[39m }[33m,[39m[0m

Import map: aliased to relative './src/components/Footer' inside of [project]/


Import traces:
  Client Component Browser:
    ./src/app/page.tsx [Client Component Browser]
    ./src/app/page.tsx [Server Component]

  Client Component SSR:
    ./src/app/page.tsx [Client Component SSR]
    ./src/app/page.tsx [Server Component]

https://nextjs.org/docs/messages/module-not-found


⨯ ./src/app/page.tsx:11:1
Module not found: Can't resolve '@/components/Footer'
[0m [90m  9 |[39m [36mimport[39m { [33mTestimonialsSection[39m } [36mfrom[39m [32m"@/sections/TestimonialsSection"[39m[33m;[39m
 [90m 10 |[39m [36mimport[39m { [33mQuoteSection[39m } [36mfrom[39m [32m"@/sections/QuoteSection"[39m[33m;[39m
[31m[1m>[22m[39m[90m 11 |[39m [36mimport[39m { [33mFooter[39m } [36mfrom[39m [32m"@/components/Footer"[39m[33m;[39m
 [90m    |[39m [31m[1m^[22m[39m[31m[1m^[22m[39m[31m[1m^[22m[39m[31m[1m^[22m[39m[31m[1m^[22m[39m[31m[1m^[22m[39m[31m[1m^[22m[39m[31m[1m^[22m[39m[31m[1m^[22m[39m[31m[1m^[22m[39m[31m[1m^[22m[39m[31m[1m^[22m[39m[31m[1m^[22m[39m[31m[1m^[22m[39m[31m[1m^[22m[39m[31m[1m^[22m[39m[31m[1m^[22m[39m[31m[1m^[22m[39m[31m[1m^[22m[39m[31m[1m^[22m[39m[31m[1m^[22m[39m[31m[1m^[22m[39m[31m[1m^[22m[39m[31m[1m^[22m[39m[31m[1m^[22m[39m[31m[1m^[22m[39m[31m[1m^[22m[39m[31m[1m^[22m[39m[31m[1m^[22m[39m[31m[1m^[22m[39m[31m[1m^[22m[39m[31m[1m^[22m[39m[31m[1m^[22m[39m[31m[1m^[22m[39m[31m[1m^[22m[39m[31m[1m^[22m[39m[31m[1m^[22m[39m[31m[1m^[22m[39m[31m[1m^[22m[39m[31m[1m^[22m[39m[31m[1m^[22m[39m[31m[1m^[22m[39m[31m[1m^[22m[39m[31m[1m^[22m[39m[31m[1m^[22m[39m
 [90m 12 |[39m
 [90m 13 |[39m [36mconst[39m [33mFADE_UP_ANIMATION_VARIANTS[39m [33m=[39m {
 [90m 14 |[39m   hidden[33m:[39m { opacity[33m:[39m [35m0[39m[33m,[39m y[33m:[39m [35m30[39m }[33m,[39m[0m

Import map: aliased to relative './src/components/Footer' inside of [project]/


Import traces:
  Client Component Browser:
    ./src/app/page.tsx [Client Component Browser]
    ./src/app/page.tsx [Server Component]

  Client Component SSR:
    ./src/app/page.tsx [Client Component SSR]
    ./src/app/page.tsx [Server Component]

https://nextjs.org/docs/messages/module-not-found


⨯ ./src/app/page.tsx:11:1
Module not found: Can't resolve '@/components/Footer'
[0m [90m  9 |[39m [36mimport[39m { [33mTestimonialsSection[39m } [36mfrom[39m [32m"@/sections/TestimonialsSection"[39m[33m;[39m
 [90m 10 |[39m [36mimport[39m { [33mQuoteSection[39m } [36mfrom[39m [32m"@/sections/QuoteSection"[39m[33m;[39m
[31m[1m>[22m[39m[90m 11 |[39m [36mimport[39m { [33mFooter[39m } [36mfrom[39m [32m"@/components/Footer"[39m[33m;[39m
 [90m    |[39m [31m[1m^[22m[39m[31m[1m^[22m[39m[31m[1m^[22m[39m[31m[1m^[22m[39m[31m[1m^[22m[39m[31m[1m^[22m[39m[31m[1m^[22m[39m[31m[1m^[22m[39m[31m[1m^[22m[39m[31m[1m^[22m[39m[31m[1m^[22m[39m[31m[1m^[22m[39m[31m[1m^[22m[39m[31m[1m^[22m[39m[31m[1m^[22m[39m[31m[1m^[22m[39m[31m[1m^[22m[39m[31m[1m^[22m[39m[31m[1m^[22m[39m[31m[1m^[22m[39m[31m[1m^[22m[39m[31m[1m^[22m[39m[31m[1m^[22m[39m[31m[1m^[22m[39m[31m[1m^[22m[39m[31m[1m^[22m[39m[31m[1m^[22m[39m[31m[1m^[22m[39m[31m[1m^[22m[39m[31m[1m^[22m[39m[31m[1m^[22m[39m[31m[1m^[22m[39m[31m[1m^[22m[39m[31m[1m^[22m[39m[31m[1m^[22m[39m[31m[1m^[22m[39m[31m[1m^[22m[39m[31m[1m^[22m[39m[31m[1m^[22m[39m[31m[1m^[22m[39m[31m[1m^[22m[39m[31m[1m^[22m[39m[31m[1m^[22m[39m[31m[1m^[22m[39m[31m[1m^[22m[39m
 [90m 12 |[39m
 [90m 13 |[39m [36mconst[39m [33mFADE_UP_ANIMATION_VARIANTS[39m [33m=[39m {
 [90m 14 |[39m   hidden[33m:[39m { opacity[33m:[39m [35m0[39m[33m,[39m y[33m:[39m [35m30[39m }[33m,[39m[0m

Import map: aliased to relative './src/components/Footer' inside of [project]/


Import traces:
  Client Component Browser:
    ./src/app/page.tsx [Client Component Browser]
    ./src/app/page.tsx [Server Component]

  Client Component SSR:
    ./src/app/page.tsx [Client Component SSR]
    ./src/app/page.tsx [Server Component]

https://nextjs.org/docs/messages/module-not-found


⨯ ./src/app/page.tsx:4:1
Module not found: Can't resolve '@/components/Navbar'
[0m [90m 2 |[39m
 [90m 3 |[39m [36mimport[39m { motion } [36mfrom[39m [32m"framer-motion"[39m[33m;[39m
[31m[1m>[22m[39m[90m 4 |[39m [36mimport[39m { [33mNavbar[39m } [36mfrom[39m [32m"@/components/Navbar"[39m[33m;[39m
 [90m   |[39m [31m[1m^[22m[39m[31m[1m^[22m[39m[31m[1m^[22m[39m[31m[1m^[22m[39m[31m[1m^[22m[39m[31m[1m^[22m[39m[31m[1m^[22m[39m[31m[1m^[22m[39m[31m[1m^[22m[39m[31m[1m^[22m[39m[31m[1m^[22m[39m[31m[1m^[22m[39m[31m[1m^[22m[39m[31m[1m^[22m[39m[31m[1m^[22m[39m[31m[1m^[22m[39m[31m[1m^[22m[39m[31m[1m^[22m[39m[31m[1m^[22m[39m[31m[1m^[22m[39m[31m[1m^[22m[39m[31m[1m^[22m[39m[31m[1m^[22m[39m[31m[1m^[22m[39m[31m[1m^[22m[39m[31m[1m^[22m[39m[31m[1m^[22m[39m[31m[1m^[22m[39m[31m[1m^[22m[39m[31m[1m^[22m[39m[31m[1m^[22m[39m[31m[1m^[22m[39m[31m[1m^[22m[39m[31m[1m^[22m[39m[31m[1m^[22m[39m[31m[1m^[22m[39m[31m[1m^[22m[39m[31m[1m^[22m[39m[31m[1m^[22m[39m[31m[1m^[22m[39m[31m[1m^[22m[39m[31m[1m^[22m[39m[31m[1m^[22m[39m[31m[1m^[22m[39m[31m[1m^[22m[39m
 [90m 5 |[39m [36mimport[39m { [33mHeroSection[39m } [36mfrom[39m [32m"@/sections/HeroSection"[39m[33m;[39m
 [90m 6 |[39m [36mimport[39m { [33mPricingSection[39m } [36mfrom[39m [32m"@/sections/PricingSection"[39m[33m;[39m
 [90m 7 |[39m [36mimport[39m { [33mResultsSection[39m } [36mfrom[39m [32m"@/sections/ResultsSection"[39m[33m;[39m[0m

Import map: aliased to relative './src/components/Navbar' inside of [project]/


Import traces:
  Client Component Browser:
    ./src/app/page.tsx [Client Component Browser]
    ./src/app/page.tsx [Server Component]

  Client Component SSR:
    ./src/app/page.tsx [Client Component SSR]
    ./src/app/page.tsx [Server Component]

https://nextjs.org/docs/messages/module-not-found


⨯ ./src/app/page.tsx:4:1
Module not found: Can't resolve '@/components/Navbar'
[0m [90m 2 |[39m
 [90m 3 |[39m [36mimport[39m { motion } [36mfrom[39m [32m"framer-motion"[39m[33m;[39m
[31m[1m>[22m[39m[90m 4 |[39m [36mimport[39m { [33mNavbar[39m } [36mfrom[39m [32m"@/components/Navbar"[39m[33m;[39m
 [90m   |[39m [31m[1m^[22m[39m[31m[1m^[22m[39m[31m[1m^[22m[39m[31m[1m^[22m[39m[31m[1m^[22m[39m[31m[1m^[22m[39m[31m[1m^[22m[39m[31m[1m^[22m[39m[31m[1m^[22m[39m[31m[1m^[22m[39m[31m[1m^[22m[39m[31m[1m^[22m[39m[31m[1m^[22m[39m[31m[1m^[22m[39m[31m[1m^[22m[39m[31m[1m^[22m[39m[31m[1m^[22m[39m[31m[1m^[22m[39m[31m[1m^[22m[39m[31m[1m^[22m[39m[31m[1m^[22m[39m[31m[1m^[22m[39m[31m[1m^[22m[39m[31m[1m^[22m[39m[31m[1m^[22m[39m[31m[1m^[22m[39m[31m[1m^[22m[39m[31m[1m^[22m[39m[31m[1m^[22m[39m[31m[1m^[22m[39m[31m[1m^[22m[39m[31m[1m^[22m[39m[31m[1m^[22m[39m[31m[1m^[22m[39m[31m[1m^[22m[39m[31m[1m^[22m[39m[31m[1m^[22m[39m[31m[1m^[22m[39m[31m[1m^[22m[39m[31m[1m^[22m[39m[31m[1m^[22m[39m[31m[1m^[22m[39m[31m[1m^[22m[39m[31m[1m^[22m[39m[31m[1m^[22m[39m
 [90m 5 |[39m [36mimport[39m { [33mHeroSection[39m } [36mfrom[39m [32m"@/sections/HeroSection"[39m[33m;[39m
 [90m 6 |[39m [36mimport[39m { [33mPricingSection[39m } [36mfrom[39m [32m"@/sections/PricingSection"[39m[33m;[39m
 [90m 7 |[39m [36mimport[39m { [33mResultsSection[39m } [36mfrom[39m [32m"@/sections/ResultsSection"[39m[33m;[39m[0m

Import map: aliased to relative './src/components/Navbar' inside of [project]/


Import traces:
  Client Component Browser:
    ./src/app/page.tsx [Client Component Browser]
    ./src/app/page.tsx [Server Component]

  Client Component SSR:
    ./src/app/page.tsx [Client Component SSR]
    ./src/app/page.tsx [Server Component]

https://nextjs.org/docs/messages/module-not-found


⨯ ./src/app/page.tsx:4:1
Module not found: Can't resolve '@/components/Navbar'
[0m [90m 2 |[39m
 [90m 3 |[39m [36mimport[39m { motion } [36mfrom[39m [32m"framer-motion"[39m[33m;[39m
[31m[1m>[22m[39m[90m 4 |[39m [36mimport[39m { [33mNavbar[39m } [36mfrom[39m [32m"@/components/Navbar"[39m[33m;[39m
 [90m   |[39m [31m[1m^[22m[39m[31m[1m^[22m[39m[31m[1m^[22m[39m[31m[1m^[22m[39m[31m[1m^[22m[39m[31m[1m^[22m[39m[31m[1m^[22m[39m[31m[1m^[22m[39m[31m[1m^[22m[39m[31m[1m^[22m[39m[31m[1m^[22m[39m[31m[1m^[22m[39m[31m[1m^[22m[39m[31m[1m^[22m[39m[31m[1m^[22m[39m[31m[1m^[22m[39m[31m[1m^[22m[39m[31m[1m^[22m[39m[31m[1m^[22m[39m[31m[1m^[22m[39m[31m[1m^[22m[39m[31m[1m^[22m[39m[31m[1m^[22m[39m[31m[1m^[22m[39m[31m[1m^[22m[39m[31m[1m^[22m[39m[31m[1m^[22m[39m[31m[1m^[22m[39m[31m[1m^[22m[39m[31m[1m^[22m[39m[31m[1m^[22m[39m[31m[1m^[22m[39m[31m[1m^[22m[39m[31m[1m^[22m[39m[31m[1m^[22m[39m[31m[1m^[22m[39m[31m[1m^[22m[39m[31m[1m^[22m[39m[31m[1m^[22m[39m[31m[1m^[22m[39m[31m[1m^[22m[39m[31m[1m^[22m[39m[31m[1m^[22m[39m[31m[1m^[22m[39m[31m[1m^[22m[39m
 [90m 5 |[39m [36mimport[39m { [33mHeroSection[39m } [36mfrom[39m [32m"@/sections/HeroSection"[39m[33m;[39m
 [90m 6 |[39m [36mimport[39m { [33mPricingSection[39m } [36mfrom[39m [32m"@/sections/PricingSection"[39m[33m;[39m
 [90m 7 |[39m [36mimport[39m { [33mResultsSection[39m } [36mfrom[39m [32m"@/sections/ResultsSection"[39m[33m;[39m[0m

Import map: aliased to relative './src/components/Navbar' inside of [project]/


Import traces:
  Client Component Browser:
    ./src/app/page.tsx [Client Component Browser]
    ./src/app/page.tsx [Server Component]

  Client Component SSR:
    ./src/app/page.tsx [Client Component SSR]
    ./src/app/page.tsx [Server Component]

https://nextjs.org/docs/messages/module-not-found


⨯ ./src/app/page.tsx:4:1
Module not found: Can't resolve '@/components/Navbar'
[0m [90m 2 |[39m
 [90m 3 |[39m [36mimport[39m { motion } [36mfrom[39m [32m"framer-motion"[39m[33m;[39m
[31m[1m>[22m[39m[90m 4 |[39m [36mimport[39m { [33mNavbar[39m } [36mfrom[39m [32m"@/components/Navbar"[39m[33m;[39m
 [90m   |[39m [31m[1m^[22m[39m[31m[1m^[22m[39m[31m[1m^[22m[39m[31m[1m^[22m[39m[31m[1m^[22m[39m[31m[1m^[22m[39m[31m[1m^[22m[39m[31m[1m^[22m[39m[31m[1m^[22m[39m[31m[1m^[22m[39m[31m[1m^[22m[39m[31m[1m^[22m[39m[31m[1m^[22m[39m[31m[1m^[22m[39m[31m[1m^[22m[39m[31m[1m^[22m[39m[31m[1m^[22m[39m[31m[1m^[22m[39m[31m[1m^[22m[39m[31m[1m^[22m[39m[31m[1m^[22m[39m[31m[1m^[22m[39m[31m[1m^[22m[39m[31m[1m^[22m[39m[31m[1m^[22m[39m[31m[1m^[22m[39m[31m[1m^[22m[39m[31m[1m^[22m[39m[31m[1m^[22m[39m[31m[1m^[22m[39m[31m[1m^[22m[39m[31m[1m^[22m[39m[31m[1m^[22m[39m[31m[1m^[22m[39m[31m[1m^[22m[39m[31m[1m^[22m[39m[31m[1m^[22m[39m[31m[1m^[22m[39m[31m[1m^[22m[39m[31m[1m^[22m[39m[31m[1m^[22m[39m[31m[1m^[22m[39m[31m[1m^[22m[39m[31m[1m^[22m[39m[31m[1m^[22m[39m
 [90m 5 |[39m [36mimport[39m { [33mHeroSection[39m } [36mfrom[39m [32m"@/sections/HeroSection"[39m[33m;[39m
 [90m 6 |[39m [36mimport[39m { [33mPricingSection[39m } [36mfrom[39m [32m"@/sections/PricingSection"[39m[33m;[39m
 [90m 7 |[39m [36mimport[39m { [33mResultsSection[39m } [36mfrom[39m [32m"@/sections/ResultsSection"[39m[33m;[39m[0m

Import map: aliased to relative './src/components/Navbar' inside of [project]/


Import traces:
  Client Component Browser:
    ./src/app/page.tsx [Client Component Browser]
    ./src/app/page.tsx [Server Component]

  Client Component SSR:
    ./src/app/page.tsx [Client Component SSR]
    ./src/app/page.tsx [Server Component]

https://nextjs.org/docs/messages/module-not-found


⨯ ./src/app/page.tsx:8:1
Module not found: Can't resolve '@/sections/ConfiguratorSection'
[0m [90m  6 |[39m [36mimport[39m { [33mPricingSection[39m } [36mfrom[39m [32m"@/sections/PricingSection"[39m[33m;[39m
 [90m  7 |[39m [36mimport[39m { [33mResultsSection[39m } [36mfrom[39m [32m"@/sections/ResultsSection"[39m[33m;[39m
[31m[1m>[22m[39m[90m  8 |[39m [36mimport[39m { [33mConfiguratorSection[39m } [36mfrom[39m [32m"@/sections/ConfiguratorSection"[39m[33m;[39m
 [90m    |[39m [31m[1m^[22m[39m[31m[1m^[22m[39m[31m[1m^[22m[39m[31m[1m^[22m[39m[31m[1m^[22m[39m[31m[1m^[22m[39m[31m[1m^[22m[39m[31m[1m^[22m[39m[31m[1m^[22m[39m[31m[1m^[22m[39m[31m[1m^[22m[39m[31m[1m^[22m[39m[31m[1m^[22m[39m[31m[1m^[22m[39m[31m[1m^[22m[39m[31m[1m^[22m[39m[31m[1m^[22m[39m[31m[1m^[22m[39m[31m[1m^[22m[39m[31m[1m^[22m[39m[31m[1m^[22m[39m[31m[1m^[22m[39m[31m[1m^[22m[39m[31m[1m^[22m[39m[31m[1m^[22m[39m[31m[1m^[22m[39m[31m[1m^[22m[39m[31m[1m^[22m[39m[31m[1m^[22m[39m[31m[1m^[22m[39m[31m[1m^[22m[39m[31m[1m^[22m[39m[31m[1m^[22m[39m[31m[1m^[22m[39m[31m[1m^[22m[39m[31m[1m^[22m[39m[31m[1m^[22m[39m[31m[1m^[22m[39m[31m[1m^[22m[39m[31m[1m^[22m[39m[31m[1m^[22m[39m[31m[1m^[22m[39m[31m[1m^[22m[39m[31m[1m^[22m[39m[31m[1m^[22m[39m[31m[1m^[22m[39m[31m[1m^[22m[39m[31m[1m^[22m[39m[31m[1m^[22m[39m[31m[1m^[22m[39m[31m[1m^[22m[39m[31m[1m^[22m[39m[31m[1m^[22m[39m[31m[1m^[22m[39m[31m[1m^[22m[39m[31m[1m^[22m[39m[31m[1m^[22m[39m[31m[1m^[22m[39m[31m[1m^[22m[39m[31m[1m^[22m[39m[31m[1m^[22m[39m[31m[1m^[22m[39m[31m[1m^[22m[39m[31m[1m^[22m[39m[31m[1m^[22m[39m[31m[1m^[22m[39m[31m[1m^[22m[39m[31m[1m^[22m[39m[31m[1m^[22m[39m
 [90m  9 |[39m [36mimport[39m { [33mTestimonialsSection[39m } [36mfrom[39m [32m"@/sections/TestimonialsSection"[39m[33m;[39m
 [90m 10 |[39m [36mimport[39m { [33mQuoteSection[39m } [36mfrom[39m [32m"@/sections/QuoteSection"[39m[33m;[39m
 [90m 11 |[39m [36mimport[39m { [33mFooter[39m } [36mfrom[39m [32m"@/components/Footer"[39m[33m;[39m[0m

Import map: aliased to relative './src/sections/ConfiguratorSection' inside of [project]/


Import traces:
  Client Component Browser:
    ./src/app/page.tsx [Client Component Browser]
    ./src/app/page.tsx [Server Component]

  Client Component SSR:
    ./src/app/page.tsx [Client Component SSR]
    ./src/app/page.tsx [Server Component]

https://nextjs.org/docs/messages/module-not-found


⨯ ./src/app/page.tsx:8:1
Module not found: Can't resolve '@/sections/ConfiguratorSection'
[0m [90m  6 |[39m [36mimport[39m { [33mPricingSection[39m } [36mfrom[39m [32m"@/sections/PricingSection"[39m[33m;[39m
 [90m  7 |[39m [36mimport[39m { [33mResultsSection[39m } [36mfrom[39m [32m"@/sections/ResultsSection"[39m[33m;[39m
[31m[1m>[22m[39m[90m  8 |[39m [36mimport[39m { [33mConfiguratorSection[39m } [36mfrom[39m [32m"@/sections/ConfiguratorSection"[39m[33m;[39m
 [90m    |[39m [31m[1m^[22m[39m[31m[1m^[22m[39m[31m[1m^[22m[39m[31m[1m^[22m[39m[31m[1m^[22m[39m[31m[1m^[22m[39m[31m[1m^[22m[39m[31m[1m^[22m[39m[31m[1m^[22m[39m[31m[1m^[22m[39m[31m[1m^[22m[39m[31m[1m^[22m[39m[31m[1m^[22m[39m[31m[1m^[22m[39m[31m[1m^[22m[39m[31m[1m^[22m[39m[31m[1m^[22m[39m[31m[1m^[22m[39m[31m[1m^[22m[39m[31m[1m^[22m[39m[31m[1m^[22m[39m[31m[1m^[22m[39m[31m[1m^[22m[39m[31m[1m^[22m[39m[31m[1m^[22m[39m[31m[1m^[22m[39m[31m[1m^[22m[39m[31m[1m^[22m[39m[31m[1m^[22m[39m[31m[1m^[22m[39m[31m[1m^[22m[39m[31m[1m^[22m[39m[31m[1m^[22m[39m[31m[1m^[22m[39m[31m[1m^[22m[39m[31m[1m^[22m[39m[31m[1m^[22m[39m[31m[1m^[22m[39m[31m[1m^[22m[39m[31m[1m^[22m[39m[31m[1m^[22m[39m[31m[1m^[22m[39m[31m[1m^[22m[39m[31m[1m^[22m[39m[31m[1m^[22m[39m[31m[1m^[22m[39m[31m[1m^[22m[39m[31m[1m^[22m[39m[31m[1m^[22m[39m[31m[1m^[22m[39m[31m[1m^[22m[39m[31m[1m^[22m[39m[31m[1m^[22m[39m[31m[1m^[22m[39m[31m[1m^[22m[39m[31m[1m^[22m[39m[31m[1m^[22m[39m[31m[1m^[22m[39m[31m[1m^[22m[39m[31m[1m^[22m[39m[31m[1m^[22m[39m[31m[1m^[22m[39m[31m[1m^[22m[39m[31m[1m^[22m[39m[31m[1m^[22m[39m[31m[1m^[22m[39m[31m[1m^[22m[39m[31m[1m^[22m[39m[31m[1m^[22m[39m
 [90m  9 |[39m [36mimport[39m { [33mTestimonialsSection[39m } [36mfrom[39m [32m"@/sections/TestimonialsSection"[39m[33m;[39m
 [90m 10 |[39m [36mimport[39m { [33mQuoteSection[39m } [36mfrom[39m [32m"@/sections/QuoteSection"[39m[33m;[39m
 [90m 11 |[39m [36mimport[39m { [33mFooter[39m } [36mfrom[39m [32m"@/components/Footer"[39m[33m;[39m[0m

Import map: aliased to relative './src/sections/ConfiguratorSection' inside of [project]/


Import traces:
  Client Component Browser:
    ./src/app/page.tsx [Client Component Browser]
    ./src/app/page.tsx [Server Component]

  Client Component SSR:
    ./src/app/page.tsx [Client Component SSR]
    ./src/app/page.tsx [Server Component]

https://nextjs.org/docs/messages/module-not-found


⨯ ./src/app/page.tsx:8:1
Module not found: Can't resolve '@/sections/ConfiguratorSection'
[0m [90m  6 |[39m [36mimport[39m { [33mPricingSection[39m } [36mfrom[39m [32m"@/sections/PricingSection"[39m[33m;[39m
 [90m  7 |[39m [36mimport[39m { [33mResultsSection[39m } [36mfrom[39m [32m"@/sections/ResultsSection"[39m[33m;[39m
[31m[1m>[22m[39m[90m  8 |[39m [36mimport[39m { [33mConfiguratorSection[39m } [36mfrom[39m [32m"@/sections/ConfiguratorSection"[39m[33m;[39m
 [90m    |[39m [31m[1m^[22m[39m[31m[1m^[22m[39m[31m[1m^[22m[39m[31m[1m^[22m[39m[31m[1m^[22m[39m[31m[1m^[22m[39m[31m[1m^[22m[39m[31m[1m^[22m[39m[31m[1m^[22m[39m[31m[1m^[22m[39m[31m[1m^[22m[39m[31m[1m^[22m[39m[31m[1m^[22m[39m[31m[1m^[22m[39m[31m[1m^[22m[39m[31m[1m^[22m[39m[31m[1m^[22m[39m[31m[1m^[22m[39m[31m[1m^[22m[39m[31m[1m^[22m[39m[31m[1m^[22m[39m[31m[1m^[22m[39m[31m[1m^[22m[39m[31m[1m^[22m[39m[31m[1m^[22m[39m[31m[1m^[22m[39m[31m[1m^[22m[39m[31m[1m^[22m[39m[31m[1m^[22m[39m[31m[1m^[22m[39m[31m[1m^[22m[39m[31m[1m^[22m[39m[31m[1m^[22m[39m[31m[1m^[22m[39m[31m[1m^[22m[39m[31m[1m^[22m[39m[31m[1m^[22m[39m[31m[1m^[22m[39m[31m[1m^[22m[39m[31m[1m^[22m[39m[31m[1m^[22m[39m[31m[1m^[22m[39m[31m[1m^[22m[39m[31m[1m^[22m[39m[31m[1m^[22m[39m[31m[1m^[22m[39m[31m[1m^[22m[39m[31m[1m^[22m[39m[31m[1m^[22m[39m[31m[1m^[22m[39m[31m[1m^[22m[39m[31m[1m^[22m[39m[31m[1m^[22m[39m[31m[1m^[22m[39m[31m[1m^[22m[39m[31m[1m^[22m[39m[31m[1m^[22m[39m[31m[1m^[22m[39m[31m[1m^[22m[39m[31m[1m^[22m[39m[31m[1m^[22m[39m[31m[1m^[22m[39m[31m[1m^[22m[39m[31m[1m^[22m[39m[31m[1m^[22m[39m[31m[1m^[22m[39m[31m[1m^[22m[39m[31m[1m^[22m[39m[31m[1m^[22m[39m
 [90m  9 |[39m [36mimport[39m { [33mTestimonialsSection[39m } [36mfrom[39m [32m"@/sections/TestimonialsSection"[39m[33m;[39m
 [90m 10 |[39m [36mimport[39m { [33mQuoteSection[39m } [36mfrom[39m [32m"@/sections/QuoteSection"[39m[33m;[39m
 [90m 11 |[39m [36mimport[39m { [33mFooter[39m } [36mfrom[39m [32m"@/components/Footer"[39m[33m;[39m[0m

Import map: aliased to relative './src/sections/ConfiguratorSection' inside of [project]/


Import traces:
  Client Component Browser:
    ./src/app/page.tsx [Client Component Browser]
    ./src/app/page.tsx [Server Component]

  Client Component SSR:
    ./src/app/page.tsx [Client Component SSR]
    ./src/app/page.tsx [Server Component]

https://nextjs.org/docs/messages/module-not-found


⨯ ./src/app/page.tsx:8:1
Module not found: Can't resolve '@/sections/ConfiguratorSection'
[0m [90m  6 |[39m [36mimport[39m { [33mPricingSection[39m } [36mfrom[39m [32m"@/sections/PricingSection"[39m[33m;[39m
 [90m  7 |[39m [36mimport[39m { [33mResultsSection[39m } [36mfrom[39m [32m"@/sections/ResultsSection"[39m[33m;[39m
[31m[1m>[22m[39m[90m  8 |[39m [36mimport[39m { [33mConfiguratorSection[39m } [36mfrom[39m [32m"@/sections/ConfiguratorSection"[39m[33m;[39m
 [90m    |[39m [31m[1m^[22m[39m[31m[1m^[22m[39m[31m[1m^[22m[39m[31m[1m^[22m[39m[31m[1m^[22m[39m[31m[1m^[22m[39m[31m[1m^[22m[39m[31m[1m^[22m[39m[31m[1m^[22m[39m[31m[1m^[22m[39m[31m[1m^[22m[39m[31m[1m^[22m[39m[31m[1m^[22m[39m[31m[1m^[22m[39m[31m[1m^[22m[39m[31m[1m^[22m[39m[31m[1m^[22m[39m[31m[1m^[22m[39m[31m[1m^[22m[39m[31m[1m^[22m[39m[31m[1m^[22m[39m[31m[1m^[22m[39m[31m[1m^[22m[39m[31m[1m^[22m[39m[31m[1m^[22m[39m[31m[1m^[22m[39m[31m[1m^[22m[39m[31m[1m^[22m[39m[31m[1m^[22m[39m[31m[1m^[22m[39m[31m[1m^[22m[39m[31m[1m^[22m[39m[31m[1m^[22m[39m[31m[1m^[22m[39m[31m[1m^[22m[39m[31m[1m^[22m[39m[31m[1m^[22m[39m[31m[1m^[22m[39m[31m[1m^[22m[39m[31m[1m^[22m[39m[31m[1m^[22m[39m[31m[1m^[22m[39m[31m[1m^[22m[39m[31m[1m^[22m[39m[31m[1m^[22m[39m[31m[1m^[22m[39m[31m[1m^[22m[39m[31m[1m^[22m[39m[31m[1m^[22m[39m[31m[1m^[22m[39m[31m[1m^[22m[39m[31m[1m^[22m[39m[31m[1m^[22m[39m[31m[1m^[22m[39m[31m[1m^[22m[39m[31m[1m^[22m[39m[31m[1m^[22m[39m[31m[1m^[22m[39m[31m[1m^[22m[39m[31m[1m^[22m[39m[31m[1m^[22m[39m[31m[1m^[22m[39m[31m[1m^[22m[39m[31m[1m^[22m[39m[31m[1m^[22m[39m[31m[1m^[22m[39m[31m[1m^[22m[39m[31m[1m^[22m[39m[31m[1m^[22m[39m
 [90m  9 |[39m [36mimport[39m { [33mTestimonialsSection[39m } [36mfrom[39m [32m"@/sections/TestimonialsSection"[39m[33m;[39m
 [90m 10 |[39m [36mimport[39m { [33mQuoteSection[39m } [36mfrom[39m [32m"@/sections/QuoteSection"[39m[33m;[39m
 [90m 11 |[39m [36mimport[39m { [33mFooter[39m } [36mfrom[39m [32m"@/components/Footer"[39m[33m;[39m[0m

Import map: aliased to relative './src/sections/ConfiguratorSection' inside of [project]/


Import traces:
  Client Component Browser:
    ./src/app/page.tsx [Client Component Browser]
    ./src/app/page.tsx [Server Component]

  Client Component SSR:
    ./src/app/page.tsx [Client Component SSR]
    ./src/app/page.tsx [Server Component]

https://nextjs.org/docs/messages/module-not-found


⨯ ./src/app/page.tsx:5:1
Module not found: Can't resolve '@/sections/HeroSection'
[0m [90m 3 |[39m [36mimport[39m { motion } [36mfrom[39m [32m"framer-motion"[39m[33m;[39m
 [90m 4 |[39m [36mimport[39m { [33mNavbar[39m } [36mfrom[39m [32m"@/components/Navbar"[39m[33m;[39m
[31m[1m>[22m[39m[90m 5 |[39m [36mimport[39m { [33mHeroSection[39m } [36mfrom[39m [32m"@/sections/HeroSection"[39m[33m;[39m
 [90m   |[39m [31m[1m^[22m[39m[31m[1m^[22m[39m[31m[1m^[22m[39m[31m[1m^[22m[39m[31m[1m^[22m[39m[31m[1m^[22m[39m[31m[1m^[22m[39m[31m[1m^[22m[39m[31m[1m^[22m[39m[31m[1m^[22m[39m[31m[1m^[22m[39m[31m[1m^[22m[39m[31m[1m^[22m[39m[31m[1m^[22m[39m[31m[1m^[22m[39m[31m[1m^[22m[39m[31m[1m^[22m[39m[31m[1m^[22m[39m[31m[1m^[22m[39m[31m[1m^[22m[39m[31m[1m^[22m[39m[31m[1m^[22m[39m[31m[1m^[22m[39m[31m[1m^[22m[39m[31m[1m^[22m[39m[31m[1m^[22m[39m[31m[1m^[22m[39m[31m[1m^[22m[39m[31m[1m^[22m[39m[31m[1m^[22m[39m[31m[1m^[22m[39m[31m[1m^[22m[39m[31m[1m^[22m[39m[31m[1m^[22m[39m[31m[1m^[22m[39m[31m[1m^[22m[39m[31m[1m^[22m[39m[31m[1m^[22m[39m[31m[1m^[22m[39m[31m[1m^[22m[39m[31m[1m^[22m[39m[31m[1m^[22m[39m[31m[1m^[22m[39m[31m[1m^[22m[39m[31m[1m^[22m[39m[31m[1m^[22m[39m[31m[1m^[22m[39m[31m[1m^[22m[39m[31m[1m^[22m[39m[31m[1m^[22m[39m[31m[1m^[22m[39m[31m[1m^[22m[39m[31m[1m^[22m[39m
 [90m 6 |[39m [36mimport[39m { [33mPricingSection[39m } [36mfrom[39m [32m"@/sections/PricingSection"[39m[33m;[39m
 [90m 7 |[39m [36mimport[39m { [33mResultsSection[39m } [36mfrom[39m [32m"@/sections/ResultsSection"[39m[33m;[39m
 [90m 8 |[39m [36mimport[39m { [33mConfiguratorSection[39m } [36mfrom[39m [32m"@/sections/ConfiguratorSection"[39m[33m;[39m[0m

Import map: aliased to relative './src/sections/HeroSection' inside of [project]/


Import traces:
  Client Component Browser:
    ./src/app/page.tsx [Client Component Browser]
    ./src/app/page.tsx [Server Component]

  Client Component SSR:
    ./src/app/page.tsx [Client Component SSR]
    ./src/app/page.tsx [Server Component]

https://nextjs.org/docs/messages/module-not-found


⨯ ./src/app/page.tsx:5:1
Module not found: Can't resolve '@/sections/HeroSection'
[0m [90m 3 |[39m [36mimport[39m { motion } [36mfrom[39m [32m"framer-motion"[39m[33m;[39m
 [90m 4 |[39m [36mimport[39m { [33mNavbar[39m } [36mfrom[39m [32m"@/components/Navbar"[39m[33m;[39m
[31m[1m>[22m[39m[90m 5 |[39m [36mimport[39m { [33mHeroSection[39m } [36mfrom[39m [32m"@/sections/HeroSection"[39m[33m;[39m
 [90m   |[39m [31m[1m^[22m[39m[31m[1m^[22m[39m[31m[1m^[22m[39m[31m[1m^[22m[39m[31m[1m^[22m[39m[31m[1m^[22m[39m[31m[1m^[22m[39m[31m[1m^[22m[39m[31m[1m^[22m[39m[31m[1m^[22m[39m[31m[1m^[22m[39m[31m[1m^[22m[39m[31m[1m^[22m[39m[31m[1m^[22m[39m[31m[1m^[22m[39m[31m[1m^[22m[39m[31m[1m^[22m[39m[31m[1m^[22m[39m[31m[1m^[22m[39m[31m[1m^[22m[39m[31m[1m^[22m[39m[31m[1m^[22m[39m[31m[1m^[22m[39m[31m[1m^[22m[39m[31m[1m^[22m[39m[31m[1m^[22m[39m[31m[1m^[22m[39m[31m[1m^[22m[39m[31m[1m^[22m[39m[31m[1m^[22m[39m[31m[1m^[22m[39m[31m[1m^[22m[39m[31m[1m^[22m[39m[31m[1m^[22m[39m[31m[1m^[22m[39m[31m[1m^[22m[39m[31m[1m^[22m[39m[31m[1m^[22m[39m[31m[1m^[22m[39m[31m[1m^[22m[39m[31m[1m^[22m[39m[31m[1m^[22m[39m[31m[1m^[22m[39m[31m[1m^[22m[39m[31m[1m^[22m[39m[31m[1m^[22m[39m[31m[1m^[22m[39m[31m[1m^[22m[39m[31m[1m^[22m[39m[31m[1m^[22m[39m[31m[1m^[22m[39m[31m[1m^[22m[39m[31m[1m^[22m[39m
 [90m 6 |[39m [36mimport[39m { [33mPricingSection[39m } [36mfrom[39m [32m"@/sections/PricingSection"[39m[33m;[39m
 [90m 7 |[39m [36mimport[39m { [33mResultsSection[39m } [36mfrom[39m [32m"@/sections/ResultsSection"[39m[33m;[39m
 [90m 8 |[39m [36mimport[39m { [33mConfiguratorSection[39m } [36mfrom[39m [32m"@/sections/ConfiguratorSection"[39m[33m;[39m[0m

Import map: aliased to relative './src/sections/HeroSection' inside of [project]/


Import traces:
  Client Component Browser:
    ./src/app/page.tsx [Client Component Browser]
    ./src/app/page.tsx [Server Component]

  Client Component SSR:
    ./src/app/page.tsx [Client Component SSR]
    ./src/app/page.tsx [Server Component]

https://nextjs.org/docs/messages/module-not-found


⨯ ./src/app/page.tsx:5:1
Module not found: Can't resolve '@/sections/HeroSection'
[0m [90m 3 |[39m [36mimport[39m { motion } [36mfrom[39m [32m"framer-motion"[39m[33m;[39m
 [90m 4 |[39m [36mimport[39m { [33mNavbar[39m } [36mfrom[39m [32m"@/components/Navbar"[39m[33m;[39m
[31m[1m>[22m[39m[90m 5 |[39m [36mimport[39m { [33mHeroSection[39m } [36mfrom[39m [32m"@/sections/HeroSection"[39m[33m;[39m
 [90m   |[39m [31m[1m^[22m[39m[31m[1m^[22m[39m[31m[1m^[22m[39m[31m[1m^[22m[39m[31m[1m^[22m[39m[31m[1m^[22m[39m[31m[1m^[22m[39m[31m[1m^[22m[39m[31m[1m^[22m[39m[31m[1m^[22m[39m[31m[1m^[22m[39m[31m[1m^[22m[39m[31m[1m^[22m[39m[31m[1m^[22m[39m[31m[1m^[22m[39m[31m[1m^[22m[39m[31m[1m^[22m[39m[31m[1m^[22m[39m[31m[1m^[22m[39m[31m[1m^[22m[39m[31m[1m^[22m[39m[31m[1m^[22m[39m[31m[1m^[22m[39m[31m[1m^[22m[39m[31m[1m^[22m[39m[31m[1m^[22m[39m[31m[1m^[22m[39m[31m[1m^[22m[39m[31m[1m^[22m[39m[31m[1m^[22m[39m[31m[1m^[22m[39m[31m[1m^[22m[39m[31m[1m^[22m[39m[31m[1m^[22m[39m[31m[1m^[22m[39m[31m[1m^[22m[39m[31m[1m^[22m[39m[31m[1m^[22m[39m[31m[1m^[22m[39m[31m[1m^[22m[39m[31m[1m^[22m[39m[31m[1m^[22m[39m[31m[1m^[22m[39m[31m[1m^[22m[39m[31m[1m^[22m[39m[31m[1m^[22m[39m[31m[1m^[22m[39m[31m[1m^[22m[39m[31m[1m^[22m[39m[31m[1m^[22m[39m[31m[1m^[22m[39m[31m[1m^[22m[39m[31m[1m^[22m[39m
 [90m 6 |[39m [36mimport[39m { [33mPricingSection[39m } [36mfrom[39m [32m"@/sections/PricingSection"[39m[33m;[39m
 [90m 7 |[39m [36mimport[39m { [33mResultsSection[39m } [36mfrom[39m [32m"@/sections/ResultsSection"[39m[33m;[39m
 [90m 8 |[39m [36mimport[39m { [33mConfiguratorSection[39m } [36mfrom[39m [32m"@/sections/ConfiguratorSection"[39m[33m;[39m[0m

Import map: aliased to relative './src/sections/HeroSection' inside of [project]/


Import traces:
  Client Component Browser:
    ./src/app/page.tsx [Client Component Browser]
    ./src/app/page.tsx [Server Component]

  Client Component SSR:
    ./src/app/page.tsx [Client Component SSR]
    ./src/app/page.tsx [Server Component]

https://nextjs.org/docs/messages/module-not-found


⨯ ./src/app/page.tsx:5:1
Module not found: Can't resolve '@/sections/HeroSection'
[0m [90m 3 |[39m [36mimport[39m { motion } [36mfrom[39m [32m"framer-motion"[39m[33m;[39m
 [90m 4 |[39m [36mimport[39m { [33mNavbar[39m } [36mfrom[39m [32m"@/components/Navbar"[39m[33m;[39m
[31m[1m>[22m[39m[90m 5 |[39m [36mimport[39m { [33mHeroSection[39m } [36mfrom[39m [32m"@/sections/HeroSection"[39m[33m;[39m
 [90m   |[39m [31m[1m^[22m[39m[31m[1m^[22m[39m[31m[1m^[22m[39m[31m[1m^[22m[39m[31m[1m^[22m[39m[31m[1m^[22m[39m[31m[1m^[22m[39m[31m[1m^[22m[39m[31m[1m^[22m[39m[31m[1m^[22m[39m[31m[1m^[22m[39m[31m[1m^[22m[39m[31m[1m^[22m[39m[31m[1m^[22m[39m[31m[1m^[22m[39m[31m[1m^[22m[39m[31m[1m^[22m[39m[31m[1m^[22m[39m[31m[1m^[22m[39m[31m[1m^[22m[39m[31m[1m^[22m[39m[31m[1m^[22m[39m[31m[1m^[22m[39m[31m[1m^[22m[39m[31m[1m^[22m[39m[31m[1m^[22m[39m[31m[1m^[22m[39m[31m[1m^[22m[39m[31m[1m^[22m[39m[31m[1m^[22m[39m[31m[1m^[22m[39m[31m[1m^[22m[39m[31m[1m^[22m[39m[31m[1m^[22m[39m[31m[1m^[22m[39m[31m[1m^[22m[39m[31m[1m^[22m[39m[31m[1m^[22m[39m[31m[1m^[22m[39m[31m[1m^[22m[39m[31m[1m^[22m[39m[31m[1m^[22m[39m[31m[1m^[22m[39m[31m[1m^[22m[39m[31m[1m^[22m[39m[31m[1m^[22m[39m[31m[1m^[22m[39m[31m[1m^[22m[39m[31m[1m^[22m[39m[31m[1m^[22m[39m[31m[1m^[22m[39m[31m[1m^[22m[39m[31m[1m^[22m[39m
 [90m 6 |[39m [36mimport[39m { [33mPricingSection[39m } [36mfrom[39m [32m"@/sections/PricingSection"[39m[33m;[39m
 [90m 7 |[39m [36mimport[39m { [33mResultsSection[39m } [36mfrom[39m [32m"@/sections/ResultsSection"[39m[33m;[39m
 [90m 8 |[39m [36mimport[39m { [33mConfiguratorSection[39m } [36mfrom[39m [32m"@/sections/ConfiguratorSection"[39m[33m;[39m[0m

Import map: aliased to relative './src/sections/HeroSection' inside of [project]/


Import traces:
  Client Component Browser:
    ./src/app/page.tsx [Client Component Browser]
    ./src/app/page.tsx [Server Component]

  Client Component SSR:
    ./src/app/page.tsx [Client Component SSR]
    ./src/app/page.tsx [Server Component]

https://nextjs.org/docs/messages/module-not-found


⨯ ./src/app/page.tsx:6:1
Module not found: Can't resolve '@/sections/PricingSection'
[0m [90m 4 |[39m [36mimport[39m { [33mNavbar[39m } [36mfrom[39m [32m"@/components/Navbar"[39m[33m;[39m
 [90m 5 |[39m [36mimport[39m { [33mHeroSection[39m } [36mfrom[39m [32m"@/sections/HeroSection"[39m[33m;[39m
[31m[1m>[22m[39m[90m 6 |[39m [36mimport[39m { [33mPricingSection[39m } [36mfrom[39m [32m"@/sections/PricingSection"[39m[33m;[39m
 [90m   |[39m [31m[1m^[22m[39m[31m[1m^[22m[39m[31m[1m^[22m[39m[31m[1m^[22m[39m[31m[1m^[22m[39m[31m[1m^[22m[39m[31m[1m^[22m[39m[31m[1m^[22m[39m[31m[1m^[22m[39m[31m[1m^[22m[39m[31m[1m^[22m[39m[31m[1m^[22m[39m[31m[1m^[22m[39m[31m[1m^[22m[39m[31m[1m^[22m[39m[31m[1m^[22m[39m[31m[1m^[22m[39m[31m[1m^[22m[39m[31m[1m^[22m[39m[31m[1m^[22m[39m[31m[1m^[22m[39m[31m[1m^[22m[39m[31m[1m^[22m[39m[31m[1m^[22m[39m[31m[1m^[22m[39m[31m[1m^[22m[39m[31m[1m^[22m[39m[31m[1m^[22m[39m[31m[1m^[22m[39m[31m[1m^[22m[39m[31m[1m^[22m[39m[31m[1m^[22m[39m[31m[1m^[22m[39m[31m[1m^[22m[39m[31m[1m^[22m[39m[31m[1m^[22m[39m[31m[1m^[22m[39m[31m[1m^[22m[39m[31m[1m^[22m[39m[31m[1m^[22m[39m[31m[1m^[22m[39m[31m[1m^[22m[39m[31m[1m^[22m[39m[31m[1m^[22m[39m[31m[1m^[22m[39m[31m[1m^[22m[39m[31m[1m^[22m[39m[31m[1m^[22m[39m[31m[1m^[22m[39m[31m[1m^[22m[39m[31m[1m^[22m[39m[31m[1m^[22m[39m[31m[1m^[22m[39m[31m[1m^[22m[39m[31m[1m^[22m[39m[31m[1m^[22m[39m[31m[1m^[22m[39m[31m[1m^[22m[39m[31m[1m^[22m[39m
 [90m 7 |[39m [36mimport[39m { [33mResultsSection[39m } [36mfrom[39m [32m"@/sections/ResultsSection"[39m[33m;[39m
 [90m 8 |[39m [36mimport[39m { [33mConfiguratorSection[39m } [36mfrom[39m [32m"@/sections/ConfiguratorSection"[39m[33m;[39m
 [90m 9 |[39m [36mimport[39m { [33mTestimonialsSection[39m } [36mfrom[39m [32m"@/sections/TestimonialsSection"[39m[33m;[39m[0m

Import map: aliased to relative './src/sections/PricingSection' inside of [project]/


Import traces:
  Client Component Browser:
    ./src/app/page.tsx [Client Component Browser]
    ./src/app/page.tsx [Server Component]

  Client Component SSR:
    ./src/app/page.tsx [Client Component SSR]
    ./src/app/page.tsx [Server Component]

https://nextjs.org/docs/messages/module-not-found


⨯ ./src/app/page.tsx:6:1
Module not found: Can't resolve '@/sections/PricingSection'
[0m [90m 4 |[39m [36mimport[39m { [33mNavbar[39m } [36mfrom[39m [32m"@/components/Navbar"[39m[33m;[39m
 [90m 5 |[39m [36mimport[39m { [33mHeroSection[39m } [36mfrom[39m [32m"@/sections/HeroSection"[39m[33m;[39m
[31m[1m>[22m[39m[90m 6 |[39m [36mimport[39m { [33mPricingSection[39m } [36mfrom[39m [32m"@/sections/PricingSection"[39m[33m;[39m
 [90m   |[39m [31m[1m^[22m[39m[31m[1m^[22m[39m[31m[1m^[22m[39m[31m[1m^[22m[39m[31m[1m^[22m[39m[31m[1m^[22m[39m[31m[1m^[22m[39m[31m[1m^[22m[39m[31m[1m^[22m[39m[31m[1m^[22m[39m[31m[1m^[22m[39m[31m[1m^[22m[39m[31m[1m^[22m[39m[31m[1m^[22m[39m[31m[1m^[22m[39m[31m[1m^[22m[39m[31m[1m^[22m[39m[31m[1m^[22m[39m[31m[1m^[22m[39m[31m[1m^[22m[39m[31m[1m^[22m[39m[31m[1m^[22m[39m[31m[1m^[22m[39m[31m[1m^[22m[39m[31m[1m^[22m[39m[31m[1m^[22m[39m[31m[1m^[22m[39m[31m[1m^[22m[39m[31m[1m^[22m[39m[31m[1m^[22m[39m[31m[1m^[22m[39m[31m[1m^[22m[39m[31m[1m^[22m[39m[31m[1m^[22m[39m[31m[1m^[22m[39m[31m[1m^[22m[39m[31m[1m^[22m[39m[31m[1m^[22m[39m[31m[1m^[22m[39m[31m[1m^[22m[39m[31m[1m^[22m[39m[31m[1m^[22m[39m[31m[1m^[22m[39m[31m[1m^[22m[39m[31m[1m^[22m[39m[31m[1m^[22m[39m[31m[1m^[22m[39m[31m[1m^[22m[39m[31m[1m^[22m[39m[31m[1m^[22m[39m[31m[1m^[22m[39m[31m[1m^[22m[39m[31m[1m^[22m[39m[31m[1m^[22m[39m[31m[1m^[22m[39m[31m[1m^[22m[39m[31m[1m^[22m[39m[31m[1m^[22m[39m[31m[1m^[22m[39m
 [90m 7 |[39m [36mimport[39m { [33mResultsSection[39m } [36mfrom[39m [32m"@/sections/ResultsSection"[39m[33m;[39m
 [90m 8 |[39m [36mimport[39m { [33mConfiguratorSection[39m } [36mfrom[39m [32m"@/sections/ConfiguratorSection"[39m[33m;[39m
 [90m 9 |[39m [36mimport[39m { [33mTestimonialsSection[39m } [36mfrom[39m [32m"@/sections/TestimonialsSection"[39m[33m;[39m[0m

Import map: aliased to relative './src/sections/PricingSection' inside of [project]/


Import traces:
  Client Component Browser:
    ./src/app/page.tsx [Client Component Browser]
    ./src/app/page.tsx [Server Component]

  Client Component SSR:
    ./src/app/page.tsx [Client Component SSR]
    ./src/app/page.tsx [Server Component]

https://nextjs.org/docs/messages/module-not-found


⨯ ./src/app/page.tsx:6:1
Module not found: Can't resolve '@/sections/PricingSection'
[0m [90m 4 |[39m [36mimport[39m { [33mNavbar[39m } [36mfrom[39m [32m"@/components/Navbar"[39m[33m;[39m
 [90m 5 |[39m [36mimport[39m { [33mHeroSection[39m } [36mfrom[39m [32m"@/sections/HeroSection"[39m[33m;[39m
[31m[1m>[22m[39m[90m 6 |[39m [36mimport[39m { [33mPricingSection[39m } [36mfrom[39m [32m"@/sections/PricingSection"[39m[33m;[39m
 [90m   |[39m [31m[1m^[22m[39m[31m[1m^[22m[39m[31m[1m^[22m[39m[31m[1m^[22m[39m[31m[1m^[22m[39m[31m[1m^[22m[39m[31m[1m^[22m[39m[31m[1m^[22m[39m[31m[1m^[22m[39m[31m[1m^[22m[39m[31m[1m^[22m[39m[31m[1m^[22m[39m[31m[1m^[22m[39m[31m[1m^[22m[39m[31m[1m^[22m[39m[31m[1m^[22m[39m[31m[1m^[22m[39m[31m[1m^[22m[39m[31m[1m^[22m[39m[31m[1m^[22m[39m[31m[1m^[22m[39m[31m[1m^[22m[39m[31m[1m^[22m[39m[31m[1m^[22m[39m[31m[1m^[22m[39m[31m[1m^[22m[39m[31m[1m^[22m[39m[31m[1m^[22m[39m[31m[1m^[22m[39m[31m[1m^[22m[39m[31m[1m^[22m[39m[31m[1m^[22m[39m[31m[1m^[22m[39m[31m[1m^[22m[39m[31m[1m^[22m[39m[31m[1m^[22m[39m[31m[1m^[22m[39m[31m[1m^[22m[39m[31m[1m^[22m[39m[31m[1m^[22m[39m[31m[1m^[22m[39m[31m[1m^[22m[39m[31m[1m^[22m[39m[31m[1m^[22m[39m[31m[1m^[22m[39m[31m[1m^[22m[39m[31m[1m^[22m[39m[31m[1m^[22m[39m[31m[1m^[22m[39m[31m[1m^[22m[39m[31m[1m^[22m[39m[31m[1m^[22m[39m[31m[1m^[22m[39m[31m[1m^[22m[39m[31m[1m^[22m[39m[31m[1m^[22m[39m[31m[1m^[22m[39m[31m[1m^[22m[39m[31m[1m^[22m[39m
 [90m 7 |[39m [36mimport[39m { [33mResultsSection[39m } [36mfrom[39m [32m"@/sections/ResultsSection"[39m[33m;[39m
 [90m 8 |[39m [36mimport[39m { [33mConfiguratorSection[39m } [36mfrom[39m [32m"@/sections/ConfiguratorSection"[39m[33m;[39m
 [90m 9 |[39m [36mimport[39m { [33mTestimonialsSection[39m } [36mfrom[39m [32m"@/sections/TestimonialsSection"[39m[33m;[39m[0m

Import map: aliased to relative './src/sections/PricingSection' inside of [project]/


Import traces:
  Client Component Browser:
    ./src/app/page.tsx [Client Component Browser]
    ./src/app/page.tsx [Server Component]

  Client Component SSR:
    ./src/app/page.tsx [Client Component SSR]
    ./src/app/page.tsx [Server Component]

https://nextjs.org/docs/messages/module-not-found


⨯ ./src/app/page.tsx:6:1
Module not found: Can't resolve '@/sections/PricingSection'
[0m [90m 4 |[39m [36mimport[39m { [33mNavbar[39m } [36mfrom[39m [32m"@/components/Navbar"[39m[33m;[39m
 [90m 5 |[39m [36mimport[39m { [33mHeroSection[39m } [36mfrom[39m [32m"@/sections/HeroSection"[39m[33m;[39m
[31m[1m>[22m[39m[90m 6 |[39m [36mimport[39m { [33mPricingSection[39m } [36mfrom[39m [32m"@/sections/PricingSection"[39m[33m;[39m
 [90m   |[39m [31m[1m^[22m[39m[31m[1m^[22m[39m[31m[1m^[22m[39m[31m[1m^[22m[39m[31m[1m^[22m[39m[31m[1m^[22m[39m[31m[1m^[22m[39m[31m[1m^[22m[39m[31m[1m^[22m[39m[31m[1m^[22m[39m[31m[1m^[22m[39m[31m[1m^[22m[39m[31m[1m^[22m[39m[31m[1m^[22m[39m[31m[1m^[22m[39m[31m[1m^[22m[39m[31m[1m^[22m[39m[31m[1m^[22m[39m[31m[1m^[22m[39m[31m[1m^[22m[39m[31m[1m^[22m[39m[31m[1m^[22m[39m[31m[1m^[22m[39m[31m[1m^[22m[39m[31m[1m^[22m[39m[31m[1m^[22m[39m[31m[1m^[22m[39m[31m[1m^[22m[39m[31m[1m^[22m[39m[31m[1m^[22m[39m[31m[1m^[22m[39m[31m[1m^[22m[39m[31m[1m^[22m[39m[31m[1m^[22m[39m[31m[1m^[22m[39m[31m[1m^[22m[39m[31m[1m^[22m[39m[31m[1m^[22m[39m[31m[1m^[22m[39m[31m[1m^[22m[39m[31m[1m^[22m[39m[31m[1m^[22m[39m[31m[1m^[22m[39m[31m[1m^[22m[39m[31m[1m^[22m[39m[31m[1m^[22m[39m[31m[1m^[22m[39m[31m[1m^[22m[39m[31m[1m^[22m[39m[31m[1m^[22m[39m[31m[1m^[22m[39m[31m[1m^[22m[39m[31m[1m^[22m[39m[31m[1m^[22m[39m[31m[1m^[22m[39m[31m[1m^[22m[39m[31m[1m^[22m[39m[31m[1m^[22m[39m[31m[1m^[22m[39m
 [90m 7 |[39m [36mimport[39m { [33mResultsSection[39m } [36mfrom[39m [32m"@/sections/ResultsSection"[39m[33m;[39m
 [90m 8 |[39m [36mimport[39m { [33mConfiguratorSection[39m } [36mfrom[39m [32m"@/sections/ConfiguratorSection"[39m[33m;[39m
 [90m 9 |[39m [36mimport[39m { [33mTestimonialsSection[39m } [36mfrom[39m [32m"@/sections/TestimonialsSection"[39m[33m;[39m[0m

Import map: aliased to relative './src/sections/PricingSection' inside of [project]/


Import traces:
  Client Component Browser:
    ./src/app/page.tsx [Client Component Browser]
    ./src/app/page.tsx [Server Component]

  Client Component SSR:
    ./src/app/page.tsx [Client Component SSR]
    ./src/app/page.tsx [Server Component]

https://nextjs.org/docs/messages/module-not-found


⨯ ./src/app/page.tsx:10:1
Module not found: Can't resolve '@/sections/QuoteSection'
[0m [90m  8 |[39m [36mimport[39m { [33mConfiguratorSection[39m } [36mfrom[39m [32m"@/sections/ConfiguratorSection"[39m[33m;[39m
 [90m  9 |[39m [36mimport[39m { [33mTestimonialsSection[39m } [36mfrom[39m [32m"@/sections/TestimonialsSection"[39m[33m;[39m
[31m[1m>[22m[39m[90m 10 |[39m [36mimport[39m { [33mQuoteSection[39m } [36mfrom[39m [32m"@/sections/QuoteSection"[39m[33m;[39m
 [90m    |[39m [31m[1m^[22m[39m[31m[1m^[22m[39m[31m[1m^[22m[39m[31m[1m^[22m[39m[31m[1m^[22m[39m[31m[1m^[22m[39m[31m[1m^[22m[39m[31m[1m^[22m[39m[31m[1m^[22m[39m[31m[1m^[22m[39m[31m[1m^[22m[39m[31m[1m^[22m[39m[31m[1m^[22m[39m[31m[1m^[22m[39m[31m[1m^[22m[39m[31m[1m^[22m[39m[31m[1m^[22m[39m[31m[1m^[22m[39m[31m[1m^[22m[39m[31m[1m^[22m[39m[31m[1m^[22m[39m[31m[1m^[22m[39m[31m[1m^[22m[39m[31m[1m^[22m[39m[31m[1m^[22m[39m[31m[1m^[22m[39m[31m[1m^[22m[39m[31m[1m^[22m[39m[31m[1m^[22m[39m[31m[1m^[22m[39m[31m[1m^[22m[39m[31m[1m^[22m[39m[31m[1m^[22m[39m[31m[1m^[22m[39m[31m[1m^[22m[39m[31m[1m^[22m[39m[31m[1m^[22m[39m[31m[1m^[22m[39m[31m[1m^[22m[39m[31m[1m^[22m[39m[31m[1m^[22m[39m[31m[1m^[22m[39m[31m[1m^[22m[39m[31m[1m^[22m[39m[31m[1m^[22m[39m[31m[1m^[22m[39m[31m[1m^[22m[39m[31m[1m^[22m[39m[31m[1m^[22m[39m[31m[1m^[22m[39m[31m[1m^[22m[39m[31m[1m^[22m[39m[31m[1m^[22m[39m[31m[1m^[22m[39m[31m[1m^[22m[39m
 [90m 11 |[39m [36mimport[39m { [33mFooter[39m } [36mfrom[39m [32m"@/components/Footer"[39m[33m;[39m
 [90m 12 |[39m
 [90m 13 |[39m [36mconst[39m [33mFADE_UP_ANIMATION_VARIANTS[39m [33m=[39m {[0m

Import map: aliased to relative './src/sections/QuoteSection' inside of [project]/


Import traces:
  Client Component Browser:
    ./src/app/page.tsx [Client Component Browser]
    ./src/app/page.tsx [Server Component]

  Client Component SSR:
    ./src/app/page.tsx [Client Component SSR]
    ./src/app/page.tsx [Server Component]

https://nextjs.org/docs/messages/module-not-found


⨯ ./src/app/page.tsx:10:1
Module not found: Can't resolve '@/sections/QuoteSection'
[0m [90m  8 |[39m [36mimport[39m { [33mConfiguratorSection[39m } [36mfrom[39m [32m"@/sections/ConfiguratorSection"[39m[33m;[39m
 [90m  9 |[39m [36mimport[39m { [33mTestimonialsSection[39m } [36mfrom[39m [32m"@/sections/TestimonialsSection"[39m[33m;[39m
[31m[1m>[22m[39m[90m 10 |[39m [36mimport[39m { [33mQuoteSection[39m } [36mfrom[39m [32m"@/sections/QuoteSection"[39m[33m;[39m
 [90m    |[39m [31m[1m^[22m[39m[31m[1m^[22m[39m[31m[1m^[22m[39m[31m[1m^[22m[39m[31m[1m^[22m[39m[31m[1m^[22m[39m[31m[1m^[22m[39m[31m[1m^[22m[39m[31m[1m^[22m[39m[31m[1m^[22m[39m[31m[1m^[22m[39m[31m[1m^[22m[39m[31m[1m^[22m[39m[31m[1m^[22m[39m[31m[1m^[22m[39m[31m[1m^[22m[39m[31m[1m^[22m[39m[31m[1m^[22m[39m[31m[1m^[22m[39m[31m[1m^[22m[39m[31m[1m^[22m[39m[31m[1m^[22m[39m[31m[1m^[22m[39m[31m[1m^[22m[39m[31m[1m^[22m[39m[31m[1m^[22m[39m[31m[1m^[22m[39m[31m[1m^[22m[39m[31m[1m^[22m[39m[31m[1m^[22m[39m[31m[1m^[22m[39m[31m[1m^[22m[39m[31m[1m^[22m[39m[31m[1m^[22m[39m[31m[1m^[22m[39m[31m[1m^[22m[39m[31m[1m^[22m[39m[31m[1m^[22m[39m[31m[1m^[22m[39m[31m[1m^[22m[39m[31m[1m^[22m[39m[31m[1m^[22m[39m[31m[1m^[22m[39m[31m[1m^[22m[39m[31m[1m^[22m[39m[31m[1m^[22m[39m[31m[1m^[22m[39m[31m[1m^[22m[39m[31m[1m^[22m[39m[31m[1m^[22m[39m[31m[1m^[22m[39m[31m[1m^[22m[39m[31m[1m^[22m[39m[31m[1m^[22m[39m[31m[1m^[22m[39m
 [90m 11 |[39m [36mimport[39m { [33mFooter[39m } [36mfrom[39m [32m"@/components/Footer"[39m[33m;[39m
 [90m 12 |[39m
 [90m 13 |[39m [36mconst[39m [33mFADE_UP_ANIMATION_VARIANTS[39m [33m=[39m {[0m

Import map: aliased to relative './src/sections/QuoteSection' inside of [project]/


Import traces:
  Client Component Browser:
    ./src/app/page.tsx [Client Component Browser]
    ./src/app/page.tsx [Server Component]

  Client Component SSR:
    ./src/app/page.tsx [Client Component SSR]
    ./src/app/page.tsx [Server Component]

https://nextjs.org/docs/messages/module-not-found


⨯ ./src/app/page.tsx:10:1
Module not found: Can't resolve '@/sections/QuoteSection'
[0m [90m  8 |[39m [36mimport[39m { [33mConfiguratorSection[39m } [36mfrom[39m [32m"@/sections/ConfiguratorSection"[39m[33m;[39m
 [90m  9 |[39m [36mimport[39m { [33mTestimonialsSection[39m } [36mfrom[39m [32m"@/sections/TestimonialsSection"[39m[33m;[39m
[31m[1m>[22m[39m[90m 10 |[39m [36mimport[39m { [33mQuoteSection[39m } [36mfrom[39m [32m"@/sections/QuoteSection"[39m[33m;[39m
 [90m    |[39m [31m[1m^[22m[39m[31m[1m^[22m[39m[31m[1m^[22m[39m[31m[1m^[22m[39m[31m[1m^[22m[39m[31m[1m^[22m[39m[31m[1m^[22m[39m[31m[1m^[22m[39m[31m[1m^[22m[39m[31m[1m^[22m[39m[31m[1m^[22m[39m[31m[1m^[22m[39m[31m[1m^[22m[39m[31m[1m^[22m[39m[31m[1m^[22m[39m[31m[1m^[22m[39m[31m[1m^[22m[39m[31m[1m^[22m[39m[31m[1m^[22m[39m[31m[1m^[22m[39m[31m[1m^[22m[39m[31m[1m^[22m[39m[31m[1m^[22m[39m[31m[1m^[22m[39m[31m[1m^[22m[39m[31m[1m^[22m[39m[31m[1m^[22m[39m[31m[1m^[22m[39m[31m[1m^[22m[39m[31m[1m^[22m[39m[31m[1m^[22m[39m[31m[1m^[22m[39m[31m[1m^[22m[39m[31m[1m^[22m[39m[31m[1m^[22m[39m[31m[1m^[22m[39m[31m[1m^[22m[39m[31m[1m^[22m[39m[31m[1m^[22m[39m[31m[1m^[22m[39m[31m[1m^[22m[39m[31m[1m^[22m[39m[31m[1m^[22m[39m[31m[1m^[22m[39m[31m[1m^[22m[39m[31m[1m^[22m[39m[31m[1m^[22m[39m[31m[1m^[22m[39m[31m[1m^[22m[39m[31m[1m^[22m[39m[31m[1m^[22m[39m[31m[1m^[22m[39m[31m[1m^[22m[39m[31m[1m^[22m[39m[31m[1m^[22m[39m
 [90m 11 |[39m [36mimport[39m { [33mFooter[39m } [36mfrom[39m [32m"@/components/Footer"[39m[33m;[39m
 [90m 12 |[39m
 [90m 13 |[39m [36mconst[39m [33mFADE_UP_ANIMATION_VARIANTS[39m [33m=[39m {[0m

Import map: aliased to relative './src/sections/QuoteSection' inside of [project]/


Import traces:
  Client Component Browser:
    ./src/app/page.tsx [Client Component Browser]
    ./src/app/page.tsx [Server Component]

  Client Component SSR:
    ./src/app/page.tsx [Client Component SSR]
    ./src/app/page.tsx [Server Component]

https://nextjs.org/docs/messages/module-not-found


⨯ ./src/app/page.tsx:10:1
Module not found: Can't resolve '@/sections/QuoteSection'
[0m [90m  8 |[39m [36mimport[39m { [33mConfiguratorSection[39m } [36mfrom[39m [32m"@/sections/ConfiguratorSection"[39m[33m;[39m
 [90m  9 |[39m [36mimport[39m { [33mTestimonialsSection[39m } [36mfrom[39m [32m"@/sections/TestimonialsSection"[39m[33m;[39m
[31m[1m>[22m[39m[90m 10 |[39m [36mimport[39m { [33mQuoteSection[39m } [36mfrom[39m [32m"@/sections/QuoteSection"[39m[33m;[39m
 [90m    |[39m [31m[1m^[22m[39m[31m[1m^[22m[39m[31m[1m^[22m[39m[31m[1m^[22m[39m[31m[1m^[22m[39m[31m[1m^[22m[39m[31m[1m^[22m[39m[31m[1m^[22m[39m[31m[1m^[22m[39m[31m[1m^[22m[39m[31m[1m^[22m[39m[31m[1m^[22m[39m[31m[1m^[22m[39m[31m[1m^[22m[39m[31m[1m^[22m[39m[31m[1m^[22m[39m[31m[1m^[22m[39m[31m[1m^[22m[39m[31m[1m^[22m[39m[31m[1m^[22m[39m[31m[1m^[22m[39m[31m[1m^[22m[39m[31m[1m^[22m[39m[31m[1m^[22m[39m[31m[1m^[22m[39m[31m[1m^[22m[39m[31m[1m^[22m[39m[31m[1m^[22m[39m[31m[1m^[22m[39m[31m[1m^[22m[39m[31m[1m^[22m[39m[31m[1m^[22m[39m[31m[1m^[22m[39m[31m[1m^[22m[39m[31m[1m^[22m[39m[31m[1m^[22m[39m[31m[1m^[22m[39m[31m[1m^[22m[39m[31m[1m^[22m[39m[31m[1m^[22m[39m[31m[1m^[22m[39m[31m[1m^[22m[39m[31m[1m^[22m[39m[31m[1m^[22m[39m[31m[1m^[22m[39m[31m[1m^[22m[39m[31m[1m^[22m[39m[31m[1m^[22m[39m[31m[1m^[22m[39m[31m[1m^[22m[39m[31m[1m^[22m[39m[31m[1m^[22m[39m[31m[1m^[22m[39m[31m[1m^[22m[39m[31m[1m^[22m[39m
 [90m 11 |[39m [36mimport[39m { [33mFooter[39m } [36mfrom[39m [32m"@/components/Footer"[39m[33m;[39m
 [90m 12 |[39m
 [90m 13 |[39m [36mconst[39m [33mFADE_UP_ANIMATION_VARIANTS[39m [33m=[39m {[0m

Import map: aliased to relative './src/sections/QuoteSection' inside of [project]/


Import traces:
  Client Component Browser:
    ./src/app/page.tsx [Client Component Browser]
    ./src/app/page.tsx [Server Component]

  Client Component SSR:
    ./src/app/page.tsx [Client Component SSR]
    ./src/app/page.tsx [Server Component]

https://nextjs.org/docs/messages/module-not-found


⨯ ./src/app/page.tsx:7:1
Module not found: Can't resolve '@/sections/ResultsSection'
[0m [90m  5 |[39m [36mimport[39m { [33mHeroSection[39m } [36mfrom[39m [32m"@/sections/HeroSection"[39m[33m;[39m
 [90m  6 |[39m [36mimport[39m { [33mPricingSection[39m } [36mfrom[39m [32m"@/sections/PricingSection"[39m[33m;[39m
[31m[1m>[22m[39m[90m  7 |[39m [36mimport[39m { [33mResultsSection[39m } [36mfrom[39m [32m"@/sections/ResultsSection"[39m[33m;[39m
 [90m    |[39m [31m[1m^[22m[39m[31m[1m^[22m[39m[31m[1m^[22m[39m[31m[1m^[22m[39m[31m[1m^[22m[39m[31m[1m^[22m[39m[31m[1m^[22m[39m[31m[1m^[22m[39m[31m[1m^[22m[39m[31m[1m^[22m[39m[31m[1m^[22m[39m[31m[1m^[22m[39m[31m[1m^[22m[39m[31m[1m^[22m[39m[31m[1m^[22m[39m[31m[1m^[22m[39m[31m[1m^[22m[39m[31m[1m^[22m[39m[31m[1m^[22m[39m[31m[1m^[22m[39m[31m[1m^[22m[39m[31m[1m^[22m[39m[31m[1m^[22m[39m[31m[1m^[22m[39m[31m[1m^[22m[39m[31m[1m^[22m[39m[31m[1m^[22m[39m[31m[1m^[22m[39m[31m[1m^[22m[39m[31m[1m^[22m[39m[31m[1m^[22m[39m[31m[1m^[22m[39m[31m[1m^[22m[39m[31m[1m^[22m[39m[31m[1m^[22m[39m[31m[1m^[22m[39m[31m[1m^[22m[39m[31m[1m^[22m[39m[31m[1m^[22m[39m[31m[1m^[22m[39m[31m[1m^[22m[39m[31m[1m^[22m[39m[31m[1m^[22m[39m[31m[1m^[22m[39m[31m[1m^[22m[39m[31m[1m^[22m[39m[31m[1m^[22m[39m[31m[1m^[22m[39m[31m[1m^[22m[39m[31m[1m^[22m[39m[31m[1m^[22m[39m[31m[1m^[22m[39m[31m[1m^[22m[39m[31m[1m^[22m[39m[31m[1m^[22m[39m[31m[1m^[22m[39m[31m[1m^[22m[39m[31m[1m^[22m[39m[31m[1m^[22m[39m
 [90m  8 |[39m [36mimport[39m { [33mConfiguratorSection[39m } [36mfrom[39m [32m"@/sections/ConfiguratorSection"[39m[33m;[39m
 [90m  9 |[39m [36mimport[39m { [33mTestimonialsSection[39m } [36mfrom[39m [32m"@/sections/TestimonialsSection"[39m[33m;[39m
 [90m 10 |[39m [36mimport[39m { [33mQuoteSection[39m } [36mfrom[39m [32m"@/sections/QuoteSection"[39m[33m;[39m[0m

Import map: aliased to relative './src/sections/ResultsSection' inside of [project]/


Import traces:
  Client Component Browser:
    ./src/app/page.tsx [Client Component Browser]
    ./src/app/page.tsx [Server Component]

  Client Component SSR:
    ./src/app/page.tsx [Client Component SSR]
    ./src/app/page.tsx [Server Component]

https://nextjs.org/docs/messages/module-not-found


⨯ ./src/app/page.tsx:7:1
Module not found: Can't resolve '@/sections/ResultsSection'
[0m [90m  5 |[39m [36mimport[39m { [33mHeroSection[39m } [36mfrom[39m [32m"@/sections/HeroSection"[39m[33m;[39m
 [90m  6 |[39m [36mimport[39m { [33mPricingSection[39m } [36mfrom[39m [32m"@/sections/PricingSection"[39m[33m;[39m
[31m[1m>[22m[39m[90m  7 |[39m [36mimport[39m { [33mResultsSection[39m } [36mfrom[39m [32m"@/sections/ResultsSection"[39m[33m;[39m
 [90m    |[39m [31m[1m^[22m[39m[31m[1m^[22m[39m[31m[1m^[22m[39m[31m[1m^[22m[39m[31m[1m^[22m[39m[31m[1m^[22m[39m[31m[1m^[22m[39m[31m[1m^[22m[39m[31m[1m^[22m[39m[31m[1m^[22m[39m[31m[1m^[22m[39m[31m[1m^[22m[39m[31m[1m^[22m[39m[31m[1m^[22m[39m[31m[1m^[22m[39m[31m[1m^[22m[39m[31m[1m^[22m[39m[31m[1m^[22m[39m[31m[1m^[22m[39m[31m[1m^[22m[39m[31m[1m^[22m[39m[31m[1m^[22m[39m[31m[1m^[22m[39m[31m[1m^[22m[39m[31m[1m^[22m[39m[31m[1m^[22m[39m[31m[1m^[22m[39m[31m[1m^[22m[39m[31m[1m^[22m[39m[31m[1m^[22m[39m[31m[1m^[22m[39m[31m[1m^[22m[39m[31m[1m^[22m[39m[31m[1m^[22m[39m[31m[1m^[22m[39m[31m[1m^[22m[39m[31m[1m^[22m[39m[31m[1m^[22m[39m[31m[1m^[22m[39m[31m[1m^[22m[39m[31m[1m^[22m[39m[31m[1m^[22m[39m[31m[1m^[22m[39m[31m[1m^[22m[39m[31m[1m^[22m[39m[31m[1m^[22m[39m[31m[1m^[22m[39m[31m[1m^[22m[39m[31m[1m^[22m[39m[31m[1m^[22m[39m[31m[1m^[22m[39m[31m[1m^[22m[39m[31m[1m^[22m[39m[31m[1m^[22m[39m[31m[1m^[22m[39m[31m[1m^[22m[39m[31m[1m^[22m[39m[31m[1m^[22m[39m[31m[1m^[22m[39m
 [90m  8 |[39m [36mimport[39m { [33mConfiguratorSection[39m } [36mfrom[39m [32m"@/sections/ConfiguratorSection"[39m[33m;[39m
 [90m  9 |[39m [36mimport[39m { [33mTestimonialsSection[39m } [36mfrom[39m [32m"@/sections/TestimonialsSection"[39m[33m;[39m
 [90m 10 |[39m [36mimport[39m { [33mQuoteSection[39m } [36mfrom[39m [32m"@/sections/QuoteSection"[39m[33m;[39m[0m

Import map: aliased to relative './src/sections/ResultsSection' inside of [project]/


Import traces:
  Client Component Browser:
    ./src/app/page.tsx [Client Component Browser]
    ./src/app/page.tsx [Server Component]

  Client Component SSR:
    ./src/app/page.tsx [Client Component SSR]
    ./src/app/page.tsx [Server Component]

https://nextjs.org/docs/messages/module-not-found


⨯ ./src/app/page.tsx:7:1
Module not found: Can't resolve '@/sections/ResultsSection'
[0m [90m  5 |[39m [36mimport[39m { [33mHeroSection[39m } [36mfrom[39m [32m"@/sections/HeroSection"[39m[33m;[39m
 [90m  6 |[39m [36mimport[39m { [33mPricingSection[39m } [36mfrom[39m [32m"@/sections/PricingSection"[39m[33m;[39m
[31m[1m>[22m[39m[90m  7 |[39m [36mimport[39m { [33mResultsSection[39m } [36mfrom[39m [32m"@/sections/ResultsSection"[39m[33m;[39m
 [90m    |[39m [31m[1m^[22m[39m[31m[1m^[22m[39m[31m[1m^[22m[39m[31m[1m^[22m[39m[31m[1m^[22m[39m[31m[1m^[22m[39m[31m[1m^[22m[39m[31m[1m^[22m[39m[31m[1m^[22m[39m[31m[1m^[22m[39m[31m[1m^[22m[39m[31m[1m^[22m[39m[31m[1m^[22m[39m[31m[1m^[22m[39m[31m[1m^[22m[39m[31m[1m^[22m[39m[31m[1m^[22m[39m[31m[1m^[22m[39m[31m[1m^[22m[39m[31m[1m^[22m[39m[31m[1m^[22m[39m[31m[1m^[22m[39m[31m[1m^[22m[39m[31m[1m^[22m[39m[31m[1m^[22m[39m[31m[1m^[22m[39m[31m[1m^[22m[39m[31m[1m^[22m[39m[31m[1m^[22m[39m[31m[1m^[22m[39m[31m[1m^[22m[39m[31m[1m^[22m[39m[31m[1m^[22m[39m[31m[1m^[22m[39m[31m[1m^[22m[39m[31m[1m^[22m[39m[31m[1m^[22m[39m[31m[1m^[22m[39m[31m[1m^[22m[39m[31m[1m^[22m[39m[31m[1m^[22m[39m[31m[1m^[22m[39m[31m[1m^[22m[39m[31m[1m^[22m[39m[31m[1m^[22m[39m[31m[1m^[22m[39m[31m[1m^[22m[39m[31m[1m^[22m[39m[31m[1m^[22m[39m[31m[1m^[22m[39m[31m[1m^[22m[39m[31m[1m^[22m[39m[31m[1m^[22m[39m[31m[1m^[22m[39m[31m[1m^[22m[39m[31m[1m^[22m[39m[31m[1m^[22m[39m[31m[1m^[22m[39m[31m[1m^[22m[39m
 [90m  8 |[39m [36mimport[39m { [33mConfiguratorSection[39m } [36mfrom[39m [32m"@/sections/ConfiguratorSection"[39m[33m;[39m
 [90m  9 |[39m [36mimport[39m { [33mTestimonialsSection[39m } [36mfrom[39m [32m"@/sections/TestimonialsSection"[39m[33m;[39m
 [90m 10 |[39m [36mimport[39m { [33mQuoteSection[39m } [36mfrom[39m [32m"@/sections/QuoteSection"[39m[33m;[39m[0m

Import map: aliased to relative './src/sections/ResultsSection' inside of [project]/


Import traces:
  Client Component Browser:
    ./src/app/page.tsx [Client Component Browser]
    ./src/app/page.tsx [Server Component]

  Client Component SSR:
    ./src/app/page.tsx [Client Component SSR]
    ./src/app/page.tsx [Server Component]

https://nextjs.org/docs/messages/module-not-found


⨯ ./src/app/page.tsx:7:1
Module not found: Can't resolve '@/sections/ResultsSection'
[0m [90m  5 |[39m [36mimport[39m { [33mHeroSection[39m } [36mfrom[39m [32m"@/sections/HeroSection"[39m[33m;[39m
 [90m  6 |[39m [36mimport[39m { [33mPricingSection[39m } [36mfrom[39m [32m"@/sections/PricingSection"[39m[33m;[39m
[31m[1m>[22m[39m[90m  7 |[39m [36mimport[39m { [33mResultsSection[39m } [36mfrom[39m [32m"@/sections/ResultsSection"[39m[33m;[39m
 [90m    |[39m [31m[1m^[22m[39m[31m[1m^[22m[39m[31m[1m^[22m[39m[31m[1m^[22m[39m[31m[1m^[22m[39m[31m[1m^[22m[39m[31m[1m^[22m[39m[31m[1m^[22m[39m[31m[1m^[22m[39m[31m[1m^[22m[39m[31m[1m^[22m[39m[31m[1m^[22m[39m[31m[1m^[22m[39m[31m[1m^[22m[39m[31m[1m^[22m[39m[31m[1m^[22m[39m[31m[1m^[22m[39m[31m[1m^[22m[39m[31m[1m^[22m[39m[31m[1m^[22m[39m[31m[1m^[22m[39m[31m[1m^[22m[39m[31m[1m^[22m[39m[31m[1m^[22m[39m[31m[1m^[22m[39m[31m[1m^[22m[39m[31m[1m^[22m[39m[31m[1m^[22m[39m[31m[1m^[22m[39m[31m[1m^[22m[39m[31m[1m^[22m[39m[31m[1m^[22m[39m[31m[1m^[22m[39m[31m[1m^[22m[39m[31m[1m^[22m[39m[31m[1m^[22m[39m[31m[1m^[22m[39m[31m[1m^[22m[39m[31m[1m^[22m[39m[31m[1m^[22m[39m[31m[1m^[22m[39m[31m[1m^[22m[39m[31m[1m^[22m[39m[31m[1m^[22m[39m[31m[1m^[22m[39m[31m[1m^[22m[39m[31m[1m^[22m[39m[31m[1m^[22m[39m[31m[1m^[22m[39m[31m[1m^[22m[39m[31m[1m^[22m[39m[31m[1m^[22m[39m[31m[1m^[22m[39m[31m[1m^[22m[39m[31m[1m^[22m[39m[31m[1m^[22m[39m[31m[1m^[22m[39m[31m[1m^[22m[39m[31m[1m^[22m[39m
 [90m  8 |[39m [36mimport[39m { [33mConfiguratorSection[39m } [36mfrom[39m [32m"@/sections/ConfiguratorSection"[39m[33m;[39m
 [90m  9 |[39m [36mimport[39m { [33mTestimonialsSection[39m } [36mfrom[39m [32m"@/sections/TestimonialsSection"[39m[33m;[39m
 [90m 10 |[39m [36mimport[39m { [33mQuoteSection[39m } [36mfrom[39m [32m"@/sections/QuoteSection"[39m[33m;[39m[0m

Import map: aliased to relative './src/sections/ResultsSection' inside of [project]/


Import traces:
  Client Component Browser:
    ./src/app/page.tsx [Client Component Browser]
    ./src/app/page.tsx [Server Component]

  Client Component SSR:
    ./src/app/page.tsx [Client Component SSR]
    ./src/app/page.tsx [Server Component]

https://nextjs.org/docs/messages/module-not-found


⨯ ./src/app/page.tsx:9:1
Module not found: Can't resolve '@/sections/TestimonialsSection'
[0m [90m  7 |[39m [36mimport[39m { [33mResultsSection[39m } [36mfrom[39m [32m"@/sections/ResultsSection"[39m[33m;[39m
 [90m  8 |[39m [36mimport[39m { [33mConfiguratorSection[39m } [36mfrom[39m [32m"@/sections/ConfiguratorSection"[39m[33m;[39m
[31m[1m>[22m[39m[90m  9 |[39m [36mimport[39m { [33mTestimonialsSection[39m } [36mfrom[39m [32m"@/sections/TestimonialsSection"[39m[33m;[39m
 [90m    |[39m [31m[1m^[22m[39m[31m[1m^[22m[39m[31m[1m^[22m[39m[31m[1m^[22m[39m[31m[1m^[22m[39m[31m[1m^[22m[39m[31m[1m^[22m[39m[31m[1m^[22m[39m[31m[1m^[22m[39m[31m[1m^[22m[39m[31m[1m^[22m[39m[31m[1m^[22m[39m[31m[1m^[22m[39m[31m[1m^[22m[39m[31m[1m^[22m[39m[31m[1m^[22m[39m[31m[1m^[22m[39m[31m[1m^[22m[39m[31m[1m^[22m[39m[31m[1m^[22m[39m[31m[1m^[22m[39m[31m[1m^[22m[39m[31m[1m^[22m[39m[31m[1m^[22m[39m[31m[1m^[22m[39m[31m[1m^[22m[39m[31m[1m^[22m[39m[31m[1m^[22m[39m[31m[1m^[22m[39m[31m[1m^[22m[39m[31m[1m^[22m[39m[31m[1m^[22m[39m[31m[1m^[22m[39m[31m[1m^[22m[39m[31m[1m^[22m[39m[31m[1m^[22m[39m[31m[1m^[22m[39m[31m[1m^[22m[39m[31m[1m^[22m[39m[31m[1m^[22m[39m[31m[1m^[22m[39m[31m[1m^[22m[39m[31m[1m^[22m[39m[31m[1m^[22m[39m[31m[1m^[22m[39m[31m[1m^[22m[39m[31m[1m^[22m[39m[31m[1m^[22m[39m[31m[1m^[22m[39m[31m[1m^[22m[39m[31m[1m^[22m[39m[31m[1m^[22m[39m[31m[1m^[22m[39m[31m[1m^[22m[39m[31m[1m^[22m[39m[31m[1m^[22m[39m[31m[1m^[22m[39m[31m[1m^[22m[39m[31m[1m^[22m[39m[31m[1m^[22m[39m[31m[1m^[22m[39m[31m[1m^[22m[39m[31m[1m^[22m[39m[31m[1m^[22m[39m[31m[1m^[22m[39m[31m[1m^[22m[39m[31m[1m^[22m[39m[31m[1m^[22m[39m[31m[1m^[22m[39m
 [90m 10 |[39m [36mimport[39m { [33mQuoteSection[39m } [36mfrom[39m [32m"@/sections/QuoteSection"[39m[33m;[39m
 [90m 11 |[39m [36mimport[39m { [33mFooter[39m } [36mfrom[39m [32m"@/components/Footer"[39m[33m;[39m
 [90m 12 |[39m[0m

Import map: aliased to relative './src/sections/TestimonialsSection' inside of [project]/


Import traces:
  Client Component Browser:
    ./src/app/page.tsx [Client Component Browser]
    ./src/app/page.tsx [Server Component]

  Client Component SSR:
    ./src/app/page.tsx [Client Component SSR]
    ./src/app/page.tsx [Server Component]

https://nextjs.org/docs/messages/module-not-found


⨯ ./src/app/page.tsx:9:1
Module not found: Can't resolve '@/sections/TestimonialsSection'
[0m [90m  7 |[39m [36mimport[39m { [33mResultsSection[39m } [36mfrom[39m [32m"@/sections/ResultsSection"[39m[33m;[39m
 [90m  8 |[39m [36mimport[39m { [33mConfiguratorSection[39m } [36mfrom[39m [32m"@/sections/ConfiguratorSection"[39m[33m;[39m
[31m[1m>[22m[39m[90m  9 |[39m [36mimport[39m { [33mTestimonialsSection[39m } [36mfrom[39m [32m"@/sections/TestimonialsSection"[39m[33m;[39m
 [90m    |[39m [31m[1m^[22m[39m[31m[1m^[22m[39m[31m[1m^[22m[39m[31m[1m^[22m[39m[31m[1m^[22m[39m[31m[1m^[22m[39m[31m[1m^[22m[39m[31m[1m^[22m[39m[31m[1m^[22m[39m[31m[1m^[22m[39m[31m[1m^[22m[39m[31m[1m^[22m[39m[31m[1m^[22m[39m[31m[1m^[22m[39m[31m[1m^[22m[39m[31m[1m^[22m[39m[31m[1m^[22m[39m[31m[1m^[22m[39m[31m[1m^[22m[39m[31m[1m^[22m[39m[31m[1m^[22m[39m[31m[1m^[22m[39m[31m[1m^[22m[39m[31m[1m^[22m[39m[31m[1m^[22m[39m[31m[1m^[22m[39m[31m[1m^[22m[39m[31m[1m^[22m[39m[31m[1m^[22m[39m[31m[1m^[22m[39m[31m[1m^[22m[39m[31m[1m^[22m[39m[31m[1m^[22m[39m[31m[1m^[22m[39m[31m[1m^[22m[39m[31m[1m^[22m[39m[31m[1m^[22m[39m[31m[1m^[22m[39m[31m[1m^[22m[39m[31m[1m^[22m[39m[31m[1m^[22m[39m[31m[1m^[22m[39m[31m[1m^[22m[39m[31m[1m^[22m[39m[31m[1m^[22m[39m[31m[1m^[22m[39m[31m[1m^[22m[39m[31m[1m^[22m[39m[31m[1m^[22m[39m[31m[1m^[22m[39m[31m[1m^[22m[39m[31m[1m^[22m[39m[31m[1m^[22m[39m[31m[1m^[22m[39m[31m[1m^[22m[39m[31m[1m^[22m[39m[31m[1m^[22m[39m[31m[1m^[22m[39m[31m[1m^[22m[39m[31m[1m^[22m[39m[31m[1m^[22m[39m[31m[1m^[22m[39m[31m[1m^[22m[39m[31m[1m^[22m[39m[31m[1m^[22m[39m[31m[1m^[22m[39m[31m[1m^[22m[39m[31m[1m^[22m[39m[31m[1m^[22m[39m
 [90m 10 |[39m [36mimport[39m { [33mQuoteSection[39m } [36mfrom[39m [32m"@/sections/QuoteSection"[39m[33m;[39m
 [90m 11 |[39m [36mimport[39m { [33mFooter[39m } [36mfrom[39m [32m"@/components/Footer"[39m[33m;[39m
 [90m 12 |[39m[0m

Import map: aliased to relative './src/sections/TestimonialsSection' inside of [project]/


Import traces:
  Client Component Browser:
    ./src/app/page.tsx [Client Component Browser]
    ./src/app/page.tsx [Server Component]

  Client Component SSR:
    ./src/app/page.tsx [Client Component SSR]
    ./src/app/page.tsx [Server Component]

https://nextjs.org/docs/messages/module-not-found


⨯ ./src/app/page.tsx:9:1
Module not found: Can't resolve '@/sections/TestimonialsSection'
[0m [90m  7 |[39m [36mimport[39m { [33mResultsSection[39m } [36mfrom[39m [32m"@/sections/ResultsSection"[39m[33m;[39m
 [90m  8 |[39m [36mimport[39m { [33mConfiguratorSection[39m } [36mfrom[39m [32m"@/sections/ConfiguratorSection"[39m[33m;[39m
[31m[1m>[22m[39m[90m  9 |[39m [36mimport[39m { [33mTestimonialsSection[39m } [36mfrom[39m [32m"@/sections/TestimonialsSection"[39m[33m;[39m
 [90m    |[39m [31m[1m^[22m[39m[31m[1m^[22m[39m[31m[1m^[22m[39m[31m[1m^[22m[39m[31m[1m^[22m[39m[31m[1m^[22m[39m[31m[1m^[22m[39m[31m[1m^[22m[39m[31m[1m^[22m[39m[31m[1m^[22m[39m[31m[1m^[22m[39m[31m[1m^[22m[39m[31m[1m^[22m[39m[31m[1m^[22m[39m[31m[1m^[22m[39m[31m[1m^[22m[39m[31m[1m^[22m[39m[31m[1m^[22m[39m[31m[1m^[22m[39m[31m[1m^[22m[39m[31m[1m^[22m[39m[31m[1m^[22m[39m[31m[1m^[22m[39m[31m[1m^[22m[39m[31m[1m^[22m[39m[31m[1m^[22m[39m[31m[1m^[22m[39m[31m[1m^[22m[39m[31m[1m^[22m[39m[31m[1m^[22m[39m[31m[1m^[22m[39m[31m[1m^[22m[39m[31m[1m^[22m[39m[31m[1m^[22m[39m[31m[1m^[22m[39m[31m[1m^[22m[39m[31m[1m^[22m[39m[31m[1m^[22m[39m[31m[1m^[22m[39m[31m[1m^[22m[39m[31m[1m^[22m[39m[31m[1m^[22m[39m[31m[1m^[22m[39m[31m[1m^[22m[39m[31m[1m^[22m[39m[31m[1m^[22m[39m[31m[1m^[22m[39m[31m[1m^[22m[39m[31m[1m^[22m[39m[31m[1m^[22m[39m[31m[1m^[22m[39m[31m[1m^[22m[39m[31m[1m^[22m[39m[31m[1m^[22m[39m[31m[1m^[22m[39m[31m[1m^[22m[39m[31m[1m^[22m[39m[31m[1m^[22m[39m[31m[1m^[22m[39m[31m[1m^[22m[39m[31m[1m^[22m[39m[31m[1m^[22m[39m[31m[1m^[22m[39m[31m[1m^[22m[39m[31m[1m^[22m[39m[31m[1m^[22m[39m[31m[1m^[22m[39m[31m[1m^[22m[39m[31m[1m^[22m[39m
 [90m 10 |[39m [36mimport[39m { [33mQuoteSection[39m } [36mfrom[39m [32m"@/sections/QuoteSection"[39m[33m;[39m
 [90m 11 |[39m [36mimport[39m { [33mFooter[39m } [36mfrom[39m [32m"@/components/Footer"[39m[33m;[39m
 [90m 12 |[39m[0m

Import map: aliased to relative './src/sections/TestimonialsSection' inside of [project]/


Import traces:
  Client Component Browser:
    ./src/app/page.tsx [Client Component Browser]
    ./src/app/page.tsx [Server Component]

  Client Component SSR:
    ./src/app/page.tsx [Client Component SSR]
    ./src/app/page.tsx [Server Component]

https://nextjs.org/docs/messages/module-not-found


⨯ ./src/app/page.tsx:9:1
Module not found: Can't resolve '@/sections/TestimonialsSection'
[0m [90m  7 |[39m [36mimport[39m { [33mResultsSection[39m } [36mfrom[39m [32m"@/sections/ResultsSection"[39m[33m;[39m
 [90m  8 |[39m [36mimport[39m { [33mConfiguratorSection[39m } [36mfrom[39m [32m"@/sections/ConfiguratorSection"[39m[33m;[39m
[31m[1m>[22m[39m[90m  9 |[39m [36mimport[39m { [33mTestimonialsSection[39m } [36mfrom[39m [32m"@/sections/TestimonialsSection"[39m[33m;[39m
 [90m    |[39m [31m[1m^[22m[39m[31m[1m^[22m[39m[31m[1m^[22m[39m[31m[1m^[22m[39m[31m[1m^[22m[39m[31m[1m^[22m[39m[31m[1m^[22m[39m[31m[1m^[22m[39m[31m[1m^[22m[39m[31m[1m^[22m[39m[31m[1m^[22m[39m[31m[1m^[22m[39m[31m[1m^[22m[39m[31m[1m^[22m[39m[31m[1m^[22m[39m[31m[1m^[22m[39m[31m[1m^[22m[39m[31m[1m^[22m[39m[31m[1m^[22m[39m[31m[1m^[22m[39m[31m[1m^[22m[39m[31m[1m^[22m[39m[31m[1m^[22m[39m[31m[1m^[22m[39m[31m[1m^[22m[39m[31m[1m^[22m[39m[31m[1m^[22m[39m[31m[1m^[22m[39m[31m[1m^[22m[39m[31m[1m^[22m[39m[31m[1m^[22m[39m[31m[1m^[22m[39m[31m[1m^[22m[39m[31m[1m^[22m[39m[31m[1m^[22m[39m[31m[1m^[22m[39m[31m[1m^[22m[39m[31m[1m^[22m[39m[31m[1m^[22m[39m[31m[1m^[22m[39m[31m[1m^[22m[39m[31m[1m^[22m[39m[31m[1m^[22m[39m[31m[1m^[22m[39m[31m[1m^[22m[39m[31m[1m^[22m[39m[31m[1m^[22m[39m[31m[1m^[22m[39m[31m[1m^[22m[39m[31m[1m^[22m[39m[31m[1m^[22m[39m[31m[1m^[22m[39m[31m[1m^[22m[39m[31m[1m^[22m[39m[31m[1m^[22m[39m[31m[1m^[22m[39m[31m[1m^[22m[39m[31m[1m^[22m[39m[31m[1m^[22m[39m[31m[1m^[22m[39m[31m[1m^[22m[39m[31m[1m^[22m[39m[31m[1m^[22m[39m[31m[1m^[22m[39m[31m[1m^[22m[39m[31m[1m^[22m[39m[31m[1m^[22m[39m[31m[1m^[22m[39m[31m[1m^[22m[39m
 [90m 10 |[39m [36mimport[39m { [33mQuoteSection[39m } [36mfrom[39m [32m"@/sections/QuoteSection"[39m[33m;[39m
 [90m 11 |[39m [36mimport[39m { [33mFooter[39m } [36mfrom[39m [32m"@/components/Footer"[39m[33m;[39m
 [90m 12 |[39m[0m

Import map: aliased to relative './src/sections/TestimonialsSection' inside of [project]/


Import traces:
  Client Component Browser:
    ./src/app/page.tsx [Client Component Browser]
    ./src/app/page.tsx [Server Component]

  Client Component SSR:
    ./src/app/page.tsx [Client Component SSR]
    ./src/app/page.tsx [Server Component]

https://nextjs.org/docs/messages/module-not-found


⨯ ./src/app/page.tsx:11:1
Module not found: Can't resolve '@/components/Footer'
[0m [90m  9 |[39m [36mimport[39m { [33mTestimonialsSection[39m } [36mfrom[39m [32m"@/sections/TestimonialsSection"[39m[33m;[39m
 [90m 10 |[39m [36mimport[39m { [33mQuoteSection[39m } [36mfrom[39m [32m"@/sections/QuoteSection"[39m[33m;[39m
[31m[1m>[22m[39m[90m 11 |[39m [36mimport[39m { [33mFooter[39m } [36mfrom[39m [32m"@/components/Footer"[39m[33m;[39m
 [90m    |[39m [31m[1m^[22m[39m[31m[1m^[22m[39m[31m[1m^[22m[39m[31m[1m^[22m[39m[31m[1m^[22m[39m[31m[1m^[22m[39m[31m[1m^[22m[39m[31m[1m^[22m[39m[31m[1m^[22m[39m[31m[1m^[22m[39m[31m[1m^[22m[39m[31m[1m^[22m[39m[31m[1m^[22m[39m[31m[1m^[22m[39m[31m[1m^[22m[39m[31m[1m^[22m[39m[31m[1m^[22m[39m[31m[1m^[22m[39m[31m[1m^[22m[39m[31m[1m^[22m[39m[31m[1m^[22m[39m[31m[1m^[22m[39m[31m[1m^[22m[39m[31m[1m^[22m[39m[31m[1m^[22m[39m[31m[1m^[22m[39m[31m[1m^[22m[39m[31m[1m^[22m[39m[31m[1m^[22m[39m[31m[1m^[22m[39m[31m[1m^[22m[39m[31m[1m^[22m[39m[31m[1m^[22m[39m[31m[1m^[22m[39m[31m[1m^[22m[39m[31m[1m^[22m[39m[31m[1m^[22m[39m[31m[1m^[22m[39m[31m[1m^[22m[39m[31m[1m^[22m[39m[31m[1m^[22m[39m[31m[1m^[22m[39m[31m[1m^[22m[39m[31m[1m^[22m[39m[31m[1m^[22m[39m
 [90m 12 |[39m
 [90m 13 |[39m [36mconst[39m [33mFADE_UP_ANIMATION_VARIANTS[39m [33m=[39m {
 [90m 14 |[39m   hidden[33m:[39m { opacity[33m:[39m [35m0[39m[33m,[39m y[33m:[39m [35m30[39m }[33m,[39m[0m

Import map: aliased to relative './src/components/Footer' inside of [project]/


Import traces:
  Client Component Browser:
    ./src/app/page.tsx [Client Component Browser]
    ./src/app/page.tsx [Server Component]

  Client Component SSR:
    ./src/app/page.tsx [Client Component SSR]
    ./src/app/page.tsx [Server Component]

https://nextjs.org/docs/messages/module-not-found



./src/app/page.tsx:4:1
Module not found: Can't resolve '@/components/Navbar'
[0m [90m 2 |[39m
 [90m 3 |[39m [36mimport[39m { motion } [36mfrom[39m [32m"framer-motion"[39m[33m;[39m
[31m[1m>[22m[39m[90m 4 |[39m [36mimport[39m { [33mNavbar[39m } [36mfrom[39m [32m"@/components/Navbar"[39m[33m;[39m
 [90m   |[39m [31m[1m^[22m[39m[31m[1m^[22m[39m[31m[1m^[22m[39m[31m[1m^[22m[39m[31m[1m^[22m[39m[31m[1m^[22m[39m[31m[1m^[22m[39m[31m[1m^[22m[39m[31m[1m^[22m[39m[31m[1m^[22m[39m[31m[1m^[22m[39m[31m[1m^[22m[39m[31m[1m^[22m[39m[31m[1m^[22m[39m[31m[1m^[22m[39m[31m[1m^[22m[39m[31m[1m^[22m[39m[31m[1m^[22m[39m[31m[1m^[22m[39m[31m[1m^[22m[39m[31m[1m^[22m[39m[31m[1m^[22m[39m[31m[1m^[22m[39m[31m[1m^[22m[39m[31m[1m^[22m[39m[31m[1m^[22m[39m[31m[1m^[22m[39m[31m[1m^[22m[39m[31m[1m^[22m[39m[31m[1m^[22m[39m[31m[1m^[22m[39m[31m[1m^[22m[39m[31m[1m^[22m[39m[31m[1m^[22m[39m[31m[1m^[22m[39m[31m[1m^[22m[39m[31m[1m^[22m[39m[31m[1m^[22m[39m[31m[1m^[22m[39m[31m[1m^[22m[39m[31m[1m^[22m[39m[31m[1m^[22m[39m[31m[1m^[22m[39m[31m[1m^[22m[39m[31m[1m^[22m[39m
 [90m 5 |[39m [36mimport[39m { [33mHeroSection[39m } [36mfrom[39m [32m"@/sections/HeroSection"[39m[33m;[39m
 [90m 6 |[39m [36mimport[39m { [33mPricingSection[39m } [36mfrom[39m [32m"@/sections/PricingSection"[39m[33m;[39m
 [90m 7 |[39m [36mimport[39m { [33mResultsSection[39m } [36mfrom[39m [32m"@/sections/ResultsSection"[39m[33m;[39m[0m

Import map: aliased to relative './src/components/Navbar' inside of [project]/


Import traces:
  Client Component Browser:
    ./src/app/page.tsx [Client Component Browser]
    ./src/app/page.tsx [Server Component]

  Client Component SSR:
    ./src/app/page.tsx [Client Component SSR]
    ./src/app/page.tsx [Server Component]

https://nextjs.org/docs/messages/module-not-found



./src/app/page.tsx:8:1
Module not found: Can't resolve '@/sections/ConfiguratorSection'
[0m [90m  6 |[39m [36mimport[39m { [33mPricingSection[39m } [36mfrom[39m [32m"@/sections/PricingSection"[39m[33m;[39m
 [90m  7 |[39m [36mimport[39m { [33mResultsSection[39m } [36mfrom[39m [32m"@/sections/ResultsSection"[39m[33m;[39m
[31m[1m>[22m[39m[90m  8 |[39m [36mimport[39m { [33mConfiguratorSection[39m } [36mfrom[39m [32m"@/sections/ConfiguratorSection"[39m[33m;[39m
 [90m    |[39m [31m[1m^[22m[39m[31m[1m^[22m[39m[31m[1m^[22m[39m[31m[1m^[22m[39m[31m[1m^[22m[39m[31m[1m^[22m[39m[31m[1m^[22m[39m[31m[1m^[22m[39m[31m[1m^[22m[39m[31m[1m^[22m[39m[31m[1m^[22m[39m[31m[1m^[22m[39m[31m[1m^[22m[39m[31m[1m^[22m[39m[31m[1m^[22m[39m[31m[1m^[22m[39m[31m[1m^[22m[39m[31m[1m^[22m[39m[31m[1m^[22m[39m[31m[1m^[22m[39m[31m[1m^[22m[39m[31m[1m^[22m[39m[31m[1m^[22m[39m[31m[1m^[22m[39m[31m[1m^[22m[39m[31m[1m^[22m[39m[31m[1m^[22m[39m[31m[1m^[22m[39m[31m[1m^[22m[39m[31m[1m^[22m[39m[31m[1m^[22m[39m[31m[1m^[22m[39m[31m[1m^[22m[39m[31m[1m^[22m[39m[31m[1m^[22m[39m[31m[1m^[22m[39m[31m[1m^[22m[39m[31m[1m^[22m[39m[31m[1m^[22m[39m[31m[1m^[22m[39m[31m[1m^[22m[39m[31m[1m^[22m[39m[31m[1m^[22m[39m[31m[1m^[22m[39m[31m[1m^[22m[39m[31m[1m^[22m[39m[31m[1m^[22m[39m[31m[1m^[22m[39m[31m[1m^[22m[39m[31m[1m^[22m[39m[31m[1m^[22m[39m[31m[1m^[22m[39m[31m[1m^[22m[39m[31m[1m^[22m[39m[31m[1m^[22m[39m[31m[1m^[22m[39m[31m[1m^[22m[39m[31m[1m^[22m[39m[31m[1m^[22m[39m[31m[1m^[22m[39m[31m[1m^[22m[39m[31m[1m^[22m[39m[31m[1m^[22m[39m[31m[1m^[22m[39m[31m[1m^[22m[39m[31m[1m^[22m[39m[31m[1m^[22m[39m[31m[1m^[22m[39m[31m[1m^[22m[39m
 [90m  9 |[39m [36mimport[39m { [33mTestimonialsSection[39m } [36mfrom[39m [32m"@/sections/TestimonialsSection"[39m[33m;[39m
 [90m 10 |[39m [36mimport[39m { [33mQuoteSection[39m } [36mfrom[39m [32m"@/sections/QuoteSection"[39m[33m;[39m
 [90m 11 |[39m [36mimport[39m { [33mFooter[39m } [36mfrom[39m [32m"@/components/Footer"[39m[33m;[39m[0m

Import map: aliased to relative './src/sections/ConfiguratorSection' inside of [project]/


Import traces:
  Client Component Browser:
    ./src/app/page.tsx [Client Component Browser]
    ./src/app/page.tsx [Server Component]

  Client Component SSR:
    ./src/app/page.tsx [Client Component SSR]
    ./src/app/page.tsx [Server Component]

https://nextjs.org/docs/messages/module-not-found



./src/app/page.tsx:5:1
Module not found: Can't resolve '@/sections/HeroSection'
[0m [90m 3 |[39m [36mimport[39m { motion } [36mfrom[39m [32m"framer-motion"[39m[33m;[39m
 [90m 4 |[39m [36mimport[39m { [33mNavbar[39m } [36mfrom[39m [32m"@/components/Navbar"[39m[33m;[39m
[31m[1m>[22m[39m[90m 5 |[39m [36mimport[39m { [33mHeroSection[39m } [36mfrom[39m [32m"@/sections/HeroSection"[39m[33m;[39m
 [90m   |[39m [31m[1m^[22m[39m[31m[1m^[22m[39m[31m[1m^[22m[39m[31m[1m^[22m[39m[31m[1m^[22m[39m[31m[1m^[22m[39m[31m[1m^[22m[39m[31m[1m^[22m[39m[31m[1m^[22m[39m[31m[1m^[22m[39m[31m[1m^[22m[39m[31m[1m^[22m[39m[31m[1m^[22m[39m[31m[1m^[22m[39m[31m[1m^[22m[39m[31m[1m^[22m[39m[31m[1m^[22m[39m[31m[1m^[22m[39m[31m[1m^[22m[39m[31m[1m^[22m[39m[31m[1m^[22m[39m[31m[1m^[22m[39m[31m[1m^[22m[39m[31m[1m^[22m[39m[31m[1m^[22m[39m[31m[1m^[22m[39m[31m[1m^[22m[39m[31m[1m^[22m[39m[31m[1m^[22m[39m[31m[1m^[22m[39m[31m[1m^[22m[39m[31m[1m^[22m[39m[31m[1m^[22m[39m[31m[1m^[22m[39m[31m[1m^[22m[39m[31m[1m^[22m[39m[31m[1m^[22m[39m[31m[1m^[22m[39m[31m[1m^[22m[39m[31m[1m^[22m[39m[31m[1m^[22m[39m[31m[1m^[22m[39m[31m[1m^[22m[39m[31m[1m^[22m[39m[31m[1m^[22m[39m[31m[1m^[22m[39m[31m[1m^[22m[39m[31m[1m^[22m[39m[31m[1m^[22m[39m[31m[1m^[22m[39m[31m[1m^[22m[39m[31m[1m^[22m[39m[31m[1m^[22m[39m
 [90m 6 |[39m [36mimport[39m { [33mPricingSection[39m } [36mfrom[39m [32m"@/sections/PricingSection"[39m[33m;[39m
 [90m 7 |[39m [36mimport[39m { [33mResultsSection[39m } [36mfrom[39m [32m"@/sections/ResultsSection"[39m[33m;[39m
 [90m 8 |[39m [36mimport[39m { [33mConfiguratorSection[39m } [36mfrom[39m [32m"@/sections/ConfiguratorSection"[39m[33m;[39m[0m

Import map: aliased to relative './src/sections/HeroSection' inside of [project]/


Import traces:
  Client Component Browser:
    ./src/app/page.tsx [Client Component Browser]
    ./src/app/page.tsx [Server Component]

  Client Component SSR:
    ./src/app/page.tsx [Client Component SSR]
    ./src/app/page.tsx [Server Component]

https://nextjs.org/docs/messages/module-not-found



./src/app/page.tsx:6:1
Module not found: Can't resolve '@/sections/PricingSection'
[0m [90m 4 |[39m [36mimport[39m { [33mNavbar[39m } [36mfrom[39m [32m"@/components/Navbar"[39m[33m;[39m
 [90m 5 |[39m [36mimport[39m { [33mHeroSection[39m } [36mfrom[39m [32m"@/sections/HeroSection"[39m[33m;[39m
[31m[1m>[22m[39m[90m 6 |[39m [36mimport[39m { [33mPricingSection[39m } [36mfrom[39m [32m"@/sections/PricingSection"[39m[33m;[39m
 [90m   |[39m [31m[1m^[22m[39m[31m[1m^[22m[39m[31m[1m^[22m[39m[31m[1m^[22m[39m[31m[1m^[22m[39m[31m[1m^[22m[39m[31m[1m^[22m[39m[31m[1m^[22m[39m[31m[1m^[22m[39m[31m[1m^[22m[39m[31m[1m^[22m[39m[31m[1m^[22m[39m[31m[1m^[22m[39m[31m[1m^[22m[39m[31m[1m^[22m[39m[31m[1m^[22m[39m[31m[1m^[22m[39m[31m[1m^[22m[39m[31m[1m^[22m[39m[31m[1m^[22m[39m[31m[1m^[22m[39m[31m[1m^[22m[39m[31m[1m^[22m[39m[31m[1m^[22m[39m[31m[1m^[22m[39m[31m[1m^[22m[39m[31m[1m^[22m[39m[31m[1m^[22m[39m[31m[1m^[22m[39m[31m[1m^[22m[39m[31m[1m^[22m[39m[31m[1m^[22m[39m[31m[1m^[22m[39m[31m[1m^[22m[39m[31m[1m^[22m[39m[31m[1m^[22m[39m[31m[1m^[22m[39m[31m[1m^[22m[39m[31m[1m^[22m[39m[31m[1m^[22m[39m[31m[1m^[22m[39m[31m[1m^[22m[39m[31m[1m^[22m[39m[31m[1m^[22m[39m[31m[1m^[22m[39m[31m[1m^[22m[39m[31m[1m^[22m[39m[31m[1m^[22m[39m[31m[1m^[22m[39m[31m[1m^[22m[39m[31m[1m^[22m[39m[31m[1m^[22m[39m[31m[1m^[22m[39m[31m[1m^[22m[39m[31m[1m^[22m[39m[31m[1m^[22m[39m[31m[1m^[22m[39m[31m[1m^[22m[39m[31m[1m^[22m[39m
 [90m 7 |[39m [36mimport[39m { [33mResultsSection[39m } [36mfrom[39m [32m"@/sections/ResultsSection"[39m[33m;[39m
 [90m 8 |[39m [36mimport[39m { [33mConfiguratorSection[39m } [36mfrom[39m [32m"@/sections/ConfiguratorSection"[39m[33m;[39m
 [90m 9 |[39m [36mimport[39m { [33mTestimonialsSection[39m } [36mfrom[39m [32m"@/sections/TestimonialsSection"[39m[33m;[39m[0m

Import map: aliased to relative './src/sections/PricingSection' inside of [project]/


Import traces:
  Client Component Browser:
    ./src/app/page.tsx [Client Component Browser]
    ./src/app/page.tsx [Server Component]

  Client Component SSR:
    ./src/app/page.tsx [Client Component SSR]
    ./src/app/page.tsx [Server Component]

https://nextjs.org/docs/messages/module-not-found



./src/app/page.tsx:10:1
Module not found: Can't resolve '@/sections/QuoteSection'
[0m [90m  8 |[39m [36mimport[39m { [33mConfiguratorSection[39m } [36mfrom[39m [32m"@/sections/ConfiguratorSection"[39m[33m;[39m
 [90m  9 |[39m [36mimport[39m { [33mTestimonialsSection[39m } [36mfrom[39m [32m"@/sections/TestimonialsSection"[39m[33m;[39m
[31m[1m>[22m[39m[90m 10 |[39m [36mimport[39m { [33mQuoteSection[39m } [36mfrom[39m [32m"@/sections/QuoteSection"[39m[33m;[39m
 [90m    |[39m [31m[1m^[22m[39m[31m[1m^[22m[39m[31m[1m^[22m[39m[31m[1m^[22m[39m[31m[1m^[22m[39m[31m[1m^[22m[39m[31m[1m^[22m[39m[31m[1m^[22m[39m[31m[1m^[22m[39m[31m[1m^[22m[39m[31m[1m^[22m[39m[31m[1m^[22m[39m[31m[1m^[22m[39m[31m[1m^[22m[39m[31m[1m^[22m[39m[31m[1m^[22m[39m[31m[1m^[22m[39m[31m[1m^[22m[39m[31m[1m^[22m[39m[31m[1m^[22m[39m[31m[1m^[22m[39m[31m[1m^[22m[39m[31m[1m^[22m[39m[31m[1m^[22m[39m[31m[1m^[22m[39m[31m[1m^[22m[39m[31m[1m^[22m[39m[31m[1m^[22m[39m[31m[1m^[22m[39m[31m[1m^[22m[39m[31m[1m^[22m[39m[31m[1m^[22m[39m[31m[1m^[22m[39m[31m[1m^[22m[39m[31m[1m^[22m[39m[31m[1m^[22m[39m[31m[1m^[22m[39m[31m[1m^[22m[39m[31m[1m^[22m[39m[31m[1m^[22m[39m[31m[1m^[22m[39m[31m[1m^[22m[39m[31m[1m^[22m[39m[31m[1m^[22m[39m[31m[1m^[22m[39m[31m[1m^[22m[39m[31m[1m^[22m[39m[31m[1m^[22m[39m[31m[1m^[22m[39m[31m[1m^[22m[39m[31m[1m^[22m[39m[31m[1m^[22m[39m[31m[1m^[22m[39m[31m[1m^[22m[39m[31m[1m^[22m[39m
 [90m 11 |[39m [36mimport[39m { [33mFooter[39m } [36mfrom[39m [32m"@/components/Footer"[39m[33m;[39m
 [90m 12 |[39m
 [90m 13 |[39m [36mconst[39m [33mFADE_UP_ANIMATION_VARIANTS[39m [33m=[39m {[0m

Import map: aliased to relative './src/sections/QuoteSection' inside of [project]/


Import traces:
  Client Component Browser:
    ./src/app/page.tsx [Client Component Browser]
    ./src/app/page.tsx [Server Component]

  Client Component SSR:
    ./src/app/page.tsx [Client Component SSR]
    ./src/app/page.tsx [Server Component]

https://nextjs.org/docs/messages/module-not-found



./src/app/page.tsx:7:1
Module not found: Can't resolve '@/sections/ResultsSection'
[0m [90m  5 |[39m [36mimport[39m { [33mHeroSection[39m } [36mfrom[39m [32m"@/sections/HeroSection"[39m[33m;[39m
 [90m  6 |[39m [36mimport[39m { [33mPricingSection[39m } [36mfrom[39m [32m"@/sections/PricingSection"[39m[33m;[39m
[31m[1m>[22m[39m[90m  7 |[39m [36mimport[39m { [33mResultsSection[39m } [36mfrom[39m [32m"@/sections/ResultsSection"[39m[33m;[39m
 [90m    |[39m [31m[1m^[22m[39m[31m[1m^[22m[39m[31m[1m^[22m[39m[31m[1m^[22m[39m[31m[1m^[22m[39m[31m[1m^[22m[39m[31m[1m^[22m[39m[31m[1m^[22m[39m[31m[1m^[22m[39m[31m[1m^[22m[39m[31m[1m^[22m[39m[31m[1m^[22m[39m[31m[1m^[22m[39m[31m[1m^[22m[39m[31m[1m^[22m[39m[31m[1m^[22m[39m[31m[1m^[22m[39m[31m[1m^[22m[39m[31m[1m^[22m[39m[31m[1m^[22m[39m[31m[1m^[22m[39m[31m[1m^[22m[39m[31m[1m^[22m[39m[31m[1m^[22m[39m[31m[1m^[22m[39m[31m[1m^[22m[39m[31m[1m^[22m[39m[31m[1m^[22m[39m[31m[1m^[22m[39m[31m[1m^[22m[39m[31m[1m^[22m[39m[31m[1m^[22m[39m[31m[1m^[22m[39m[31m[1m^[22m[39m[31m[1m^[22m[39m[31m[1m^[22m[39m[31m[1m^[22m[39m[31m[1m^[22m[39m[31m[1m^[22m[39m[31m[1m^[22m[39m[31m[1m^[22m[39m[31m[1m^[22m[39m[31m[1m^[22m[39m[31m[1m^[22m[39m[31m[1m^[22m[39m[31m[1m^[22m[39m[31m[1m^[22m[39m[31m[1m^[22m[39m[31m[1m^[22m[39m[31m[1m^[22m[39m[31m[1m^[22m[39m[31m[1m^[22m[39m[31m[1m^[22m[39m[31m[1m^[22m[39m[31m[1m^[22m[39m[31m[1m^[22m[39m[31m[1m^[22m[39m[31m[1m^[22m[39m[31m[1m^[22m[39m
 [90m  8 |[39m [36mimport[39m { [33mConfiguratorSection[39m } [36mfrom[39m [32m"@/sections/ConfiguratorSection"[39m[33m;[39m
 [90m  9 |[39m [36mimport[39m { [33mTestimonialsSection[39m } [36mfrom[39m [32m"@/sections/TestimonialsSection"[39m[33m;[39m
 [90m 10 |[39m [36mimport[39m { [33mQuoteSection[39m } [36mfrom[39m [32m"@/sections/QuoteSection"[39m[33m;[39m[0m

Import map: aliased to relative './src/sections/ResultsSection' inside of [project]/


Import traces:
  Client Component Browser:
    ./src/app/page.tsx [Client Component Browser]
    ./src/app/page.tsx [Server Component]

  Client Component SSR:
    ./src/app/page.tsx [Client Component SSR]
    ./src/app/page.tsx [Server Component]

https://nextjs.org/docs/messages/module-not-found



./src/app/page.tsx:9:1
Module not found: Can't resolve '@/sections/TestimonialsSection'
[0m [90m  7 |[39m [36mimport[39m { [33mResultsSection[39m } [36mfrom[39m [32m"@/sections/ResultsSection"[39m[33m;[39m
 [90m  8 |[39m [36mimport[39m { [33mConfiguratorSection[39m } [36mfrom[39m [32m"@/sections/ConfiguratorSection"[39m[33m;[39m
[31m[1m>[22m[39m[90m  9 |[39m [36mimport[39m { [33mTestimonialsSection[39m } [36mfrom[39m [32m"@/sections/TestimonialsSection"[39m[33m;[39m
 [90m    |[39m [31m[1m^[22m[39m[31m[1m^[22m[39m[31m[1m^[22m[39m[31m[1m^[22m[39m[31m[1m^[22m[39m[31m[1m^[22m[39m[31m[1m^[22m[39m[31m[1m^[22m[39m[31m[1m^[22m[39m[31m[1m^[22m[39m[31m[1m^[22m[39m[31m[1m^[22m[39m[31m[1m^[22m[39m[31m[1m^[22m[39m[31m[1m^[22m[39m[31m[1m^[22m[39m[31m[1m^[22m[39m[31m[1m^[22m[39m[31m[1m^[22m[39m[31m[1m^[22m[39m[31m[1m^[22m[39m[31m[1m^[22m[39m[31m[1m^[22m[39m[31m[1m^[22m[39m[31m[1m^[22m[39m[31m[1m^[22m[39m[31m[1m^[22m[39m[31m[1m^[22m[39m[31m[1m^[22m[39m[31m[1m^[22m[39m[31m[1m^[22m[39m[31m[1m^[22m[39m[31m[1m^[22m[39m[31m[1m^[22m[39m[31m[1m^[22m[39m[31m[1m^[22m[39m[31m[1m^[22m[39m[31m[1m^[22m[39m[31m[1m^[22m[39m[31m[1m^[22m[39m[31m[1m^[22m[39m[31m[1m^[22m[39m[31m[1m^[22m[39m[31m[1m^[22m[39m[31m[1m^[22m[39m[31m[1m^[22m[39m[31m[1m^[22m[39m[31m[1m^[22m[39m[31m[1m^[22m[39m[31m[1m^[22m[39m[31m[1m^[22m[39m[31m[1m^[22m[39m[31m[1m^[22m[39m[31m[1m^[22m[39m[31m[1m^[22m[39m[31m[1m^[22m[39m[31m[1m^[22m[39m[31m[1m^[22m[39m[31m[1m^[22m[39m[31m[1m^[22m[39m[31m[1m^[22m[39m[31m[1m^[22m[39m[31m[1m^[22m[39m[31m[1m^[22m[39m[31m[1m^[22m[39m[31m[1m^[22m[39m[31m[1m^[22m[39m[31m[1m^[22m[39m[31m[1m^[22m[39m
 [90m 10 |[39m [36mimport[39m { [33mQuoteSection[39m } [36mfrom[39m [32m"@/sections/QuoteSection"[39m[33m;[39m
 [90m 11 |[39m [36mimport[39m { [33mFooter[39m } [36mfrom[39m [32m"@/components/Footer"[39m[33m;[39m
 [90m 12 |[39m[0m

Import map: aliased to relative './src/sections/TestimonialsSection' inside of [project]/


Import traces:
  Client Component Browser:
    ./src/app/page.tsx [Client Component Browser]
    ./src/app/page.tsx [Server Component]

  Client Component SSR:
    ./src/app/page.tsx [Client Component SSR]
    ./src/app/page.tsx [Server Component]

https://nextjs.org/docs/messages/module-not-found


 GET / 500 in 2.5s (compile: 2.1s, render: 308ms)
⨯ ./src/app/page.tsx:11:1
Module not found: Can't resolve '@/components/Footer'
[0m [90m  9 |[39m [36mimport[39m { [33mTestimonialsSection[39m } [36mfrom[39m [32m"@/sections/TestimonialsSection"[39m[33m;[39m
 [90m 10 |[39m [36mimport[39m { [33mQuoteSection[39m } [36mfrom[39m [32m"@/sections/QuoteSection"[39m[33m;[39m
[31m[1m>[22m[39m[90m 11 |[39m [36mimport[39m { [33mFooter[39m } [36mfrom[39m [32m"@/components/Footer"[39m[33m;[39m
 [90m    |[39m [31m[1m^[22m[39m[31m[1m^[22m[39m[31m[1m^[22m[39m[31m[1m^[22m[39m[31m[1m^[22m[39m[31m[1m^[22m[39m[31m[1m^[22m[39m[31m[1m^[22m[39m[31m[1m^[22m[39m[31m[1m^[22m[39m[31m[1m^[22m[39m[31m[1m^[22m[39m[31m[1m^[22m[39m[31m[1m^[22m[39m[31m[1m^[22m[39m[31m[1m^[22m[39m[31m[1m^[22m[39m[31m[1m^[22m[39m[31m[1m^[22m[39m[31m[1m^[22m[39m[31m[1m^[22m[39m[31m[1m^[22m[39m[31m[1m^[22m[39m[31m[1m^[22m[39m[31m[1m^[22m[39m[31m[1m^[22m[39m[31m[1m^[22m[39m[31m[1m^[22m[39m[31m[1m^[22m[39m[31m[1m^[22m[39m[31m[1m^[22m[39m[31m[1m^[22m[39m[31m[1m^[22m[39m[31m[1m^[22m[39m[31m[1m^[22m[39m[31m[1m^[22m[39m[31m[1m^[22m[39m[31m[1m^[22m[39m[31m[1m^[22m[39m[31m[1m^[22m[39m[31m[1m^[22m[39m[31m[1m^[22m[39m[31m[1m^[22m[39m[31m[1m^[22m[39m[31m[1m^[22m[39m
 [90m 12 |[39m
 [90m 13 |[39m [36mconst[39m [33mFADE_UP_ANIMATION_VARIANTS[39m [33m=[39m {
 [90m 14 |[39m   hidden[33m:[39m { opacity[33m:[39m [35m0[39m[33m,[39m y[33m:[39m [35m30[39m }[33m,[39m[0m

Import map: aliased to relative './src/components/Footer' inside of [project]/


Import traces:
  Client Component Browser:
    ./src/app/page.tsx [Client Component Browser]
    ./src/app/page.tsx [Server Component]

  Client Component SSR:
    ./src/app/page.tsx [Client Component SSR]
    ./src/app/page.tsx [Server Component]

https://nextjs.org/docs/messages/module-not-found


⨯ ./src/app/page.tsx:11:1
Module not found: Can't resolve '@/components/Footer'
[0m [90m  9 |[39m [36mimport[39m { [33mTestimonialsSection[39m } [36mfrom[39m [32m"@/sections/TestimonialsSection"[39m[33m;[39m
 [90m 10 |[39m [36mimport[39m { [33mQuoteSection[39m } [36mfrom[39m [32m"@/sections/QuoteSection"[39m[33m;[39m
[31m[1m>[22m[39m[90m 11 |[39m [36mimport[39m { [33mFooter[39m } [36mfrom[39m [32m"@/components/Footer"[39m[33m;[39m
 [90m    |[39m [31m[1m^[22m[39m[31m[1m^[22m[39m[31m[1m^[22m[39m[31m[1m^[22m[39m[31m[1m^[22m[39m[31m[1m^[22m[39m[31m[1m^[22m[39m[31m[1m^[22m[39m[31m[1m^[22m[39m[31m[1m^[22m[39m[31m[1m^[22m[39m[31m[1m^[22m[39m[31m[1m^[22m[39m[31m[1m^[22m[39m[31m[1m^[22m[39m[31m[1m^[22m[39m[31m[1m^[22m[39m[31m[1m^[22m[39m[31m[1m^[22m[39m[31m[1m^[22m[39m[31m[1m^[22m[39m[31m[1m^[22m[39m[31m[1m^[22m[39m[31m[1m^[22m[39m[31m[1m^[22m[39m[31m[1m^[22m[39m[31m[1m^[22m[39m[31m[1m^[22m[39m[31m[1m^[22m[39m[31m[1m^[22m[39m[31m[1m^[22m[39m[31m[1m^[22m[39m[31m[1m^[22m[39m[31m[1m^[22m[39m[31m[1m^[22m[39m[31m[1m^[22m[39m[31m[1m^[22m[39m[31m[1m^[22m[39m[31m[1m^[22m[39m[31m[1m^[22m[39m[31m[1m^[22m[39m[31m[1m^[22m[39m[31m[1m^[22m[39m[31m[1m^[22m[39m[31m[1m^[22m[39m
 [90m 12 |[39m
 [90m 13 |[39m [36mconst[39m [33mFADE_UP_ANIMATION_VARIANTS[39m [33m=[39m {
 [90m 14 |[39m   hidden[33m:[39m { opacity[33m:[39m [35m0[39m[33m,[39m y[33m:[39m [35m30[39m }[33m,[39m[0m

Import map: aliased to relative './src/components/Footer' inside of [project]/


Import traces:
  Client Component Browser:
    ./src/app/page.tsx [Client Component Browser]
    ./src/app/page.tsx [Server Component]

  Client Component SSR:
    ./src/app/page.tsx [Client Component SSR]
    ./src/app/page.tsx [Server Component]

https://nextjs.org/docs/messages/module-not-found


⨯ ./src/app/page.tsx:11:1
Module not found: Can't resolve '@/components/Footer'
[0m [90m  9 |[39m [36mimport[39m { [33mTestimonialsSection[39m } [36mfrom[39m [32m"@/sections/TestimonialsSection"[39m[33m;[39m
 [90m 10 |[39m [36mimport[39m { [33mQuoteSection[39m } [36mfrom[39m [32m"@/sections/QuoteSection"[39m[33m;[39m
[31m[1m>[22m[39m[90m 11 |[39m [36mimport[39m { [33mFooter[39m } [36mfrom[39m [32m"@/components/Footer"[39m[33m;[39m
 [90m    |[39m [31m[1m^[22m[39m[31m[1m^[22m[39m[31m[1m^[22m[39m[31m[1m^[22m[39m[31m[1m^[22m[39m[31m[1m^[22m[39m[31m[1m^[22m[39m[31m[1m^[22m[39m[31m[1m^[22m[39m[31m[1m^[22m[39m[31m[1m^[22m[39m[31m[1m^[22m[39m[31m[1m^[22m[39m[31m[1m^[22m[39m[31m[1m^[22m[39m[31m[1m^[22m[39m[31m[1m^[22m[39m[31m[1m^[22m[39m[31m[1m^[22m[39m[31m[1m^[22m[39m[31m[1m^[22m[39m[31m[1m^[22m[39m[31m[1m^[22m[39m[31m[1m^[22m[39m[31m[1m^[22m[39m[31m[1m^[22m[39m[31m[1m^[22m[39m[31m[1m^[22m[39m[31m[1m^[22m[39m[31m[1m^[22m[39m[31m[1m^[22m[39m[31m[1m^[22m[39m[31m[1m^[22m[39m[31m[1m^[22m[39m[31m[1m^[22m[39m[31m[1m^[22m[39m[31m[1m^[22m[39m[31m[1m^[22m[39m[31m[1m^[22m[39m[31m[1m^[22m[39m[31m[1m^[22m[39m[31m[1m^[22m[39m[31m[1m^[22m[39m[31m[1m^[22m[39m[31m[1m^[22m[39m
 [90m 12 |[39m
 [90m 13 |[39m [36mconst[39m [33mFADE_UP_ANIMATION_VARIANTS[39m [33m=[39m {
 [90m 14 |[39m   hidden[33m:[39m { opacity[33m:[39m [35m0[39m[33m,[39m y[33m:[39m [35m30[39m }[33m,[39m[0m

Import map: aliased to relative './src/components/Footer' inside of [project]/


Import traces:
  Client Component Browser:
    ./src/app/page.tsx [Client Component Browser]
    ./src/app/page.tsx [Server Component]

  Client Component SSR:
    ./src/app/page.tsx [Client Component SSR]
    ./src/app/page.tsx [Server Component]

https://nextjs.org/docs/messages/module-not-found


⨯ ./src/app/page.tsx:11:1
Module not found: Can't resolve '@/components/Footer'
[0m [90m  9 |[39m [36mimport[39m { [33mTestimonialsSection[39m } [36mfrom[39m [32m"@/sections/TestimonialsSection"[39m[33m;[39m
 [90m 10 |[39m [36mimport[39m { [33mQuoteSection[39m } [36mfrom[39m [32m"@/sections/QuoteSection"[39m[33m;[39m
[31m[1m>[22m[39m[90m 11 |[39m [36mimport[39m { [33mFooter[39m } [36mfrom[39m [32m"@/components/Footer"[39m[33m;[39m
 [90m    |[39m [31m[1m^[22m[39m[31m[1m^[22m[39m[31m[1m^[22m[39m[31m[1m^[22m[39m[31m[1m^[22m[39m[31m[1m^[22m[39m[31m[1m^[22m[39m[31m[1m^[22m[39m[31m[1m^[22m[39m[31m[1m^[22m[39m[31m[1m^[22m[39m[31m[1m^[22m[39m[31m[1m^[22m[39m[31m[1m^[22m[39m[31m[1m^[22m[39m[31m[1m^[22m[39m[31m[1m^[22m[39m[31m[1m^[22m[39m[31m[1m^[22m[39m[31m[1m^[22m[39m[31m[1m^[22m[39m[31m[1m^[22m[39m[31m[1m^[22m[39m[31m[1m^[22m[39m[31m[1m^[22m[39m[31m[1m^[22m[39m[31m[1m^[22m[39m[31m[1m^[22m[39m[31m[1m^[22m[39m[31m[1m^[22m[39m[31m[1m^[22m[39m[31m[1m^[22m[39m[31m[1m^[22m[39m[31m[1m^[22m[39m[31m[1m^[22m[39m[31m[1m^[22m[39m[31m[1m^[22m[39m[31m[1m^[22m[39m[31m[1m^[22m[39m[31m[1m^[22m[39m[31m[1m^[22m[39m[31m[1m^[22m[39m[31m[1m^[22m[39m[31m[1m^[22m[39m[31m[1m^[22m[39m
 [90m 12 |[39m
 [90m 13 |[39m [36mconst[39m [33mFADE_UP_ANIMATION_VARIANTS[39m [33m=[39m {
 [90m 14 |[39m   hidden[33m:[39m { opacity[33m:[39m [35m0[39m[33m,[39m y[33m:[39m [35m30[39m }[33m,[39m[0m

Import map: aliased to relative './src/components/Footer' inside of [project]/


Import traces:
  Client Component Browser:
    ./src/app/page.tsx [Client Component Browser]
    ./src/app/page.tsx [Server Component]

  Client Component SSR:
    ./src/app/page.tsx [Client Component SSR]
    ./src/app/page.tsx [Server Component]

https://nextjs.org/docs/messages/module-not-found


⨯ ./src/app/page.tsx:4:1
Module not found: Can't resolve '@/components/Navbar'
[0m [90m 2 |[39m
 [90m 3 |[39m [36mimport[39m { motion } [36mfrom[39m [32m"framer-motion"[39m[33m;[39m
[31m[1m>[22m[39m[90m 4 |[39m [36mimport[39m { [33mNavbar[39m } [36mfrom[39m [32m"@/components/Navbar"[39m[33m;[39m
 [90m   |[39m [31m[1m^[22m[39m[31m[1m^[22m[39m[31m[1m^[22m[39m[31m[1m^[22m[39m[31m[1m^[22m[39m[31m[1m^[22m[39m[31m[1m^[22m[39m[31m[1m^[22m[39m[31m[1m^[22m[39m[31m[1m^[22m[39m[31m[1m^[22m[39m[31m[1m^[22m[39m[31m[1m^[22m[39m[31m[1m^[22m[39m[31m[1m^[22m[39m[31m[1m^[22m[39m[31m[1m^[22m[39m[31m[1m^[22m[39m[31m[1m^[22m[39m[31m[1m^[22m[39m[31m[1m^[22m[39m[31m[1m^[22m[39m[31m[1m^[22m[39m[31m[1m^[22m[39m[31m[1m^[22m[39m[31m[1m^[22m[39m[31m[1m^[22m[39m[31m[1m^[22m[39m[31m[1m^[22m[39m[31m[1m^[22m[39m[31m[1m^[22m[39m[31m[1m^[22m[39m[31m[1m^[22m[39m[31m[1m^[22m[39m[31m[1m^[22m[39m[31m[1m^[22m[39m[31m[1m^[22m[39m[31m[1m^[22m[39m[31m[1m^[22m[39m[31m[1m^[22m[39m[31m[1m^[22m[39m[31m[1m^[22m[39m[31m[1m^[22m[39m[31m[1m^[22m[39m[31m[1m^[22m[39m
 [90m 5 |[39m [36mimport[39m { [33mHeroSection[39m } [36mfrom[39m [32m"@/sections/HeroSection"[39m[33m;[39m
 [90m 6 |[39m [36mimport[39m { [33mPricingSection[39m } [36mfrom[39m [32m"@/sections/PricingSection"[39m[33m;[39m
 [90m 7 |[39m [36mimport[39m { [33mResultsSection[39m } [36mfrom[39m [32m"@/sections/ResultsSection"[39m[33m;[39m[0m

Import map: aliased to relative './src/components/Navbar' inside of [project]/


Import traces:
  Client Component Browser:
    ./src/app/page.tsx [Client Component Browser]
    ./src/app/page.tsx [Server Component]

  Client Component SSR:
    ./src/app/page.tsx [Client Component SSR]
    ./src/app/page.tsx [Server Component]

https://nextjs.org/docs/messages/module-not-found


⨯ ./src/app/page.tsx:4:1
Module not found: Can't resolve '@/components/Navbar'
[0m [90m 2 |[39m
 [90m 3 |[39m [36mimport[39m { motion } [36mfrom[39m [32m"framer-motion"[39m[33m;[39m
[31m[1m>[22m[39m[90m 4 |[39m [36mimport[39m { [33mNavbar[39m } [36mfrom[39m [32m"@/components/Navbar"[39m[33m;[39m
 [90m   |[39m [31m[1m^[22m[39m[31m[1m^[22m[39m[31m[1m^[22m[39m[31m[1m^[22m[39m[31m[1m^[22m[39m[31m[1m^[22m[39m[31m[1m^[22m[39m[31m[1m^[22m[39m[31m[1m^[22m[39m[31m[1m^[22m[39m[31m[1m^[22m[39m[31m[1m^[22m[39m[31m[1m^[22m[39m[31m[1m^[22m[39m[31m[1m^[22m[39m[31m[1m^[22m[39m[31m[1m^[22m[39m[31m[1m^[22m[39m[31m[1m^[22m[39m[31m[1m^[22m[39m[31m[1m^[22m[39m[31m[1m^[22m[39m[31m[1m^[22m[39m[31m[1m^[22m[39m[31m[1m^[22m[39m[31m[1m^[22m[39m[31m[1m^[22m[39m[31m[1m^[22m[39m[31m[1m^[22m[39m[31m[1m^[22m[39m[31m[1m^[22m[39m[31m[1m^[22m[39m[31m[1m^[22m[39m[31m[1m^[22m[39m[31m[1m^[22m[39m[31m[1m^[22m[39m[31m[1m^[22m[39m[31m[1m^[22m[39m[31m[1m^[22m[39m[31m[1m^[22m[39m[31m[1m^[22m[39m[31m[1m^[22m[39m[31m[1m^[22m[39m[31m[1m^[22m[39m[31m[1m^[22m[39m
 [90m 5 |[39m [36mimport[39m { [33mHeroSection[39m } [36mfrom[39m [32m"@/sections/HeroSection"[39m[33m;[39m
 [90m 6 |[39m [36mimport[39m { [33mPricingSection[39m } [36mfrom[39m [32m"@/sections/PricingSection"[39m[33m;[39m
 [90m 7 |[39m [36mimport[39m { [33mResultsSection[39m } [36mfrom[39m [32m"@/sections/ResultsSection"[39m[33m;[39m[0m

Import map: aliased to relative './src/components/Navbar' inside of [project]/


Import traces:
  Client Component Browser:
    ./src/app/page.tsx [Client Component Browser]
    ./src/app/page.tsx [Server Component]

  Client Component SSR:
    ./src/app/page.tsx [Client Component SSR]
    ./src/app/page.tsx [Server Component]

https://nextjs.org/docs/messages/module-not-found


⨯ ./src/app/page.tsx:4:1
Module not found: Can't resolve '@/components/Navbar'
[0m [90m 2 |[39m
 [90m 3 |[39m [36mimport[39m { motion } [36mfrom[39m [32m"framer-motion"[39m[33m;[39m
[31m[1m>[22m[39m[90m 4 |[39m [36mimport[39m { [33mNavbar[39m } [36mfrom[39m [32m"@/components/Navbar"[39m[33m;[39m
 [90m   |[39m [31m[1m^[22m[39m[31m[1m^[22m[39m[31m[1m^[22m[39m[31m[1m^[22m[39m[31m[1m^[22m[39m[31m[1m^[22m[39m[31m[1m^[22m[39m[31m[1m^[22m[39m[31m[1m^[22m[39m[31m[1m^[22m[39m[31m[1m^[22m[39m[31m[1m^[22m[39m[31m[1m^[22m[39m[31m[1m^[22m[39m[31m[1m^[22m[39m[31m[1m^[22m[39m[31m[1m^[22m[39m[31m[1m^[22m[39m[31m[1m^[22m[39m[31m[1m^[22m[39m[31m[1m^[22m[39m[31m[1m^[22m[39m[31m[1m^[22m[39m[31m[1m^[22m[39m[31m[1m^[22m[39m[31m[1m^[22m[39m[31m[1m^[22m[39m[31m[1m^[22m[39m[31m[1m^[22m[39m[31m[1m^[22m[39m[31m[1m^[22m[39m[31m[1m^[22m[39m[31m[1m^[22m[39m[31m[1m^[22m[39m[31m[1m^[22m[39m[31m[1m^[22m[39m[31m[1m^[22m[39m[31m[1m^[22m[39m[31m[1m^[22m[39m[31m[1m^[22m[39m[31m[1m^[22m[39m[31m[1m^[22m[39m[31m[1m^[22m[39m[31m[1m^[22m[39m[31m[1m^[22m[39m
 [90m 5 |[39m [36mimport[39m { [33mHeroSection[39m } [36mfrom[39m [32m"@/sections/HeroSection"[39m[33m;[39m
 [90m 6 |[39m [36mimport[39m { [33mPricingSection[39m } [36mfrom[39m [32m"@/sections/PricingSection"[39m[33m;[39m
 [90m 7 |[39m [36mimport[39m { [33mResultsSection[39m } [36mfrom[39m [32m"@/sections/ResultsSection"[39m[33m;[39m[0m

Import map: aliased to relative './src/components/Navbar' inside of [project]/


Import traces:
  Client Component Browser:
    ./src/app/page.tsx [Client Component Browser]
    ./src/app/page.tsx [Server Component]

  Client Component SSR:
    ./src/app/page.tsx [Client Component SSR]
    ./src/app/page.tsx [Server Component]

https://nextjs.org/docs/messages/module-not-found


⨯ ./src/app/page.tsx:4:1
Module not found: Can't resolve '@/components/Navbar'
[0m [90m 2 |[39m
 [90m 3 |[39m [36mimport[39m { motion } [36mfrom[39m [32m"framer-motion"[39m[33m;[39m
[31m[1m>[22m[39m[90m 4 |[39m [36mimport[39m { [33mNavbar[39m } [36mfrom[39m [32m"@/components/Navbar"[39m[33m;[39m
 [90m   |[39m [31m[1m^[22m[39m[31m[1m^[22m[39m[31m[1m^[22m[39m[31m[1m^[22m[39m[31m[1m^[22m[39m[31m[1m^[22m[39m[31m[1m^[22m[39m[31m[1m^[22m[39m[31m[1m^[22m[39m[31m[1m^[22m[39m[31m[1m^[22m[39m[31m[1m^[22m[39m[31m[1m^[22m[39m[31m[1m^[22m[39m[31m[1m^[22m[39m[31m[1m^[22m[39m[31m[1m^[22m[39m[31m[1m^[22m[39m[31m[1m^[22m[39m[31m[1m^[22m[39m[31m[1m^[22m[39m[31m[1m^[22m[39m[31m[1m^[22m[39m[31m[1m^[22m[39m[31m[1m^[22m[39m[31m[1m^[22m[39m[31m[1m^[22m[39m[31m[1m^[22m[39m[31m[1m^[22m[39m[31m[1m^[22m[39m[31m[1m^[22m[39m[31m[1m^[22m[39m[31m[1m^[22m[39m[31m[1m^[22m[39m[31m[1m^[22m[39m[31m[1m^[22m[39m[31m[1m^[22m[39m[31m[1m^[22m[39m[31m[1m^[22m[39m[31m[1m^[22m[39m[31m[1m^[22m[39m[31m[1m^[22m[39m[31m[1m^[22m[39m[31m[1m^[22m[39m[31m[1m^[22m[39m
 [90m 5 |[39m [36mimport[39m { [33mHeroSection[39m } [36mfrom[39m [32m"@/sections/HeroSection"[39m[33m;[39m
 [90m 6 |[39m [36mimport[39m { [33mPricingSection[39m } [36mfrom[39m [32m"@/sections/PricingSection"[39m[33m;[39m
 [90m 7 |[39m [36mimport[39m { [33mResultsSection[39m } [36mfrom[39m [32m"@/sections/ResultsSection"[39m[33m;[39m[0m

Import map: aliased to relative './src/components/Navbar' inside of [project]/


Import traces:
  Client Component Browser:
    ./src/app/page.tsx [Client Component Browser]
    ./src/app/page.tsx [Server Component]

  Client Component SSR:
    ./src/app/page.tsx [Client Component SSR]
    ./src/app/page.tsx [Server Component]

https://nextjs.org/docs/messages/module-not-found


⨯ ./src/app/page.tsx:8:1
Module not found: Can't resolve '@/sections/ConfiguratorSection'
[0m [90m  6 |[39m [36mimport[39m { [33mPricingSection[39m } [36mfrom[39m [32m"@/sections/PricingSection"[39m[33m;[39m
 [90m  7 |[39m [36mimport[39m { [33mResultsSection[39m } [36mfrom[39m [32m"@/sections/ResultsSection"[39m[33m;[39m
[31m[1m>[22m[39m[90m  8 |[39m [36mimport[39m { [33mConfiguratorSection[39m } [36mfrom[39m [32m"@/sections/ConfiguratorSection"[39m[33m;[39m
 [90m    |[39m [31m[1m^[22m[39m[31m[1m^[22m[39m[31m[1m^[22m[39m[31m[1m^[22m[39m[31m[1m^[22m[39m[31m[1m^[22m[39m[31m[1m^[22m[39m[31m[1m^[22m[39m[31m[1m^[22m[39m[31m[1m^[22m[39m[31m[1m^[22m[39m[31m[1m^[22m[39m[31m[1m^[22m[39m[31m[1m^[22m[39m[31m[1m^[22m[39m[31m[1m^[22m[39m[31m[1m^[22m[39m[31m[1m^[22m[39m[31m[1m^[22m[39m[31m[1m^[22m[39m[31m[1m^[22m[39m[31m[1m^[22m[39m[31m[1m^[22m[39m[31m[1m^[22m[39m[31m[1m^[22m[39m[31m[1m^[22m[39m[31m[1m^[22m[39m[31m[1m^[22m[39m[31m[1m^[22m[39m[31m[1m^[22m[39m[31m[1m^[22m[39m[31m[1m^[22m[39m[31m[1m^[22m[39m[31m[1m^[22m[39m[31m[1m^[22m[39m[31m[1m^[22m[39m[31m[1m^[22m[39m[31m[1m^[22m[39m[31m[1m^[22m[39m[31m[1m^[22m[39m[31m[1m^[22m[39m[31m[1m^[22m[39m[31m[1m^[22m[39m[31m[1m^[22m[39m[31m[1m^[22m[39m[31m[1m^[22m[39m[31m[1m^[22m[39m[31m[1m^[22m[39m[31m[1m^[22m[39m[31m[1m^[22m[39m[31m[1m^[22m[39m[31m[1m^[22m[39m[31m[1m^[22m[39m[31m[1m^[22m[39m[31m[1m^[22m[39m[31m[1m^[22m[39m[31m[1m^[22m[39m[31m[1m^[22m[39m[31m[1m^[22m[39m[31m[1m^[22m[39m[31m[1m^[22m[39m[31m[1m^[22m[39m[31m[1m^[22m[39m[31m[1m^[22m[39m[31m[1m^[22m[39m[31m[1m^[22m[39m[31m[1m^[22m[39m[31m[1m^[22m[39m[31m[1m^[22m[39m
 [90m  9 |[39m [36mimport[39m { [33mTestimonialsSection[39m } [36mfrom[39m [32m"@/sections/TestimonialsSection"[39m[33m;[39m
 [90m 10 |[39m [36mimport[39m { [33mQuoteSection[39m } [36mfrom[39m [32m"@/sections/QuoteSection"[39m[33m;[39m
 [90m 11 |[39m [36mimport[39m { [33mFooter[39m } [36mfrom[39m [32m"@/components/Footer"[39m[33m;[39m[0m

Import map: aliased to relative './src/sections/ConfiguratorSection' inside of [project]/


Import traces:
  Client Component Browser:
    ./src/app/page.tsx [Client Component Browser]
    ./src/app/page.tsx [Server Component]

  Client Component SSR:
    ./src/app/page.tsx [Client Component SSR]
    ./src/app/page.tsx [Server Component]

https://nextjs.org/docs/messages/module-not-found


⨯ ./src/app/page.tsx:8:1
Module not found: Can't resolve '@/sections/ConfiguratorSection'
[0m [90m  6 |[39m [36mimport[39m { [33mPricingSection[39m } [36mfrom[39m [32m"@/sections/PricingSection"[39m[33m;[39m
 [90m  7 |[39m [36mimport[39m { [33mResultsSection[39m } [36mfrom[39m [32m"@/sections/ResultsSection"[39m[33m;[39m
[31m[1m>[22m[39m[90m  8 |[39m [36mimport[39m { [33mConfiguratorSection[39m } [36mfrom[39m [32m"@/sections/ConfiguratorSection"[39m[33m;[39m
 [90m    |[39m [31m[1m^[22m[39m[31m[1m^[22m[39m[31m[1m^[22m[39m[31m[1m^[22m[39m[31m[1m^[22m[39m[31m[1m^[22m[39m[31m[1m^[22m[39m[31m[1m^[22m[39m[31m[1m^[22m[39m[31m[1m^[22m[39m[31m[1m^[22m[39m[31m[1m^[22m[39m[31m[1m^[22m[39m[31m[1m^[22m[39m[31m[1m^[22m[39m[31m[1m^[22m[39m[31m[1m^[22m[39m[31m[1m^[22m[39m[31m[1m^[22m[39m[31m[1m^[22m[39m[31m[1m^[22m[39m[31m[1m^[22m[39m[31m[1m^[22m[39m[31m[1m^[22m[39m[31m[1m^[22m[39m[31m[1m^[22m[39m[31m[1m^[22m[39m[31m[1m^[22m[39m[31m[1m^[22m[39m[31m[1m^[22m[39m[31m[1m^[22m[39m[31m[1m^[22m[39m[31m[1m^[22m[39m[31m[1m^[22m[39m[31m[1m^[22m[39m[31m[1m^[22m[39m[31m[1m^[22m[39m[31m[1m^[22m[39m[31m[1m^[22m[39m[31m[1m^[22m[39m[31m[1m^[22m[39m[31m[1m^[22m[39m[31m[1m^[22m[39m[31m[1m^[22m[39m[31m[1m^[22m[39m[31m[1m^[22m[39m[31m[1m^[22m[39m[31m[1m^[22m[39m[31m[1m^[22m[39m[31m[1m^[22m[39m[31m[1m^[22m[39m[31m[1m^[22m[39m[31m[1m^[22m[39m[31m[1m^[22m[39m[31m[1m^[22m[39m[31m[1m^[22m[39m[31m[1m^[22m[39m[31m[1m^[22m[39m[31m[1m^[22m[39m[31m[1m^[22m[39m[31m[1m^[22m[39m[31m[1m^[22m[39m[31m[1m^[22m[39m[31m[1m^[22m[39m[31m[1m^[22m[39m[31m[1m^[22m[39m[31m[1m^[22m[39m[31m[1m^[22m[39m[31m[1m^[22m[39m
 [90m  9 |[39m [36mimport[39m { [33mTestimonialsSection[39m } [36mfrom[39m [32m"@/sections/TestimonialsSection"[39m[33m;[39m
 [90m 10 |[39m [36mimport[39m { [33mQuoteSection[39m } [36mfrom[39m [32m"@/sections/QuoteSection"[39m[33m;[39m
 [90m 11 |[39m [36mimport[39m { [33mFooter[39m } [36mfrom[39m [32m"@/components/Footer"[39m[33m;[39m[0m

Import map: aliased to relative './src/sections/ConfiguratorSection' inside of [project]/


Import traces:
  Client Component Browser:
    ./src/app/page.tsx [Client Component Browser]
    ./src/app/page.tsx [Server Component]

  Client Component SSR:
    ./src/app/page.tsx [Client Component SSR]
    ./src/app/page.tsx [Server Component]

https://nextjs.org/docs/messages/module-not-found


⨯ ./src/app/page.tsx:8:1
Module not found: Can't resolve '@/sections/ConfiguratorSection'
[0m [90m  6 |[39m [36mimport[39m { [33mPricingSection[39m } [36mfrom[39m [32m"@/sections/PricingSection"[39m[33m;[39m
 [90m  7 |[39m [36mimport[39m { [33mResultsSection[39m } [36mfrom[39m [32m"@/sections/ResultsSection"[39m[33m;[39m
[31m[1m>[22m[39m[90m  8 |[39m [36mimport[39m { [33mConfiguratorSection[39m } [36mfrom[39m [32m"@/sections/ConfiguratorSection"[39m[33m;[39m
 [90m    |[39m [31m[1m^[22m[39m[31m[1m^[22m[39m[31m[1m^[22m[39m[31m[1m^[22m[39m[31m[1m^[22m[39m[31m[1m^[22m[39m[31m[1m^[22m[39m[31m[1m^[22m[39m[31m[1m^[22m[39m[31m[1m^[22m[39m[31m[1m^[22m[39m[31m[1m^[22m[39m[31m[1m^[22m[39m[31m[1m^[22m[39m[31m[1m^[22m[39m[31m[1m^[22m[39m[31m[1m^[22m[39m[31m[1m^[22m[39m[31m[1m^[22m[39m[31m[1m^[22m[39m[31m[1m^[22m[39m[31m[1m^[22m[39m[31m[1m^[22m[39m[31m[1m^[22m[39m[31m[1m^[22m[39m[31m[1m^[22m[39m[31m[1m^[22m[39m[31m[1m^[22m[39m[31m[1m^[22m[39m[31m[1m^[22m[39m[31m[1m^[22m[39m[31m[1m^[22m[39m[31m[1m^[22m[39m[31m[1m^[22m[39m[31m[1m^[22m[39m[31m[1m^[22m[39m[31m[1m^[22m[39m[31m[1m^[22m[39m[31m[1m^[22m[39m[31m[1m^[22m[39m[31m[1m^[22m[39m[31m[1m^[22m[39m[31m[1m^[22m[39m[31m[1m^[22m[39m[31m[1m^[22m[39m[31m[1m^[22m[39m[31m[1m^[22m[39m[31m[1m^[22m[39m[31m[1m^[22m[39m[31m[1m^[22m[39m[31m[1m^[22m[39m[31m[1m^[22m[39m[31m[1m^[22m[39m[31m[1m^[22m[39m[31m[1m^[22m[39m[31m[1m^[22m[39m[31m[1m^[22m[39m[31m[1m^[22m[39m[31m[1m^[22m[39m[31m[1m^[22m[39m[31m[1m^[22m[39m[31m[1m^[22m[39m[31m[1m^[22m[39m[31m[1m^[22m[39m[31m[1m^[22m[39m[31m[1m^[22m[39m[31m[1m^[22m[39m[31m[1m^[22m[39m[31m[1m^[22m[39m
 [90m  9 |[39m [36mimport[39m { [33mTestimonialsSection[39m } [36mfrom[39m [32m"@/sections/TestimonialsSection"[39m[33m;[39m
 [90m 10 |[39m [36mimport[39m { [33mQuoteSection[39m } [36mfrom[39m [32m"@/sections/QuoteSection"[39m[33m;[39m
 [90m 11 |[39m [36mimport[39m { [33mFooter[39m } [36mfrom[39m [32m"@/components/Footer"[39m[33m;[39m[0m

Import map: aliased to relative './src/sections/ConfiguratorSection' inside of [project]/


Import traces:
  Client Component Browser:
    ./src/app/page.tsx [Client Component Browser]
    ./src/app/page.tsx [Server Component]

  Client Component SSR:
    ./src/app/page.tsx [Client Component SSR]
    ./src/app/page.tsx [Server Component]

https://nextjs.org/docs/messages/module-not-found


⨯ ./src/app/page.tsx:8:1
Module not found: Can't resolve '@/sections/ConfiguratorSection'
[0m [90m  6 |[39m [36mimport[39m { [33mPricingSection[39m } [36mfrom[39m [32m"@/sections/PricingSection"[39m[33m;[39m
 [90m  7 |[39m [36mimport[39m { [33mResultsSection[39m } [36mfrom[39m [32m"@/sections/ResultsSection"[39m[33m;[39m
[31m[1m>[22m[39m[90m  8 |[39m [36mimport[39m { [33mConfiguratorSection[39m } [36mfrom[39m [32m"@/sections/ConfiguratorSection"[39m[33m;[39m
 [90m    |[39m [31m[1m^[22m[39m[31m[1m^[22m[39m[31m[1m^[22m[39m[31m[1m^[22m[39m[31m[1m^[22m[39m[31m[1m^[22m[39m[31m[1m^[22m[39m[31m[1m^[22m[39m[31m[1m^[22m[39m[31m[1m^[22m[39m[31m[1m^[22m[39m[31m[1m^[22m[39m[31m[1m^[22m[39m[31m[1m^[22m[39m[31m[1m^[22m[39m[31m[1m^[22m[39m[31m[1m^[22m[39m[31m[1m^[22m[39m[31m[1m^[22m[39m[31m[1m^[22m[39m[31m[1m^[22m[39m[31m[1m^[22m[39m[31m[1m^[22m[39m[31m[1m^[22m[39m[31m[1m^[22m[39m[31m[1m^[22m[39m[31m[1m^[22m[39m[31m[1m^[22m[39m[31m[1m^[22m[39m[31m[1m^[22m[39m[31m[1m^[22m[39m[31m[1m^[22m[39m[31m[1m^[22m[39m[31m[1m^[22m[39m[31m[1m^[22m[39m[31m[1m^[22m[39m[31m[1m^[22m[39m[31m[1m^[22m[39m[31m[1m^[22m[39m[31m[1m^[22m[39m[31m[1m^[22m[39m[31m[1m^[22m[39m[31m[1m^[22m[39m[31m[1m^[22m[39m[31m[1m^[22m[39m[31m[1m^[22m[39m[31m[1m^[22m[39m[31m[1m^[22m[39m[31m[1m^[22m[39m[31m[1m^[22m[39m[31m[1m^[22m[39m[31m[1m^[22m[39m[31m[1m^[22m[39m[31m[1m^[22m[39m[31m[1m^[22m[39m[31m[1m^[22m[39m[31m[1m^[22m[39m[31m[1m^[22m[39m[31m[1m^[22m[39m[31m[1m^[22m[39m[31m[1m^[22m[39m[31m[1m^[22m[39m[31m[1m^[22m[39m[31m[1m^[22m[39m[31m[1m^[22m[39m[31m[1m^[22m[39m[31m[1m^[22m[39m[31m[1m^[22m[39m[31m[1m^[22m[39m
 [90m  9 |[39m [36mimport[39m { [33mTestimonialsSection[39m } [36mfrom[39m [32m"@/sections/TestimonialsSection"[39m[33m;[39m
 [90m 10 |[39m [36mimport[39m { [33mQuoteSection[39m } [36mfrom[39m [32m"@/sections/QuoteSection"[39m[33m;[39m
 [90m 11 |[39m [36mimport[39m { [33mFooter[39m } [36mfrom[39m [32m"@/components/Footer"[39m[33m;[39m[0m

Import map: aliased to relative './src/sections/ConfiguratorSection' inside of [project]/


Import traces:
  Client Component Browser:
    ./src/app/page.tsx [Client Component Browser]
    ./src/app/page.tsx [Server Component]

  Client Component SSR:
    ./src/app/page.tsx [Client Component SSR]
    ./src/app/page.tsx [Server Component]

https://nextjs.org/docs/messages/module-not-found


⨯ ./src/app/page.tsx:5:1
Module not found: Can't resolve '@/sections/HeroSection'
[0m [90m 3 |[39m [36mimport[39m { motion } [36mfrom[39m [32m"framer-motion"[39m[33m;[39m
 [90m 4 |[39m [36mimport[39m { [33mNavbar[39m } [36mfrom[39m [32m"@/components/Navbar"[39m[33m;[39m
[31m[1m>[22m[39m[90m 5 |[39m [36mimport[39m { [33mHeroSection[39m } [36mfrom[39m [32m"@/sections/HeroSection"[39m[33m;[39m
 [90m   |[39m [31m[1m^[22m[39m[31m[1m^[22m[39m[31m[1m^[22m[39m[31m[1m^[22m[39m[31m[1m^[22m[39m[31m[1m^[22m[39m[31m[1m^[22m[39m[31m[1m^[22m[39m[31m[1m^[22m[39m[31m[1m^[22m[39m[31m[1m^[22m[39m[31m[1m^[22m[39m[31m[1m^[22m[39m[31m[1m^[22m[39m[31m[1m^[22m[39m[31m[1m^[22m[39m[31m[1m^[22m[39m[31m[1m^[22m[39m[31m[1m^[22m[39m[31m[1m^[22m[39m[31m[1m^[22m[39m[31m[1m^[22m[39m[31m[1m^[22m[39m[31m[1m^[22m[39m[31m[1m^[22m[39m[31m[1m^[22m[39m[31m[1m^[22m[39m[31m[1m^[22m[39m[31m[1m^[22m[39m[31m[1m^[22m[39m[31m[1m^[22m[39m[31m[1m^[22m[39m[31m[1m^[22m[39m[31m[1m^[22m[39m[31m[1m^[22m[39m[31m[1m^[22m[39m[31m[1m^[22m[39m[31m[1m^[22m[39m[31m[1m^[22m[39m[31m[1m^[22m[39m[31m[1m^[22m[39m[31m[1m^[22m[39m[31m[1m^[22m[39m[31m[1m^[22m[39m[31m[1m^[22m[39m[31m[1m^[22m[39m[31m[1m^[22m[39m[31m[1m^[22m[39m[31m[1m^[22m[39m[31m[1m^[22m[39m[31m[1m^[22m[39m[31m[1m^[22m[39m[31m[1m^[22m[39m
 [90m 6 |[39m [36mimport[39m { [33mPricingSection[39m } [36mfrom[39m [32m"@/sections/PricingSection"[39m[33m;[39m
 [90m 7 |[39m [36mimport[39m { [33mResultsSection[39m } [36mfrom[39m [32m"@/sections/ResultsSection"[39m[33m;[39m
 [90m 8 |[39m [36mimport[39m { [33mConfiguratorSection[39m } [36mfrom[39m [32m"@/sections/ConfiguratorSection"[39m[33m;[39m[0m

Import map: aliased to relative './src/sections/HeroSection' inside of [project]/


Import traces:
  Client Component Browser:
    ./src/app/page.tsx [Client Component Browser]
    ./src/app/page.tsx [Server Component]

  Client Component SSR:
    ./src/app/page.tsx [Client Component SSR]
    ./src/app/page.tsx [Server Component]

https://nextjs.org/docs/messages/module-not-found


⨯ ./src/app/page.tsx:5:1
Module not found: Can't resolve '@/sections/HeroSection'
[0m [90m 3 |[39m [36mimport[39m { motion } [36mfrom[39m [32m"framer-motion"[39m[33m;[39m
 [90m 4 |[39m [36mimport[39m { [33mNavbar[39m } [36mfrom[39m [32m"@/components/Navbar"[39m[33m;[39m
[31m[1m>[22m[39m[90m 5 |[39m [36mimport[39m { [33mHeroSection[39m } [36mfrom[39m [32m"@/sections/HeroSection"[39m[33m;[39m
 [90m   |[39m [31m[1m^[22m[39m[31m[1m^[22m[39m[31m[1m^[22m[39m[31m[1m^[22m[39m[31m[1m^[22m[39m[31m[1m^[22m[39m[31m[1m^[22m[39m[31m[1m^[22m[39m[31m[1m^[22m[39m[31m[1m^[22m[39m[31m[1m^[22m[39m[31m[1m^[22m[39m[31m[1m^[22m[39m[31m[1m^[22m[39m[31m[1m^[22m[39m[31m[1m^[22m[39m[31m[1m^[22m[39m[31m[1m^[22m[39m[31m[1m^[22m[39m[31m[1m^[22m[39m[31m[1m^[22m[39m[31m[1m^[22m[39m[31m[1m^[22m[39m[31m[1m^[22m[39m[31m[1m^[22m[39m[31m[1m^[22m[39m[31m[1m^[22m[39m[31m[1m^[22m[39m[31m[1m^[22m[39m[31m[1m^[22m[39m[31m[1m^[22m[39m[31m[1m^[22m[39m[31m[1m^[22m[39m[31m[1m^[22m[39m[31m[1m^[22m[39m[31m[1m^[22m[39m[31m[1m^[22m[39m[31m[1m^[22m[39m[31m[1m^[22m[39m[31m[1m^[22m[39m[31m[1m^[22m[39m[31m[1m^[22m[39m[31m[1m^[22m[39m[31m[1m^[22m[39m[31m[1m^[22m[39m[31m[1m^[22m[39m[31m[1m^[22m[39m[31m[1m^[22m[39m[31m[1m^[22m[39m[31m[1m^[22m[39m[31m[1m^[22m[39m[31m[1m^[22m[39m[31m[1m^[22m[39m
 [90m 6 |[39m [36mimport[39m { [33mPricingSection[39m } [36mfrom[39m [32m"@/sections/PricingSection"[39m[33m;[39m
 [90m 7 |[39m [36mimport[39m { [33mResultsSection[39m } [36mfrom[39m [32m"@/sections/ResultsSection"[39m[33m;[39m
 [90m 8 |[39m [36mimport[39m { [33mConfiguratorSection[39m } [36mfrom[39m [32m"@/sections/ConfiguratorSection"[39m[33m;[39m[0m

Import map: aliased to relative './src/sections/HeroSection' inside of [project]/


Import traces:
  Client Component Browser:
    ./src/app/page.tsx [Client Component Browser]
    ./src/app/page.tsx [Server Component]

  Client Component SSR:
    ./src/app/page.tsx [Client Component SSR]
    ./src/app/page.tsx [Server Component]

https://nextjs.org/docs/messages/module-not-found


⨯ ./src/app/page.tsx:5:1
Module not found: Can't resolve '@/sections/HeroSection'
[0m [90m 3 |[39m [36mimport[39m { motion } [36mfrom[39m [32m"framer-motion"[39m[33m;[39m
 [90m 4 |[39m [36mimport[39m { [33mNavbar[39m } [36mfrom[39m [32m"@/components/Navbar"[39m[33m;[39m
[31m[1m>[22m[39m[90m 5 |[39m [36mimport[39m { [33mHeroSection[39m } [36mfrom[39m [32m"@/sections/HeroSection"[39m[33m;[39m
 [90m   |[39m [31m[1m^[22m[39m[31m[1m^[22m[39m[31m[1m^[22m[39m[31m[1m^[22m[39m[31m[1m^[22m[39m[31m[1m^[22m[39m[31m[1m^[22m[39m[31m[1m^[22m[39m[31m[1m^[22m[39m[31m[1m^[22m[39m[31m[1m^[22m[39m[31m[1m^[22m[39m[31m[1m^[22m[39m[31m[1m^[22m[39m[31m[1m^[22m[39m[31m[1m^[22m[39m[31m[1m^[22m[39m[31m[1m^[22m[39m[31m[1m^[22m[39m[31m[1m^[22m[39m[31m[1m^[22m[39m[31m[1m^[22m[39m[31m[1m^[22m[39m[31m[1m^[22m[39m[31m[1m^[22m[39m[31m[1m^[22m[39m[31m[1m^[22m[39m[31m[1m^[22m[39m[31m[1m^[22m[39m[31m[1m^[22m[39m[31m[1m^[22m[39m[31m[1m^[22m[39m[31m[1m^[22m[39m[31m[1m^[22m[39m[31m[1m^[22m[39m[31m[1m^[22m[39m[31m[1m^[22m[39m[31m[1m^[22m[39m[31m[1m^[22m[39m[31m[1m^[22m[39m[31m[1m^[22m[39m[31m[1m^[22m[39m[31m[1m^[22m[39m[31m[1m^[22m[39m[31m[1m^[22m[39m[31m[1m^[22m[39m[31m[1m^[22m[39m[31m[1m^[22m[39m[31m[1m^[22m[39m[31m[1m^[22m[39m[31m[1m^[22m[39m[31m[1m^[22m[39m[31m[1m^[22m[39m
 [90m 6 |[39m [36mimport[39m { [33mPricingSection[39m } [36mfrom[39m [32m"@/sections/PricingSection"[39m[33m;[39m
 [90m 7 |[39m [36mimport[39m { [33mResultsSection[39m } [36mfrom[39m [32m"@/sections/ResultsSection"[39m[33m;[39m
 [90m 8 |[39m [36mimport[39m { [33mConfiguratorSection[39m } [36mfrom[39m [32m"@/sections/ConfiguratorSection"[39m[33m;[39m[0m

Import map: aliased to relative './src/sections/HeroSection' inside of [project]/


Import traces:
  Client Component Browser:
    ./src/app/page.tsx [Client Component Browser]
    ./src/app/page.tsx [Server Component]

  Client Component SSR:
    ./src/app/page.tsx [Client Component SSR]
    ./src/app/page.tsx [Server Component]

https://nextjs.org/docs/messages/module-not-found


⨯ ./src/app/page.tsx:5:1
Module not found: Can't resolve '@/sections/HeroSection'
[0m [90m 3 |[39m [36mimport[39m { motion } [36mfrom[39m [32m"framer-motion"[39m[33m;[39m
 [90m 4 |[39m [36mimport[39m { [33mNavbar[39m } [36mfrom[39m [32m"@/components/Navbar"[39m[33m;[39m
[31m[1m>[22m[39m[90m 5 |[39m [36mimport[39m { [33mHeroSection[39m } [36mfrom[39m [32m"@/sections/HeroSection"[39m[33m;[39m
 [90m   |[39m [31m[1m^[22m[39m[31m[1m^[22m[39m[31m[1m^[22m[39m[31m[1m^[22m[39m[31m[1m^[22m[39m[31m[1m^[22m[39m[31m[1m^[22m[39m[31m[1m^[22m[39m[31m[1m^[22m[39m[31m[1m^[22m[39m[31m[1m^[22m[39m[31m[1m^[22m[39m[31m[1m^[22m[39m[31m[1m^[22m[39m[31m[1m^[22m[39m[31m[1m^[22m[39m[31m[1m^[22m[39m[31m[1m^[22m[39m[31m[1m^[22m[39m[31m[1m^[22m[39m[31m[1m^[22m[39m[31m[1m^[22m[39m[31m[1m^[22m[39m[31m[1m^[22m[39m[31m[1m^[22m[39m[31m[1m^[22m[39m[31m[1m^[22m[39m[31m[1m^[22m[39m[31m[1m^[22m[39m[31m[1m^[22m[39m[31m[1m^[22m[39m[31m[1m^[22m[39m[31m[1m^[22m[39m[31m[1m^[22m[39m[31m[1m^[22m[39m[31m[1m^[22m[39m[31m[1m^[22m[39m[31m[1m^[22m[39m[31m[1m^[22m[39m[31m[1m^[22m[39m[31m[1m^[22m[39m[31m[1m^[22m[39m[31m[1m^[22m[39m[31m[1m^[22m[39m[31m[1m^[22m[39m[31m[1m^[22m[39m[31m[1m^[22m[39m[31m[1m^[22m[39m[31m[1m^[22m[39m[31m[1m^[22m[39m[31m[1m^[22m[39m[31m[1m^[22m[39m[31m[1m^[22m[39m
 [90m 6 |[39m [36mimport[39m { [33mPricingSection[39m } [36mfrom[39m [32m"@/sections/PricingSection"[39m[33m;[39m
 [90m 7 |[39m [36mimport[39m { [33mResultsSection[39m } [36mfrom[39m [32m"@/sections/ResultsSection"[39m[33m;[39m
 [90m 8 |[39m [36mimport[39m { [33mConfiguratorSection[39m } [36mfrom[39m [32m"@/sections/ConfiguratorSection"[39m[33m;[39m[0m

Import map: aliased to relative './src/sections/HeroSection' inside of [project]/


Import traces:
  Client Component Browser:
    ./src/app/page.tsx [Client Component Browser]
    ./src/app/page.tsx [Server Component]

  Client Component SSR:
    ./src/app/page.tsx [Client Component SSR]
    ./src/app/page.tsx [Server Component]

https://nextjs.org/docs/messages/module-not-found


⨯ ./src/app/page.tsx:6:1
Module not found: Can't resolve '@/sections/PricingSection'
[0m [90m 4 |[39m [36mimport[39m { [33mNavbar[39m } [36mfrom[39m [32m"@/components/Navbar"[39m[33m;[39m
 [90m 5 |[39m [36mimport[39m { [33mHeroSection[39m } [36mfrom[39m [32m"@/sections/HeroSection"[39m[33m;[39m
[31m[1m>[22m[39m[90m 6 |[39m [36mimport[39m { [33mPricingSection[39m } [36mfrom[39m [32m"@/sections/PricingSection"[39m[33m;[39m
 [90m   |[39m [31m[1m^[22m[39m[31m[1m^[22m[39m[31m[1m^[22m[39m[31m[1m^[22m[39m[31m[1m^[22m[39m[31m[1m^[22m[39m[31m[1m^[22m[39m[31m[1m^[22m[39m[31m[1m^[22m[39m[31m[1m^[22m[39m[31m[1m^[22m[39m[31m[1m^[22m[39m[31m[1m^[22m[39m[31m[1m^[22m[39m[31m[1m^[22m[39m[31m[1m^[22m[39m[31m[1m^[22m[39m[31m[1m^[22m[39m[31m[1m^[22m[39m[31m[1m^[22m[39m[31m[1m^[22m[39m[31m[1m^[22m[39m[31m[1m^[22m[39m[31m[1m^[22m[39m[31m[1m^[22m[39m[31m[1m^[22m[39m[31m[1m^[22m[39m[31m[1m^[22m[39m[31m[1m^[22m[39m[31m[1m^[22m[39m[31m[1m^[22m[39m[31m[1m^[22m[39m[31m[1m^[22m[39m[31m[1m^[22m[39m[31m[1m^[22m[39m[31m[1m^[22m[39m[31m[1m^[22m[39m[31m[1m^[22m[39m[31m[1m^[22m[39m[31m[1m^[22m[39m[31m[1m^[22m[39m[31m[1m^[22m[39m[31m[1m^[22m[39m[31m[1m^[22m[39m[31m[1m^[22m[39m[31m[1m^[22m[39m[31m[1m^[22m[39m[31m[1m^[22m[39m[31m[1m^[22m[39m[31m[1m^[22m[39m[31m[1m^[22m[39m[31m[1m^[22m[39m[31m[1m^[22m[39m[31m[1m^[22m[39m[31m[1m^[22m[39m[31m[1m^[22m[39m[31m[1m^[22m[39m[31m[1m^[22m[39m[31m[1m^[22m[39m
 [90m 7 |[39m [36mimport[39m { [33mResultsSection[39m } [36mfrom[39m [32m"@/sections/ResultsSection"[39m[33m;[39m
 [90m 8 |[39m [36mimport[39m { [33mConfiguratorSection[39m } [36mfrom[39m [32m"@/sections/ConfiguratorSection"[39m[33m;[39m
 [90m 9 |[39m [36mimport[39m { [33mTestimonialsSection[39m } [36mfrom[39m [32m"@/sections/TestimonialsSection"[39m[33m;[39m[0m

Import map: aliased to relative './src/sections/PricingSection' inside of [project]/


Import traces:
  Client Component Browser:
    ./src/app/page.tsx [Client Component Browser]
    ./src/app/page.tsx [Server Component]

  Client Component SSR:
    ./src/app/page.tsx [Client Component SSR]
    ./src/app/page.tsx [Server Component]

https://nextjs.org/docs/messages/module-not-found


⨯ ./src/app/page.tsx:6:1
Module not found: Can't resolve '@/sections/PricingSection'
[0m [90m 4 |[39m [36mimport[39m { [33mNavbar[39m } [36mfrom[39m [32m"@/components/Navbar"[39m[33m;[39m
 [90m 5 |[39m [36mimport[39m { [33mHeroSection[39m } [36mfrom[39m [32m"@/sections/HeroSection"[39m[33m;[39m
[31m[1m>[22m[39m[90m 6 |[39m [36mimport[39m { [33mPricingSection[39m } [36mfrom[39m [32m"@/sections/PricingSection"[39m[33m;[39m
 [90m   |[39m [31m[1m^[22m[39m[31m[1m^[22m[39m[31m[1m^[22m[39m[31m[1m^[22m[39m[31m[1m^[22m[39m[31m[1m^[22m[39m[31m[1m^[22m[39m[31m[1m^[22m[39m[31m[1m^[22m[39m[31m[1m^[22m[39m[31m[1m^[22m[39m[31m[1m^[22m[39m[31m[1m^[22m[39m[31m[1m^[22m[39m[31m[1m^[22m[39m[31m[1m^[22m[39m[31m[1m^[22m[39m[31m[1m^[22m[39m[31m[1m^[22m[39m[31m[1m^[22m[39m[31m[1m^[22m[39m[31m[1m^[22m[39m[31m[1m^[22m[39m[31m[1m^[22m[39m[31m[1m^[22m[39m[31m[1m^[22m[39m[31m[1m^[22m[39m[31m[1m^[22m[39m[31m[1m^[22m[39m[31m[1m^[22m[39m[31m[1m^[22m[39m[31m[1m^[22m[39m[31m[1m^[22m[39m[31m[1m^[22m[39m[31m[1m^[22m[39m[31m[1m^[22m[39m[31m[1m^[22m[39m[31m[1m^[22m[39m[31m[1m^[22m[39m[31m[1m^[22m[39m[31m[1m^[22m[39m[31m[1m^[22m[39m[31m[1m^[22m[39m[31m[1m^[22m[39m[31m[1m^[22m[39m[31m[1m^[22m[39m[31m[1m^[22m[39m[31m[1m^[22m[39m[31m[1m^[22m[39m[31m[1m^[22m[39m[31m[1m^[22m[39m[31m[1m^[22m[39m[31m[1m^[22m[39m[31m[1m^[22m[39m[31m[1m^[22m[39m[31m[1m^[22m[39m[31m[1m^[22m[39m[31m[1m^[22m[39m[31m[1m^[22m[39m
 [90m 7 |[39m [36mimport[39m { [33mResultsSection[39m } [36mfrom[39m [32m"@/sections/ResultsSection"[39m[33m;[39m
 [90m 8 |[39m [36mimport[39m { [33mConfiguratorSection[39m } [36mfrom[39m [32m"@/sections/ConfiguratorSection"[39m[33m;[39m
 [90m 9 |[39m [36mimport[39m { [33mTestimonialsSection[39m } [36mfrom[39m [32m"@/sections/TestimonialsSection"[39m[33m;[39m[0m

Import map: aliased to relative './src/sections/PricingSection' inside of [project]/


Import traces:
  Client Component Browser:
    ./src/app/page.tsx [Client Component Browser]
    ./src/app/page.tsx [Server Component]

  Client Component SSR:
    ./src/app/page.tsx [Client Component SSR]
    ./src/app/page.tsx [Server Component]

https://nextjs.org/docs/messages/module-not-found


⨯ ./src/app/page.tsx:6:1
Module not found: Can't resolve '@/sections/PricingSection'
[0m [90m 4 |[39m [36mimport[39m { [33mNavbar[39m } [36mfrom[39m [32m"@/components/Navbar"[39m[33m;[39m
 [90m 5 |[39m [36mimport[39m { [33mHeroSection[39m } [36mfrom[39m [32m"@/sections/HeroSection"[39m[33m;[39m
[31m[1m>[22m[39m[90m 6 |[39m [36mimport[39m { [33mPricingSection[39m } [36mfrom[39m [32m"@/sections/PricingSection"[39m[33m;[39m
 [90m   |[39m [31m[1m^[22m[39m[31m[1m^[22m[39m[31m[1m^[22m[39m[31m[1m^[22m[39m[31m[1m^[22m[39m[31m[1m^[22m[39m[31m[1m^[22m[39m[31m[1m^[22m[39m[31m[1m^[22m[39m[31m[1m^[22m[39m[31m[1m^[22m[39m[31m[1m^[22m[39m[31m[1m^[22m[39m[31m[1m^[22m[39m[31m[1m^[22m[39m[31m[1m^[22m[39m[31m[1m^[22m[39m[31m[1m^[22m[39m[31m[1m^[22m[39m[31m[1m^[22m[39m[31m[1m^[22m[39m[31m[1m^[22m[39m[31m[1m^[22m[39m[31m[1m^[22m[39m[31m[1m^[22m[39m[31m[1m^[22m[39m[31m[1m^[22m[39m[31m[1m^[22m[39m[31m[1m^[22m[39m[31m[1m^[22m[39m[31m[1m^[22m[39m[31m[1m^[22m[39m[31m[1m^[22m[39m[31m[1m^[22m[39m[31m[1m^[22m[39m[31m[1m^[22m[39m[31m[1m^[22m[39m[31m[1m^[22m[39m[31m[1m^[22m[39m[31m[1m^[22m[39m[31m[1m^[22m[39m[31m[1m^[22m[39m[31m[1m^[22m[39m[31m[1m^[22m[39m[31m[1m^[22m[39m[31m[1m^[22m[39m[31m[1m^[22m[39m[31m[1m^[22m[39m[31m[1m^[22m[39m[31m[1m^[22m[39m[31m[1m^[22m[39m[31m[1m^[22m[39m[31m[1m^[22m[39m[31m[1m^[22m[39m[31m[1m^[22m[39m[31m[1m^[22m[39m[31m[1m^[22m[39m[31m[1m^[22m[39m[31m[1m^[22m[39m
 [90m 7 |[39m [36mimport[39m { [33mResultsSection[39m } [36mfrom[39m [32m"@/sections/ResultsSection"[39m[33m;[39m
 [90m 8 |[39m [36mimport[39m { [33mConfiguratorSection[39m } [36mfrom[39m [32m"@/sections/ConfiguratorSection"[39m[33m;[39m
 [90m 9 |[39m [36mimport[39m { [33mTestimonialsSection[39m } [36mfrom[39m [32m"@/sections/TestimonialsSection"[39m[33m;[39m[0m

Import map: aliased to relative './src/sections/PricingSection' inside of [project]/


Import traces:
  Client Component Browser:
    ./src/app/page.tsx [Client Component Browser]
    ./src/app/page.tsx [Server Component]

  Client Component SSR:
    ./src/app/page.tsx [Client Component SSR]
    ./src/app/page.tsx [Server Component]

https://nextjs.org/docs/messages/module-not-found


⨯ ./src/app/page.tsx:6:1
Module not found: Can't resolve '@/sections/PricingSection'
[0m [90m 4 |[39m [36mimport[39m { [33mNavbar[39m } [36mfrom[39m [32m"@/components/Navbar"[39m[33m;[39m
 [90m 5 |[39m [36mimport[39m { [33mHeroSection[39m } [36mfrom[39m [32m"@/sections/HeroSection"[39m[33m;[39m
[31m[1m>[22m[39m[90m 6 |[39m [36mimport[39m { [33mPricingSection[39m } [36mfrom[39m [32m"@/sections/PricingSection"[39m[33m;[39m
 [90m   |[39m [31m[1m^[22m[39m[31m[1m^[22m[39m[31m[1m^[22m[39m[31m[1m^[22m[39m[31m[1m^[22m[39m[31m[1m^[22m[39m[31m[1m^[22m[39m[31m[1m^[22m[39m[31m[1m^[22m[39m[31m[1m^[22m[39m[31m[1m^[22m[39m[31m[1m^[22m[39m[31m[1m^[22m[39m[31m[1m^[22m[39m[31m[1m^[22m[39m[31m[1m^[22m[39m[31m[1m^[22m[39m[31m[1m^[22m[39m[31m[1m^[22m[39m[31m[1m^[22m[39m[31m[1m^[22m[39m[31m[1m^[22m[39m[31m[1m^[22m[39m[31m[1m^[22m[39m[31m[1m^[22m[39m[31m[1m^[22m[39m[31m[1m^[22m[39m[31m[1m^[22m[39m[31m[1m^[22m[39m[31m[1m^[22m[39m[31m[1m^[22m[39m[31m[1m^[22m[39m[31m[1m^[22m[39m[31m[1m^[22m[39m[31m[1m^[22m[39m[31m[1m^[22m[39m[31m[1m^[22m[39m[31m[1m^[22m[39m[31m[1m^[22m[39m[31m[1m^[22m[39m[31m[1m^[22m[39m[31m[1m^[22m[39m[31m[1m^[22m[39m[31m[1m^[22m[39m[31m[1m^[22m[39m[31m[1m^[22m[39m[31m[1m^[22m[39m[31m[1m^[22m[39m[31m[1m^[22m[39m[31m[1m^[22m[39m[31m[1m^[22m[39m[31m[1m^[22m[39m[31m[1m^[22m[39m[31m[1m^[22m[39m[31m[1m^[22m[39m[31m[1m^[22m[39m[31m[1m^[22m[39m[31m[1m^[22m[39m[31m[1m^[22m[39m
 [90m 7 |[39m [36mimport[39m { [33mResultsSection[39m } [36mfrom[39m [32m"@/sections/ResultsSection"[39m[33m;[39m
 [90m 8 |[39m [36mimport[39m { [33mConfiguratorSection[39m } [36mfrom[39m [32m"@/sections/ConfiguratorSection"[39m[33m;[39m
 [90m 9 |[39m [36mimport[39m { [33mTestimonialsSection[39m } [36mfrom[39m [32m"@/sections/TestimonialsSection"[39m[33m;[39m[0m

Import map: aliased to relative './src/sections/PricingSection' inside of [project]/


Import traces:
  Client Component Browser:
    ./src/app/page.tsx [Client Component Browser]
    ./src/app/page.tsx [Server Component]

  Client Component SSR:
    ./src/app/page.tsx [Client Component SSR]
    ./src/app/page.tsx [Server Component]

https://nextjs.org/docs/messages/module-not-found


⨯ ./src/app/page.tsx:10:1
Module not found: Can't resolve '@/sections/QuoteSection'
[0m [90m  8 |[39m [36mimport[39m { [33mConfiguratorSection[39m } [36mfrom[39m [32m"@/sections/ConfiguratorSection"[39m[33m;[39m
 [90m  9 |[39m [36mimport[39m { [33mTestimonialsSection[39m } [36mfrom[39m [32m"@/sections/TestimonialsSection"[39m[33m;[39m
[31m[1m>[22m[39m[90m 10 |[39m [36mimport[39m { [33mQuoteSection[39m } [36mfrom[39m [32m"@/sections/QuoteSection"[39m[33m;[39m
 [90m    |[39m [31m[1m^[22m[39m[31m[1m^[22m[39m[31m[1m^[22m[39m[31m[1m^[22m[39m[31m[1m^[22m[39m[31m[1m^[22m[39m[31m[1m^[22m[39m[31m[1m^[22m[39m[31m[1m^[22m[39m[31m[1m^[22m[39m[31m[1m^[22m[39m[31m[1m^[22m[39m[31m[1m^[22m[39m[31m[1m^[22m[39m[31m[1m^[22m[39m[31m[1m^[22m[39m[31m[1m^[22m[39m[31m[1m^[22m[39m[31m[1m^[22m[39m[31m[1m^[22m[39m[31m[1m^[22m[39m[31m[1m^[22m[39m[31m[1m^[22m[39m[31m[1m^[22m[39m[31m[1m^[22m[39m[31m[1m^[22m[39m[31m[1m^[22m[39m[31m[1m^[22m[39m[31m[1m^[22m[39m[31m[1m^[22m[39m[31m[1m^[22m[39m[31m[1m^[22m[39m[31m[1m^[22m[39m[31m[1m^[22m[39m[31m[1m^[22m[39m[31m[1m^[22m[39m[31m[1m^[22m[39m[31m[1m^[22m[39m[31m[1m^[22m[39m[31m[1m^[22m[39m[31m[1m^[22m[39m[31m[1m^[22m[39m[31m[1m^[22m[39m[31m[1m^[22m[39m[31m[1m^[22m[39m[31m[1m^[22m[39m[31m[1m^[22m[39m[31m[1m^[22m[39m[31m[1m^[22m[39m[31m[1m^[22m[39m[31m[1m^[22m[39m[31m[1m^[22m[39m[31m[1m^[22m[39m[31m[1m^[22m[39m[31m[1m^[22m[39m
 [90m 11 |[39m [36mimport[39m { [33mFooter[39m } [36mfrom[39m [32m"@/components/Footer"[39m[33m;[39m
 [90m 12 |[39m
 [90m 13 |[39m [36mconst[39m [33mFADE_UP_ANIMATION_VARIANTS[39m [33m=[39m {[0m

Import map: aliased to relative './src/sections/QuoteSection' inside of [project]/


Import traces:
  Client Component Browser:
    ./src/app/page.tsx [Client Component Browser]
    ./src/app/page.tsx [Server Component]

  Client Component SSR:
    ./src/app/page.tsx [Client Component SSR]
    ./src/app/page.tsx [Server Component]

https://nextjs.org/docs/messages/module-not-found


⨯ ./src/app/page.tsx:10:1
Module not found: Can't resolve '@/sections/QuoteSection'
[0m [90m  8 |[39m [36mimport[39m { [33mConfiguratorSection[39m } [36mfrom[39m [32m"@/sections/ConfiguratorSection"[39m[33m;[39m
 [90m  9 |[39m [36mimport[39m { [33mTestimonialsSection[39m } [36mfrom[39m [32m"@/sections/TestimonialsSection"[39m[33m;[39m
[31m[1m>[22m[39m[90m 10 |[39m [36mimport[39m { [33mQuoteSection[39m } [36mfrom[39m [32m"@/sections/QuoteSection"[39m[33m;[39m
 [90m    |[39m [31m[1m^[22m[39m[31m[1m^[22m[39m[31m[1m^[22m[39m[31m[1m^[22m[39m[31m[1m^[22m[39m[31m[1m^[22m[39m[31m[1m^[22m[39m[31m[1m^[22m[39m[31m[1m^[22m[39m[31m[1m^[22m[39m[31m[1m^[22m[39m[31m[1m^[22m[39m[31m[1m^[22m[39m[31m[1m^[22m[39m[31m[1m^[22m[39m[31m[1m^[22m[39m[31m[1m^[22m[39m[31m[1m^[22m[39m[31m[1m^[22m[39m[31m[1m^[22m[39m[31m[1m^[22m[39m[31m[1m^[22m[39m[31m[1m^[22m[39m[31m[1m^[22m[39m[31m[1m^[22m[39m[31m[1m^[22m[39m[31m[1m^[22m[39m[31m[1m^[22m[39m[31m[1m^[22m[39m[31m[1m^[22m[39m[31m[1m^[22m[39m[31m[1m^[22m[39m[31m[1m^[22m[39m[31m[1m^[22m[39m[31m[1m^[22m[39m[31m[1m^[22m[39m[31m[1m^[22m[39m[31m[1m^[22m[39m[31m[1m^[22m[39m[31m[1m^[22m[39m[31m[1m^[22m[39m[31m[1m^[22m[39m[31m[1m^[22m[39m[31m[1m^[22m[39m[31m[1m^[22m[39m[31m[1m^[22m[39m[31m[1m^[22m[39m[31m[1m^[22m[39m[31m[1m^[22m[39m[31m[1m^[22m[39m[31m[1m^[22m[39m[31m[1m^[22m[39m[31m[1m^[22m[39m[31m[1m^[22m[39m[31m[1m^[22m[39m
 [90m 11 |[39m [36mimport[39m { [33mFooter[39m } [36mfrom[39m [32m"@/components/Footer"[39m[33m;[39m
 [90m 12 |[39m
 [90m 13 |[39m [36mconst[39m [33mFADE_UP_ANIMATION_VARIANTS[39m [33m=[39m {[0m

Import map: aliased to relative './src/sections/QuoteSection' inside of [project]/


Import traces:
  Client Component Browser:
    ./src/app/page.tsx [Client Component Browser]
    ./src/app/page.tsx [Server Component]

  Client Component SSR:
    ./src/app/page.tsx [Client Component SSR]
    ./src/app/page.tsx [Server Component]

https://nextjs.org/docs/messages/module-not-found


⨯ ./src/app/page.tsx:10:1
Module not found: Can't resolve '@/sections/QuoteSection'
[0m [90m  8 |[39m [36mimport[39m { [33mConfiguratorSection[39m } [36mfrom[39m [32m"@/sections/ConfiguratorSection"[39m[33m;[39m
 [90m  9 |[39m [36mimport[39m { [33mTestimonialsSection[39m } [36mfrom[39m [32m"@/sections/TestimonialsSection"[39m[33m;[39m
[31m[1m>[22m[39m[90m 10 |[39m [36mimport[39m { [33mQuoteSection[39m } [36mfrom[39m [32m"@/sections/QuoteSection"[39m[33m;[39m
 [90m    |[39m [31m[1m^[22m[39m[31m[1m^[22m[39m[31m[1m^[22m[39m[31m[1m^[22m[39m[31m[1m^[22m[39m[31m[1m^[22m[39m[31m[1m^[22m[39m[31m[1m^[22m[39m[31m[1m^[22m[39m[31m[1m^[22m[39m[31m[1m^[22m[39m[31m[1m^[22m[39m[31m[1m^[22m[39m[31m[1m^[22m[39m[31m[1m^[22m[39m[31m[1m^[22m[39m[31m[1m^[22m[39m[31m[1m^[22m[39m[31m[1m^[22m[39m[31m[1m^[22m[39m[31m[1m^[22m[39m[31m[1m^[22m[39m[31m[1m^[22m[39m[31m[1m^[22m[39m[31m[1m^[22m[39m[31m[1m^[22m[39m[31m[1m^[22m[39m[31m[1m^[22m[39m[31m[1m^[22m[39m[31m[1m^[22m[39m[31m[1m^[22m[39m[31m[1m^[22m[39m[31m[1m^[22m[39m[31m[1m^[22m[39m[31m[1m^[22m[39m[31m[1m^[22m[39m[31m[1m^[22m[39m[31m[1m^[22m[39m[31m[1m^[22m[39m[31m[1m^[22m[39m[31m[1m^[22m[39m[31m[1m^[22m[39m[31m[1m^[22m[39m[31m[1m^[22m[39m[31m[1m^[22m[39m[31m[1m^[22m[39m[31m[1m^[22m[39m[31m[1m^[22m[39m[31m[1m^[22m[39m[31m[1m^[22m[39m[31m[1m^[22m[39m[31m[1m^[22m[39m[31m[1m^[22m[39m[31m[1m^[22m[39m[31m[1m^[22m[39m
 [90m 11 |[39m [36mimport[39m { [33mFooter[39m } [36mfrom[39m [32m"@/components/Footer"[39m[33m;[39m
 [90m 12 |[39m
 [90m 13 |[39m [36mconst[39m [33mFADE_UP_ANIMATION_VARIANTS[39m [33m=[39m {[0m

Import map: aliased to relative './src/sections/QuoteSection' inside of [project]/


Import traces:
  Client Component Browser:
    ./src/app/page.tsx [Client Component Browser]
    ./src/app/page.tsx [Server Component]

  Client Component SSR:
    ./src/app/page.tsx [Client Component SSR]
    ./src/app/page.tsx [Server Component]

https://nextjs.org/docs/messages/module-not-found


⨯ ./src/app/page.tsx:10:1
Module not found: Can't resolve '@/sections/QuoteSection'
[0m [90m  8 |[39m [36mimport[39m { [33mConfiguratorSection[39m } [36mfrom[39m [32m"@/sections/ConfiguratorSection"[39m[33m;[39m
 [90m  9 |[39m [36mimport[39m { [33mTestimonialsSection[39m } [36mfrom[39m [32m"@/sections/TestimonialsSection"[39m[33m;[39m
[31m[1m>[22m[39m[90m 10 |[39m [36mimport[39m { [33mQuoteSection[39m } [36mfrom[39m [32m"@/sections/QuoteSection"[39m[33m;[39m
 [90m    |[39m [31m[1m^[22m[39m[31m[1m^[22m[39m[31m[1m^[22m[39m[31m[1m^[22m[39m[31m[1m^[22m[39m[31m[1m^[22m[39m[31m[1m^[22m[39m[31m[1m^[22m[39m[31m[1m^[22m[39m[31m[1m^[22m[39m[31m[1m^[22m[39m[31m[1m^[22m[39m[31m[1m^[22m[39m[31m[1m^[22m[39m[31m[1m^[22m[39m[31m[1m^[22m[39m[31m[1m^[22m[39m[31m[1m^[22m[39m[31m[1m^[22m[39m[31m[1m^[22m[39m[31m[1m^[22m[39m[31m[1m^[22m[39m[31m[1m^[22m[39m[31m[1m^[22m[39m[31m[1m^[22m[39m[31m[1m^[22m[39m[31m[1m^[22m[39m[31m[1m^[22m[39m[31m[1m^[22m[39m[31m[1m^[22m[39m[31m[1m^[22m[39m[31m[1m^[22m[39m[31m[1m^[22m[39m[31m[1m^[22m[39m[31m[1m^[22m[39m[31m[1m^[22m[39m[31m[1m^[22m[39m[31m[1m^[22m[39m[31m[1m^[22m[39m[31m[1m^[22m[39m[31m[1m^[22m[39m[31m[1m^[22m[39m[31m[1m^[22m[39m[31m[1m^[22m[39m[31m[1m^[22m[39m[31m[1m^[22m[39m[31m[1m^[22m[39m[31m[1m^[22m[39m[31m[1m^[22m[39m[31m[1m^[22m[39m[31m[1m^[22m[39m[31m[1m^[22m[39m[31m[1m^[22m[39m[31m[1m^[22m[39m[31m[1m^[22m[39m
 [90m 11 |[39m [36mimport[39m { [33mFooter[39m } [36mfrom[39m [32m"@/components/Footer"[39m[33m;[39m
 [90m 12 |[39m
 [90m 13 |[39m [36mconst[39m [33mFADE_UP_ANIMATION_VARIANTS[39m [33m=[39m {[0m

Import map: aliased to relative './src/sections/QuoteSection' inside of [project]/


Import traces:
  Client Component Browser:
    ./src/app/page.tsx [Client Component Browser]
    ./src/app/page.tsx [Server Component]

  Client Component SSR:
    ./src/app/page.tsx [Client Component SSR]
    ./src/app/page.tsx [Server Component]

https://nextjs.org/docs/messages/module-not-found


⨯ ./src/app/page.tsx:7:1
Module not found: Can't resolve '@/sections/ResultsSection'
[0m [90m  5 |[39m [36mimport[39m { [33mHeroSection[39m } [36mfrom[39m [32m"@/sections/HeroSection"[39m[33m;[39m
 [90m  6 |[39m [36mimport[39m { [33mPricingSection[39m } [36mfrom[39m [32m"@/sections/PricingSection"[39m[33m;[39m
[31m[1m>[22m[39m[90m  7 |[39m [36mimport[39m { [33mResultsSection[39m } [36mfrom[39m [32m"@/sections/ResultsSection"[39m[33m;[39m
 [90m    |[39m [31m[1m^[22m[39m[31m[1m^[22m[39m[31m[1m^[22m[39m[31m[1m^[22m[39m[31m[1m^[22m[39m[31m[1m^[22m[39m[31m[1m^[22m[39m[31m[1m^[22m[39m[31m[1m^[22m[39m[31m[1m^[22m[39m[31m[1m^[22m[39m[31m[1m^[22m[39m[31m[1m^[22m[39m[31m[1m^[22m[39m[31m[1m^[22m[39m[31m[1m^[22m[39m[31m[1m^[22m[39m[31m[1m^[22m[39m[31m[1m^[22m[39m[31m[1m^[22m[39m[31m[1m^[22m[39m[31m[1m^[22m[39m[31m[1m^[22m[39m[31m[1m^[22m[39m[31m[1m^[22m[39m[31m[1m^[22m[39m[31m[1m^[22m[39m[31m[1m^[22m[39m[31m[1m^[22m[39m[31m[1m^[22m[39m[31m[1m^[22m[39m[31m[1m^[22m[39m[31m[1m^[22m[39m[31m[1m^[22m[39m[31m[1m^[22m[39m[31m[1m^[22m[39m[31m[1m^[22m[39m[31m[1m^[22m[39m[31m[1m^[22m[39m[31m[1m^[22m[39m[31m[1m^[22m[39m[31m[1m^[22m[39m[31m[1m^[22m[39m[31m[1m^[22m[39m[31m[1m^[22m[39m[31m[1m^[22m[39m[31m[1m^[22m[39m[31m[1m^[22m[39m[31m[1m^[22m[39m[31m[1m^[22m[39m[31m[1m^[22m[39m[31m[1m^[22m[39m[31m[1m^[22m[39m[31m[1m^[22m[39m[31m[1m^[22m[39m[31m[1m^[22m[39m[31m[1m^[22m[39m[31m[1m^[22m[39m[31m[1m^[22m[39m
 [90m  8 |[39m [36mimport[39m { [33mConfiguratorSection[39m } [36mfrom[39m [32m"@/sections/ConfiguratorSection"[39m[33m;[39m
 [90m  9 |[39m [36mimport[39m { [33mTestimonialsSection[39m } [36mfrom[39m [32m"@/sections/TestimonialsSection"[39m[33m;[39m
 [90m 10 |[39m [36mimport[39m { [33mQuoteSection[39m } [36mfrom[39m [32m"@/sections/QuoteSection"[39m[33m;[39m[0m

Import map: aliased to relative './src/sections/ResultsSection' inside of [project]/


Import traces:
  Client Component Browser:
    ./src/app/page.tsx [Client Component Browser]
    ./src/app/page.tsx [Server Component]

  Client Component SSR:
    ./src/app/page.tsx [Client Component SSR]
    ./src/app/page.tsx [Server Component]

https://nextjs.org/docs/messages/module-not-found


⨯ ./src/app/page.tsx:7:1
Module not found: Can't resolve '@/sections/ResultsSection'
[0m [90m  5 |[39m [36mimport[39m { [33mHeroSection[39m } [36mfrom[39m [32m"@/sections/HeroSection"[39m[33m;[39m
 [90m  6 |[39m [36mimport[39m { [33mPricingSection[39m } [36mfrom[39m [32m"@/sections/PricingSection"[39m[33m;[39m
[31m[1m>[22m[39m[90m  7 |[39m [36mimport[39m { [33mResultsSection[39m } [36mfrom[39m [32m"@/sections/ResultsSection"[39m[33m;[39m
 [90m    |[39m [31m[1m^[22m[39m[31m[1m^[22m[39m[31m[1m^[22m[39m[31m[1m^[22m[39m[31m[1m^[22m[39m[31m[1m^[22m[39m[31m[1m^[22m[39m[31m[1m^[22m[39m[31m[1m^[22m[39m[31m[1m^[22m[39m[31m[1m^[22m[39m[31m[1m^[22m[39m[31m[1m^[22m[39m[31m[1m^[22m[39m[31m[1m^[22m[39m[31m[1m^[22m[39m[31m[1m^[22m[39m[31m[1m^[22m[39m[31m[1m^[22m[39m[31m[1m^[22m[39m[31m[1m^[22m[39m[31m[1m^[22m[39m[31m[1m^[22m[39m[31m[1m^[22m[39m[31m[1m^[22m[39m[31m[1m^[22m[39m[31m[1m^[22m[39m[31m[1m^[22m[39m[31m[1m^[22m[39m[31m[1m^[22m[39m[31m[1m^[22m[39m[31m[1m^[22m[39m[31m[1m^[22m[39m[31m[1m^[22m[39m[31m[1m^[22m[39m[31m[1m^[22m[39m[31m[1m^[22m[39m[31m[1m^[22m[39m[31m[1m^[22m[39m[31m[1m^[22m[39m[31m[1m^[22m[39m[31m[1m^[22m[39m[31m[1m^[22m[39m[31m[1m^[22m[39m[31m[1m^[22m[39m[31m[1m^[22m[39m[31m[1m^[22m[39m[31m[1m^[22m[39m[31m[1m^[22m[39m[31m[1m^[22m[39m[31m[1m^[22m[39m[31m[1m^[22m[39m[31m[1m^[22m[39m[31m[1m^[22m[39m[31m[1m^[22m[39m[31m[1m^[22m[39m[31m[1m^[22m[39m[31m[1m^[22m[39m[31m[1m^[22m[39m
 [90m  8 |[39m [36mimport[39m { [33mConfiguratorSection[39m } [36mfrom[39m [32m"@/sections/ConfiguratorSection"[39m[33m;[39m
 [90m  9 |[39m [36mimport[39m { [33mTestimonialsSection[39m } [36mfrom[39m [32m"@/sections/TestimonialsSection"[39m[33m;[39m
 [90m 10 |[39m [36mimport[39m { [33mQuoteSection[39m } [36mfrom[39m [32m"@/sections/QuoteSection"[39m[33m;[39m[0m

Import map: aliased to relative './src/sections/ResultsSection' inside of [project]/


Import traces:
  Client Component Browser:
    ./src/app/page.tsx [Client Component Browser]
    ./src/app/page.tsx [Server Component]

  Client Component SSR:
    ./src/app/page.tsx [Client Component SSR]
    ./src/app/page.tsx [Server Component]

https://nextjs.org/docs/messages/module-not-found


⨯ ./src/app/page.tsx:7:1
Module not found: Can't resolve '@/sections/ResultsSection'
[0m [90m  5 |[39m [36mimport[39m { [33mHeroSection[39m } [36mfrom[39m [32m"@/sections/HeroSection"[39m[33m;[39m
 [90m  6 |[39m [36mimport[39m { [33mPricingSection[39m } [36mfrom[39m [32m"@/sections/PricingSection"[39m[33m;[39m
[31m[1m>[22m[39m[90m  7 |[39m [36mimport[39m { [33mResultsSection[39m } [36mfrom[39m [32m"@/sections/ResultsSection"[39m[33m;[39m
 [90m    |[39m [31m[1m^[22m[39m[31m[1m^[22m[39m[31m[1m^[22m[39m[31m[1m^[22m[39m[31m[1m^[22m[39m[31m[1m^[22m[39m[31m[1m^[22m[39m[31m[1m^[22m[39m[31m[1m^[22m[39m[31m[1m^[22m[39m[31m[1m^[22m[39m[31m[1m^[22m[39m[31m[1m^[22m[39m[31m[1m^[22m[39m[31m[1m^[22m[39m[31m[1m^[22m[39m[31m[1m^[22m[39m[31m[1m^[22m[39m[31m[1m^[22m[39m[31m[1m^[22m[39m[31m[1m^[22m[39m[31m[1m^[22m[39m[31m[1m^[22m[39m[31m[1m^[22m[39m[31m[1m^[22m[39m[31m[1m^[22m[39m[31m[1m^[22m[39m[31m[1m^[22m[39m[31m[1m^[22m[39m[31m[1m^[22m[39m[31m[1m^[22m[39m[31m[1m^[22m[39m[31m[1m^[22m[39m[31m[1m^[22m[39m[31m[1m^[22m[39m[31m[1m^[22m[39m[31m[1m^[22m[39m[31m[1m^[22m[39m[31m[1m^[22m[39m[31m[1m^[22m[39m[31m[1m^[22m[39m[31m[1m^[22m[39m[31m[1m^[22m[39m[31m[1m^[22m[39m[31m[1m^[22m[39m[31m[1m^[22m[39m[31m[1m^[22m[39m[31m[1m^[22m[39m[31m[1m^[22m[39m[31m[1m^[22m[39m[31m[1m^[22m[39m[31m[1m^[22m[39m[31m[1m^[22m[39m[31m[1m^[22m[39m[31m[1m^[22m[39m[31m[1m^[22m[39m[31m[1m^[22m[39m[31m[1m^[22m[39m[31m[1m^[22m[39m
 [90m  8 |[39m [36mimport[39m { [33mConfiguratorSection[39m } [36mfrom[39m [32m"@/sections/ConfiguratorSection"[39m[33m;[39m
 [90m  9 |[39m [36mimport[39m { [33mTestimonialsSection[39m } [36mfrom[39m [32m"@/sections/TestimonialsSection"[39m[33m;[39m
 [90m 10 |[39m [36mimport[39m { [33mQuoteSection[39m } [36mfrom[39m [32m"@/sections/QuoteSection"[39m[33m;[39m[0m

Import map: aliased to relative './src/sections/ResultsSection' inside of [project]/


Import traces:
  Client Component Browser:
    ./src/app/page.tsx [Client Component Browser]
    ./src/app/page.tsx [Server Component]

  Client Component SSR:
    ./src/app/page.tsx [Client Component SSR]
    ./src/app/page.tsx [Server Component]

https://nextjs.org/docs/messages/module-not-found


⨯ ./src/app/page.tsx:7:1
Module not found: Can't resolve '@/sections/ResultsSection'
[0m [90m  5 |[39m [36mimport[39m { [33mHeroSection[39m } [36mfrom[39m [32m"@/sections/HeroSection"[39m[33m;[39m
 [90m  6 |[39m [36mimport[39m { [33mPricingSection[39m } [36mfrom[39m [32m"@/sections/PricingSection"[39m[33m;[39m
[31m[1m>[22m[39m[90m  7 |[39m [36mimport[39m { [33mResultsSection[39m } [36mfrom[39m [32m"@/sections/ResultsSection"[39m[33m;[39m
 [90m    |[39m [31m[1m^[22m[39m[31m[1m^[22m[39m[31m[1m^[22m[39m[31m[1m^[22m[39m[31m[1m^[22m[39m[31m[1m^[22m[39m[31m[1m^[22m[39m[31m[1m^[22m[39m[31m[1m^[22m[39m[31m[1m^[22m[39m[31m[1m^[22m[39m[31m[1m^[22m[39m[31m[1m^[22m[39m[31m[1m^[22m[39m[31m[1m^[22m[39m[31m[1m^[22m[39m[31m[1m^[22m[39m[31m[1m^[22m[39m[31m[1m^[22m[39m[31m[1m^[22m[39m[31m[1m^[22m[39m[31m[1m^[22m[39m[31m[1m^[22m[39m[31m[1m^[22m[39m[31m[1m^[22m[39m[31m[1m^[22m[39m[31m[1m^[22m[39m[31m[1m^[22m[39m[31m[1m^[22m[39m[31m[1m^[22m[39m[31m[1m^[22m[39m[31m[1m^[22m[39m[31m[1m^[22m[39m[31m[1m^[22m[39m[31m[1m^[22m[39m[31m[1m^[22m[39m[31m[1m^[22m[39m[31m[1m^[22m[39m[31m[1m^[22m[39m[31m[1m^[22m[39m[31m[1m^[22m[39m[31m[1m^[22m[39m[31m[1m^[22m[39m[31m[1m^[22m[39m[31m[1m^[22m[39m[31m[1m^[22m[39m[31m[1m^[22m[39m[31m[1m^[22m[39m[31m[1m^[22m[39m[31m[1m^[22m[39m[31m[1m^[22m[39m[31m[1m^[22m[39m[31m[1m^[22m[39m[31m[1m^[22m[39m[31m[1m^[22m[39m[31m[1m^[22m[39m[31m[1m^[22m[39m[31m[1m^[22m[39m[31m[1m^[22m[39m
 [90m  8 |[39m [36mimport[39m { [33mConfiguratorSection[39m } [36mfrom[39m [32m"@/sections/ConfiguratorSection"[39m[33m;[39m
 [90m  9 |[39m [36mimport[39m { [33mTestimonialsSection[39m } [36mfrom[39m [32m"@/sections/TestimonialsSection"[39m[33m;[39m
 [90m 10 |[39m [36mimport[39m { [33mQuoteSection[39m } [36mfrom[39m [32m"@/sections/QuoteSection"[39m[33m;[39m[0m

Import map: aliased to relative './src/sections/ResultsSection' inside of [project]/


Import traces:
  Client Component Browser:
    ./src/app/page.tsx [Client Component Browser]
    ./src/app/page.tsx [Server Component]

  Client Component SSR:
    ./src/app/page.tsx [Client Component SSR]
    ./src/app/page.tsx [Server Component]

https://nextjs.org/docs/messages/module-not-found


⨯ ./src/app/page.tsx:9:1
Module not found: Can't resolve '@/sections/TestimonialsSection'
[0m [90m  7 |[39m [36mimport[39m { [33mResultsSection[39m } [36mfrom[39m [32m"@/sections/ResultsSection"[39m[33m;[39m
 [90m  8 |[39m [36mimport[39m { [33mConfiguratorSection[39m } [36mfrom[39m [32m"@/sections/ConfiguratorSection"[39m[33m;[39m
[31m[1m>[22m[39m[90m  9 |[39m [36mimport[39m { [33mTestimonialsSection[39m } [36mfrom[39m [32m"@/sections/TestimonialsSection"[39m[33m;[39m
 [90m    |[39m [31m[1m^[22m[39m[31m[1m^[22m[39m[31m[1m^[22m[39m[31m[1m^[22m[39m[31m[1m^[22m[39m[31m[1m^[22m[39m[31m[1m^[22m[39m[31m[1m^[22m[39m[31m[1m^[22m[39m[31m[1m^[22m[39m[31m[1m^[22m[39m[31m[1m^[22m[39m[31m[1m^[22m[39m[31m[1m^[22m[39m[31m[1m^[22m[39m[31m[1m^[22m[39m[31m[1m^[22m[39m[31m[1m^[22m[39m[31m[1m^[22m[39m[31m[1m^[22m[39m[31m[1m^[22m[39m[31m[1m^[22m[39m[31m[1m^[22m[39m[31m[1m^[22m[39m[31m[1m^[22m[39m[31m[1m^[22m[39m[31m[1m^[22m[39m[31m[1m^[22m[39m[31m[1m^[22m[39m[31m[1m^[22m[39m[31m[1m^[22m[39m[31m[1m^[22m[39m[31m[1m^[22m[39m[31m[1m^[22m[39m[31m[1m^[22m[39m[31m[1m^[22m[39m[31m[1m^[22m[39m[31m[1m^[22m[39m[31m[1m^[22m[39m[31m[1m^[22m[39m[31m[1m^[22m[39m[31m[1m^[22m[39m[31m[1m^[22m[39m[31m[1m^[22m[39m[31m[1m^[22m[39m[31m[1m^[22m[39m[31m[1m^[22m[39m[31m[1m^[22m[39m[31m[1m^[22m[39m[31m[1m^[22m[39m[31m[1m^[22m[39m[31m[1m^[22m[39m[31m[1m^[22m[39m[31m[1m^[22m[39m[31m[1m^[22m[39m[31m[1m^[22m[39m[31m[1m^[22m[39m[31m[1m^[22m[39m[31m[1m^[22m[39m[31m[1m^[22m[39m[31m[1m^[22m[39m[31m[1m^[22m[39m[31m[1m^[22m[39m[31m[1m^[22m[39m[31m[1m^[22m[39m[31m[1m^[22m[39m[31m[1m^[22m[39m[31m[1m^[22m[39m[31m[1m^[22m[39m
 [90m 10 |[39m [36mimport[39m { [33mQuoteSection[39m } [36mfrom[39m [32m"@/sections/QuoteSection"[39m[33m;[39m
 [90m 11 |[39m [36mimport[39m { [33mFooter[39m } [36mfrom[39m [32m"@/components/Footer"[39m[33m;[39m
 [90m 12 |[39m[0m

Import map: aliased to relative './src/sections/TestimonialsSection' inside of [project]/


Import traces:
  Client Component Browser:
    ./src/app/page.tsx [Client Component Browser]
    ./src/app/page.tsx [Server Component]

  Client Component SSR:
    ./src/app/page.tsx [Client Component SSR]
    ./src/app/page.tsx [Server Component]

https://nextjs.org/docs/messages/module-not-found


⨯ ./src/app/page.tsx:9:1
Module not found: Can't resolve '@/sections/TestimonialsSection'
[0m [90m  7 |[39m [36mimport[39m { [33mResultsSection[39m } [36mfrom[39m [32m"@/sections/ResultsSection"[39m[33m;[39m
 [90m  8 |[39m [36mimport[39m { [33mConfiguratorSection[39m } [36mfrom[39m [32m"@/sections/ConfiguratorSection"[39m[33m;[39m
[31m[1m>[22m[39m[90m  9 |[39m [36mimport[39m { [33mTestimonialsSection[39m } [36mfrom[39m [32m"@/sections/TestimonialsSection"[39m[33m;[39m
 [90m    |[39m [31m[1m^[22m[39m[31m[1m^[22m[39m[31m[1m^[22m[39m[31m[1m^[22m[39m[31m[1m^[22m[39m[31m[1m^[22m[39m[31m[1m^[22m[39m[31m[1m^[22m[39m[31m[1m^[22m[39m[31m[1m^[22m[39m[31m[1m^[22m[39m[31m[1m^[22m[39m[31m[1m^[22m[39m[31m[1m^[22m[39m[31m[1m^[22m[39m[31m[1m^[22m[39m[31m[1m^[22m[39m[31m[1m^[22m[39m[31m[1m^[22m[39m[31m[1m^[22m[39m[31m[1m^[22m[39m[31m[1m^[22m[39m[31m[1m^[22m[39m[31m[1m^[22m[39m[31m[1m^[22m[39m[31m[1m^[22m[39m[31m[1m^[22m[39m[31m[1m^[22m[39m[31m[1m^[22m[39m[31m[1m^[22m[39m[31m[1m^[22m[39m[31m[1m^[22m[39m[31m[1m^[22m[39m[31m[1m^[22m[39m[31m[1m^[22m[39m[31m[1m^[22m[39m[31m[1m^[22m[39m[31m[1m^[22m[39m[31m[1m^[22m[39m[31m[1m^[22m[39m[31m[1m^[22m[39m[31m[1m^[22m[39m[31m[1m^[22m[39m[31m[1m^[22m[39m[31m[1m^[22m[39m[31m[1m^[22m[39m[31m[1m^[22m[39m[31m[1m^[22m[39m[31m[1m^[22m[39m[31m[1m^[22m[39m[31m[1m^[22m[39m[31m[1m^[22m[39m[31m[1m^[22m[39m[31m[1m^[22m[39m[31m[1m^[22m[39m[31m[1m^[22m[39m[31m[1m^[22m[39m[31m[1m^[22m[39m[31m[1m^[22m[39m[31m[1m^[22m[39m[31m[1m^[22m[39m[31m[1m^[22m[39m[31m[1m^[22m[39m[31m[1m^[22m[39m[31m[1m^[22m[39m[31m[1m^[22m[39m[31m[1m^[22m[39m[31m[1m^[22m[39m[31m[1m^[22m[39m
 [90m 10 |[39m [36mimport[39m { [33mQuoteSection[39m } [36mfrom[39m [32m"@/sections/QuoteSection"[39m[33m;[39m
 [90m 11 |[39m [36mimport[39m { [33mFooter[39m } [36mfrom[39m [32m"@/components/Footer"[39m[33m;[39m
 [90m 12 |[39m[0m

Import map: aliased to relative './src/sections/TestimonialsSection' inside of [project]/


Import traces:
  Client Component Browser:
    ./src/app/page.tsx [Client Component Browser]
    ./src/app/page.tsx [Server Component]

  Client Component SSR:
    ./src/app/page.tsx [Client Component SSR]
    ./src/app/page.tsx [Server Component]

https://nextjs.org/docs/messages/module-not-found


⨯ ./src/app/page.tsx:9:1
Module not found: Can't resolve '@/sections/TestimonialsSection'
[0m [90m  7 |[39m [36mimport[39m { [33mResultsSection[39m } [36mfrom[39m [32m"@/sections/ResultsSection"[39m[33m;[39m
 [90m  8 |[39m [36mimport[39m { [33mConfiguratorSection[39m } [36mfrom[39m [32m"@/sections/ConfiguratorSection"[39m[33m;[39m
[31m[1m>[22m[39m[90m  9 |[39m [36mimport[39m { [33mTestimonialsSection[39m } [36mfrom[39m [32m"@/sections/TestimonialsSection"[39m[33m;[39m
 [90m    |[39m [31m[1m^[22m[39m[31m[1m^[22m[39m[31m[1m^[22m[39m[31m[1m^[22m[39m[31m[1m^[22m[39m[31m[1m^[22m[39m[31m[1m^[22m[39m[31m[1m^[22m[39m[31m[1m^[22m[39m[31m[1m^[22m[39m[31m[1m^[22m[39m[31m[1m^[22m[39m[31m[1m^[22m[39m[31m[1m^[22m[39m[31m[1m^[22m[39m[31m[1m^[22m[39m[31m[1m^[22m[39m[31m[1m^[22m[39m[31m[1m^[22m[39m[31m[1m^[22m[39m[31m[1m^[22m[39m[31m[1m^[22m[39m[31m[1m^[22m[39m[31m[1m^[22m[39m[31m[1m^[22m[39m[31m[1m^[22m[39m[31m[1m^[22m[39m[31m[1m^[22m[39m[31m[1m^[22m[39m[31m[1m^[22m[39m[31m[1m^[22m[39m[31m[1m^[22m[39m[31m[1m^[22m[39m[31m[1m^[22m[39m[31m[1m^[22m[39m[31m[1m^[22m[39m[31m[1m^[22m[39m[31m[1m^[22m[39m[31m[1m^[22m[39m[31m[1m^[22m[39m[31m[1m^[22m[39m[31m[1m^[22m[39m[31m[1m^[22m[39m[31m[1m^[22m[39m[31m[1m^[22m[39m[31m[1m^[22m[39m[31m[1m^[22m[39m[31m[1m^[22m[39m[31m[1m^[22m[39m[31m[1m^[22m[39m[31m[1m^[22m[39m[31m[1m^[22m[39m[31m[1m^[22m[39m[31m[1m^[22m[39m[31m[1m^[22m[39m[31m[1m^[22m[39m[31m[1m^[22m[39m[31m[1m^[22m[39m[31m[1m^[22m[39m[31m[1m^[22m[39m[31m[1m^[22m[39m[31m[1m^[22m[39m[31m[1m^[22m[39m[31m[1m^[22m[39m[31m[1m^[22m[39m[31m[1m^[22m[39m[31m[1m^[22m[39m[31m[1m^[22m[39m[31m[1m^[22m[39m
 [90m 10 |[39m [36mimport[39m { [33mQuoteSection[39m } [36mfrom[39m [32m"@/sections/QuoteSection"[39m[33m;[39m
 [90m 11 |[39m [36mimport[39m { [33mFooter[39m } [36mfrom[39m [32m"@/components/Footer"[39m[33m;[39m
 [90m 12 |[39m[0m

Import map: aliased to relative './src/sections/TestimonialsSection' inside of [project]/


Import traces:
  Client Component Browser:
    ./src/app/page.tsx [Client Component Browser]
    ./src/app/page.tsx [Server Component]

  Client Component SSR:
    ./src/app/page.tsx [Client Component SSR]
    ./src/app/page.tsx [Server Component]

https://nextjs.org/docs/messages/module-not-found


⨯ ./src/app/page.tsx:9:1
Module not found: Can't resolve '@/sections/TestimonialsSection'
[0m [90m  7 |[39m [36mimport[39m { [33mResultsSection[39m } [36mfrom[39m [32m"@/sections/ResultsSection"[39m[33m;[39m
 [90m  8 |[39m [36mimport[39m { [33mConfiguratorSection[39m } [36mfrom[39m [32m"@/sections/ConfiguratorSection"[39m[33m;[39m
[31m[1m>[22m[39m[90m  9 |[39m [36mimport[39m { [33mTestimonialsSection[39m } [36mfrom[39m [32m"@/sections/TestimonialsSection"[39m[33m;[39m
 [90m    |[39m [31m[1m^[22m[39m[31m[1m^[22m[39m[31m[1m^[22m[39m[31m[1m^[22m[39m[31m[1m^[22m[39m[31m[1m^[22m[39m[31m[1m^[22m[39m[31m[1m^[22m[39m[31m[1m^[22m[39m[31m[1m^[22m[39m[31m[1m^[22m[39m[31m[1m^[22m[39m[31m[1m^[22m[39m[31m[1m^[22m[39m[31m[1m^[22m[39m[31m[1m^[22m[39m[31m[1m^[22m[39m[31m[1m^[22m[39m[31m[1m^[22m[39m[31m[1m^[22m[39m[31m[1m^[22m[39m[31m[1m^[22m[39m[31m[1m^[22m[39m[31m[1m^[22m[39m[31m[1m^[22m[39m[31m[1m^[22m[39m[31m[1m^[22m[39m[31m[1m^[22m[39m[31m[1m^[22m[39m[31m[1m^[22m[39m[31m[1m^[22m[39m[31m[1m^[22m[39m[31m[1m^[22m[39m[31m[1m^[22m[39m[31m[1m^[22m[39m[31m[1m^[22m[39m[31m[1m^[22m[39m[31m[1m^[22m[39m[31m[1m^[22m[39m[31m[1m^[22m[39m[31m[1m^[22m[39m[31m[1m^[22m[39m[31m[1m^[22m[39m[31m[1m^[22m[39m[31m[1m^[22m[39m[31m[1m^[22m[39m[31m[1m^[22m[39m[31m[1m^[22m[39m[31m[1m^[22m[39m[31m[1m^[22m[39m[31m[1m^[22m[39m[31m[1m^[22m[39m[31m[1m^[22m[39m[31m[1m^[22m[39m[31m[1m^[22m[39m[31m[1m^[22m[39m[31m[1m^[22m[39m[31m[1m^[22m[39m[31m[1m^[22m[39m[31m[1m^[22m[39m[31m[1m^[22m[39m[31m[1m^[22m[39m[31m[1m^[22m[39m[31m[1m^[22m[39m[31m[1m^[22m[39m[31m[1m^[22m[39m[31m[1m^[22m[39m[31m[1m^[22m[39m[31m[1m^[22m[39m
 [90m 10 |[39m [36mimport[39m { [33mQuoteSection[39m } [36mfrom[39m [32m"@/sections/QuoteSection"[39m[33m;[39m
 [90m 11 |[39m [36mimport[39m { [33mFooter[39m } [36mfrom[39m [32m"@/components/Footer"[39m[33m;[39m
 [90m 12 |[39m[0m

Import map: aliased to relative './src/sections/TestimonialsSection' inside of [project]/


Import traces:
  Client Component Browser:
    ./src/app/page.tsx [Client Component Browser]
    ./src/app/page.tsx [Server Component]

  Client Component SSR:
    ./src/app/page.tsx [Client Component SSR]
    ./src/app/page.tsx [Server Component]

https://nextjs.org/docs/messages/module-not-found


⨯ ./src/app/page.tsx:11:1
Module not found: Can't resolve '@/components/Footer'
[0m [90m  9 |[39m [36mimport[39m { [33mTestimonialsSection[39m } [36mfrom[39m [32m"@/sections/TestimonialsSection"[39m[33m;[39m
 [90m 10 |[39m [36mimport[39m { [33mQuoteSection[39m } [36mfrom[39m [32m"@/sections/QuoteSection"[39m[33m;[39m
[31m[1m>[22m[39m[90m 11 |[39m [36mimport[39m { [33mFooter[39m } [36mfrom[39m [32m"@/components/Footer"[39m[33m;[39m
 [90m    |[39m [31m[1m^[22m[39m[31m[1m^[22m[39m[31m[1m^[22m[39m[31m[1m^[22m[39m[31m[1m^[22m[39m[31m[1m^[22m[39m[31m[1m^[22m[39m[31m[1m^[22m[39m[31m[1m^[22m[39m[31m[1m^[22m[39m[31m[1m^[22m[39m[31m[1m^[22m[39m[31m[1m^[22m[39m[31m[1m^[22m[39m[31m[1m^[22m[39m[31m[1m^[22m[39m[31m[1m^[22m[39m[31m[1m^[22m[39m[31m[1m^[22m[39m[31m[1m^[22m[39m[31m[1m^[22m[39m[31m[1m^[22m[39m[31m[1m^[22m[39m[31m[1m^[22m[39m[31m[1m^[22m[39m[31m[1m^[22m[39m[31m[1m^[22m[39m[31m[1m^[22m[39m[31m[1m^[22m[39m[31m[1m^[22m[39m[31m[1m^[22m[39m[31m[1m^[22m[39m[31m[1m^[22m[39m[31m[1m^[22m[39m[31m[1m^[22m[39m[31m[1m^[22m[39m[31m[1m^[22m[39m[31m[1m^[22m[39m[31m[1m^[22m[39m[31m[1m^[22m[39m[31m[1m^[22m[39m[31m[1m^[22m[39m[31m[1m^[22m[39m[31m[1m^[22m[39m[31m[1m^[22m[39m
 [90m 12 |[39m
 [90m 13 |[39m [36mconst[39m [33mFADE_UP_ANIMATION_VARIANTS[39m [33m=[39m {
 [90m 14 |[39m   hidden[33m:[39m { opacity[33m:[39m [35m0[39m[33m,[39m y[33m:[39m [35m30[39m }[33m,[39m[0m

Import map: aliased to relative './src/components/Footer' inside of [project]/


Import traces:
  Client Component Browser:
    ./src/app/page.tsx [Client Component Browser]
    ./src/app/page.tsx [Server Component]

  Client Component SSR:
    ./src/app/page.tsx [Client Component SSR]
    ./src/app/page.tsx [Server Component]

https://nextjs.org/docs/messages/module-not-found


⨯ ./src/app/page.tsx:11:1
Module not found: Can't resolve '@/components/Footer'
[0m [90m  9 |[39m [36mimport[39m { [33mTestimonialsSection[39m } [36mfrom[39m [32m"@/sections/TestimonialsSection"[39m[33m;[39m
 [90m 10 |[39m [36mimport[39m { [33mQuoteSection[39m } [36mfrom[39m [32m"@/sections/QuoteSection"[39m[33m;[39m
[31m[1m>[22m[39m[90m 11 |[39m [36mimport[39m { [33mFooter[39m } [36mfrom[39m [32m"@/components/Footer"[39m[33m;[39m
 [90m    |[39m [31m[1m^[22m[39m[31m[1m^[22m[39m[31m[1m^[22m[39m[31m[1m^[22m[39m[31m[1m^[22m[39m[31m[1m^[22m[39m[31m[1m^[22m[39m[31m[1m^[22m[39m[31m[1m^[22m[39m[31m[1m^[22m[39m[31m[1m^[22m[39m[31m[1m^[22m[39m[31m[1m^[22m[39m[31m[1m^[22m[39m[31m[1m^[22m[39m[31m[1m^[22m[39m[31m[1m^[22m[39m[31m[1m^[22m[39m[31m[1m^[22m[39m[31m[1m^[22m[39m[31m[1m^[22m[39m[31m[1m^[22m[39m[31m[1m^[22m[39m[31m[1m^[22m[39m[31m[1m^[22m[39m[31m[1m^[22m[39m[31m[1m^[22m[39m[31m[1m^[22m[39m[31m[1m^[22m[39m[31m[1m^[22m[39m[31m[1m^[22m[39m[31m[1m^[22m[39m[31m[1m^[22m[39m[31m[1m^[22m[39m[31m[1m^[22m[39m[31m[1m^[22m[39m[31m[1m^[22m[39m[31m[1m^[22m[39m[31m[1m^[22m[39m[31m[1m^[22m[39m[31m[1m^[22m[39m[31m[1m^[22m[39m[31m[1m^[22m[39m[31m[1m^[22m[39m[31m[1m^[22m[39m
 [90m 12 |[39m
 [90m 13 |[39m [36mconst[39m [33mFADE_UP_ANIMATION_VARIANTS[39m [33m=[39m {
 [90m 14 |[39m   hidden[33m:[39m { opacity[33m:[39m [35m0[39m[33m,[39m y[33m:[39m [35m30[39m }[33m,[39m[0m

Import map: aliased to relative './src/components/Footer' inside of [project]/


Import traces:
  Client Component Browser:
    ./src/app/page.tsx [Client Component Browser]
    ./src/app/page.tsx [Server Component]

  Client Component SSR:
    ./src/app/page.tsx [Client Component SSR]
    ./src/app/page.tsx [Server Component]

https://nextjs.org/docs/messages/module-not-found


⨯ ./src/app/page.tsx:11:1
Module not found: Can't resolve '@/components/Footer'
[0m [90m  9 |[39m [36mimport[39m { [33mTestimonialsSection[39m } [36mfrom[39m [32m"@/sections/TestimonialsSection"[39m[33m;[39m
 [90m 10 |[39m [36mimport[39m { [33mQuoteSection[39m } [36mfrom[39m [32m"@/sections/QuoteSection"[39m[33m;[39m
[31m[1m>[22m[39m[90m 11 |[39m [36mimport[39m { [33mFooter[39m } [36mfrom[39m [32m"@/components/Footer"[39m[33m;[39m
 [90m    |[39m [31m[1m^[22m[39m[31m[1m^[22m[39m[31m[1m^[22m[39m[31m[1m^[22m[39m[31m[1m^[22m[39m[31m[1m^[22m[39m[31m[1m^[22m[39m[31m[1m^[22m[39m[31m[1m^[22m[39m[31m[1m^[22m[39m[31m[1m^[22m[39m[31m[1m^[22m[39m[31m[1m^[22m[39m[31m[1m^[22m[39m[31m[1m^[22m[39m[31m[1m^[22m[39m[31m[1m^[22m[39m[31m[1m^[22m[39m[31m[1m^[22m[39m[31m[1m^[22m[39m[31m[1m^[22m[39m[31m[1m^[22m[39m[31m[1m^[22m[39m[31m[1m^[22m[39m[31m[1m^[22m[39m[31m[1m^[22m[39m[31m[1m^[22m[39m[31m[1m^[22m[39m[31m[1m^[22m[39m[31m[1m^[22m[39m[31m[1m^[22m[39m[31m[1m^[22m[39m[31m[1m^[22m[39m[31m[1m^[22m[39m[31m[1m^[22m[39m[31m[1m^[22m[39m[31m[1m^[22m[39m[31m[1m^[22m[39m[31m[1m^[22m[39m[31m[1m^[22m[39m[31m[1m^[22m[39m[31m[1m^[22m[39m[31m[1m^[22m[39m[31m[1m^[22m[39m[31m[1m^[22m[39m
 [90m 12 |[39m
 [90m 13 |[39m [36mconst[39m [33mFADE_UP_ANIMATION_VARIANTS[39m [33m=[39m {
 [90m 14 |[39m   hidden[33m:[39m { opacity[33m:[39m [35m0[39m[33m,[39m y[33m:[39m [35m30[39m }[33m,[39m[0m

Import map: aliased to relative './src/components/Footer' inside of [project]/


Import traces:
  Client Component Browser:
    ./src/app/page.tsx [Client Component Browser]
    ./src/app/page.tsx [Server Component]

  Client Component SSR:
    ./src/app/page.tsx [Client Component SSR]
    ./src/app/page.tsx [Server Component]

https://nextjs.org/docs/messages/module-not-found


⨯ ./src/app/page.tsx:11:1
Module not found: Can't resolve '@/components/Footer'
[0m [90m  9 |[39m [36mimport[39m { [33mTestimonialsSection[39m } [36mfrom[39m [32m"@/sections/TestimonialsSection"[39m[33m;[39m
 [90m 10 |[39m [36mimport[39m { [33mQuoteSection[39m } [36mfrom[39m [32m"@/sections/QuoteSection"[39m[33m;[39m
[31m[1m>[22m[39m[90m 11 |[39m [36mimport[39m { [33mFooter[39m } [36mfrom[39m [32m"@/components/Footer"[39m[33m;[39m
 [90m    |[39m [31m[1m^[22m[39m[31m[1m^[22m[39m[31m[1m^[22m[39m[31m[1m^[22m[39m[31m[1m^[22m[39m[31m[1m^[22m[39m[31m[1m^[22m[39m[31m[1m^[22m[39m[31m[1m^[22m[39m[31m[1m^[22m[39m[31m[1m^[22m[39m[31m[1m^[22m[39m[31m[1m^[22m[39m[31m[1m^[22m[39m[31m[1m^[22m[39m[31m[1m^[22m[39m[31m[1m^[22m[39m[31m[1m^[22m[39m[31m[1m^[22m[39m[31m[1m^[22m[39m[31m[1m^[22m[39m[31m[1m^[22m[39m[31m[1m^[22m[39m[31m[1m^[22m[39m[31m[1m^[22m[39m[31m[1m^[22m[39m[31m[1m^[22m[39m[31m[1m^[22m[39m[31m[1m^[22m[39m[31m[1m^[22m[39m[31m[1m^[22m[39m[31m[1m^[22m[39m[31m[1m^[22m[39m[31m[1m^[22m[39m[31m[1m^[22m[39m[31m[1m^[22m[39m[31m[1m^[22m[39m[31m[1m^[22m[39m[31m[1m^[22m[39m[31m[1m^[22m[39m[31m[1m^[22m[39m[31m[1m^[22m[39m[31m[1m^[22m[39m[31m[1m^[22m[39m[31m[1m^[22m[39m
 [90m 12 |[39m
 [90m 13 |[39m [36mconst[39m [33mFADE_UP_ANIMATION_VARIANTS[39m [33m=[39m {
 [90m 14 |[39m   hidden[33m:[39m { opacity[33m:[39m [35m0[39m[33m,[39m y[33m:[39m [35m30[39m }[33m,[39m[0m

Import map: aliased to relative './src/components/Footer' inside of [project]/


Import traces:
  Client Component Browser:
    ./src/app/page.tsx [Client Component Browser]
    ./src/app/page.tsx [Server Component]

  Client Component SSR:
    ./src/app/page.tsx [Client Component SSR]
    ./src/app/page.tsx [Server Component]

https://nextjs.org/docs/messages/module-not-found


⨯ ./src/app/page.tsx:8:1
Module not found: Can't resolve '@/sections/ConfiguratorSection'
[0m [90m  6 |[39m [36mimport[39m { [33mPricingSection[39m } [36mfrom[39m [32m"@/sections/PricingSection"[39m[33m;[39m
 [90m  7 |[39m [36mimport[39m { [33mResultsSection[39m } [36mfrom[39m [32m"@/sections/ResultsSection"[39m[33m;[39m
[31m[1m>[22m[39m[90m  8 |[39m [36mimport[39m { [33mConfiguratorSection[39m } [36mfrom[39m [32m"@/sections/ConfiguratorSection"[39m[33m;[39m
 [90m    |[39m [31m[1m^[22m[39m[31m[1m^[22m[39m[31m[1m^[22m[39m[31m[1m^[22m[39m[31m[1m^[22m[39m[31m[1m^[22m[39m[31m[1m^[22m[39m[31m[1m^[22m[39m[31m[1m^[22m[39m[31m[1m^[22m[39m[31m[1m^[22m[39m[31m[1m^[22m[39m[31m[1m^[22m[39m[31m[1m^[22m[39m[31m[1m^[22m[39m[31m[1m^[22m[39m[31m[1m^[22m[39m[31m[1m^[22m[39m[31m[1m^[22m[39m[31m[1m^[22m[39m[31m[1m^[22m[39m[31m[1m^[22m[39m[31m[1m^[22m[39m[31m[1m^[22m[39m[31m[1m^[22m[39m[31m[1m^[22m[39m[31m[1m^[22m[39m[31m[1m^[22m[39m[31m[1m^[22m[39m[31m[1m^[22m[39m[31m[1m^[22m[39m[31m[1m^[22m[39m[31m[1m^[22m[39m[31m[1m^[22m[39m[31m[1m^[22m[39m[31m[1m^[22m[39m[31m[1m^[22m[39m[31m[1m^[22m[39m[31m[1m^[22m[39m[31m[1m^[22m[39m[31m[1m^[22m[39m[31m[1m^[22m[39m[31m[1m^[22m[39m[31m[1m^[22m[39m[31m[1m^[22m[39m[31m[1m^[22m[39m[31m[1m^[22m[39m[31m[1m^[22m[39m[31m[1m^[22m[39m[31m[1m^[22m[39m[31m[1m^[22m[39m[31m[1m^[22m[39m[31m[1m^[22m[39m[31m[1m^[22m[39m[31m[1m^[22m[39m[31m[1m^[22m[39m[31m[1m^[22m[39m[31m[1m^[22m[39m[31m[1m^[22m[39m[31m[1m^[22m[39m[31m[1m^[22m[39m[31m[1m^[22m[39m[31m[1m^[22m[39m[31m[1m^[22m[39m[31m[1m^[22m[39m[31m[1m^[22m[39m[31m[1m^[22m[39m[31m[1m^[22m[39m[31m[1m^[22m[39m
 [90m  9 |[39m [36mimport[39m { [33mTestimonialsSection[39m } [36mfrom[39m [32m"@/sections/TestimonialsSection"[39m[33m;[39m
 [90m 10 |[39m [36mimport[39m { [33mQuoteSection[39m } [36mfrom[39m [32m"@/sections/QuoteSection"[39m[33m;[39m
 [90m 11 |[39m [36mimport[39m { [33mFooter[39m } [36mfrom[39m [32m"@/components/Footer"[39m[33m;[39m[0m

Import map: aliased to relative './src/sections/ConfiguratorSection' inside of [project]/


Import traces:
  Client Component Browser:
    ./src/app/page.tsx [Client Component Browser]
    ./src/app/page.tsx [Server Component]

  Client Component SSR:
    ./src/app/page.tsx [Client Component SSR]
    ./src/app/page.tsx [Server Component]

https://nextjs.org/docs/messages/module-not-found


⨯ ./src/app/page.tsx:8:1
Module not found: Can't resolve '@/sections/ConfiguratorSection'
[0m [90m  6 |[39m [36mimport[39m { [33mPricingSection[39m } [36mfrom[39m [32m"@/sections/PricingSection"[39m[33m;[39m
 [90m  7 |[39m [36mimport[39m { [33mResultsSection[39m } [36mfrom[39m [32m"@/sections/ResultsSection"[39m[33m;[39m
[31m[1m>[22m[39m[90m  8 |[39m [36mimport[39m { [33mConfiguratorSection[39m } [36mfrom[39m [32m"@/sections/ConfiguratorSection"[39m[33m;[39m
 [90m    |[39m [31m[1m^[22m[39m[31m[1m^[22m[39m[31m[1m^[22m[39m[31m[1m^[22m[39m[31m[1m^[22m[39m[31m[1m^[22m[39m[31m[1m^[22m[39m[31m[1m^[22m[39m[31m[1m^[22m[39m[31m[1m^[22m[39m[31m[1m^[22m[39m[31m[1m^[22m[39m[31m[1m^[22m[39m[31m[1m^[22m[39m[31m[1m^[22m[39m[31m[1m^[22m[39m[31m[1m^[22m[39m[31m[1m^[22m[39m[31m[1m^[22m[39m[31m[1m^[22m[39m[31m[1m^[22m[39m[31m[1m^[22m[39m[31m[1m^[22m[39m[31m[1m^[22m[39m[31m[1m^[22m[39m[31m[1m^[22m[39m[31m[1m^[22m[39m[31m[1m^[22m[39m[31m[1m^[22m[39m[31m[1m^[22m[39m[31m[1m^[22m[39m[31m[1m^[22m[39m[31m[1m^[22m[39m[31m[1m^[22m[39m[31m[1m^[22m[39m[31m[1m^[22m[39m[31m[1m^[22m[39m[31m[1m^[22m[39m[31m[1m^[22m[39m[31m[1m^[22m[39m[31m[1m^[22m[39m[31m[1m^[22m[39m[31m[1m^[22m[39m[31m[1m^[22m[39m[31m[1m^[22m[39m[31m[1m^[22m[39m[31m[1m^[22m[39m[31m[1m^[22m[39m[31m[1m^[22m[39m[31m[1m^[22m[39m[31m[1m^[22m[39m[31m[1m^[22m[39m[31m[1m^[22m[39m[31m[1m^[22m[39m[31m[1m^[22m[39m[31m[1m^[22m[39m[31m[1m^[22m[39m[31m[1m^[22m[39m[31m[1m^[22m[39m[31m[1m^[22m[39m[31m[1m^[22m[39m[31m[1m^[22m[39m[31m[1m^[22m[39m[31m[1m^[22m[39m[31m[1m^[22m[39m[31m[1m^[22m[39m[31m[1m^[22m[39m[31m[1m^[22m[39m[31m[1m^[22m[39m
 [90m  9 |[39m [36mimport[39m { [33mTestimonialsSection[39m } [36mfrom[39m [32m"@/sections/TestimonialsSection"[39m[33m;[39m
 [90m 10 |[39m [36mimport[39m { [33mQuoteSection[39m } [36mfrom[39m [32m"@/sections/QuoteSection"[39m[33m;[39m
 [90m 11 |[39m [36mimport[39m { [33mFooter[39m } [36mfrom[39m [32m"@/components/Footer"[39m[33m;[39m[0m

Import map: aliased to relative './src/sections/ConfiguratorSection' inside of [project]/


Import traces:
  Client Component Browser:
    ./src/app/page.tsx [Client Component Browser]
    ./src/app/page.tsx [Server Component]

  Client Component SSR:
    ./src/app/page.tsx [Client Component SSR]
    ./src/app/page.tsx [Server Component]

https://nextjs.org/docs/messages/module-not-found


⨯ ./src/app/page.tsx:8:1
Module not found: Can't resolve '@/sections/ConfiguratorSection'
[0m [90m  6 |[39m [36mimport[39m { [33mPricingSection[39m } [36mfrom[39m [32m"@/sections/PricingSection"[39m[33m;[39m
 [90m  7 |[39m [36mimport[39m { [33mResultsSection[39m } [36mfrom[39m [32m"@/sections/ResultsSection"[39m[33m;[39m
[31m[1m>[22m[39m[90m  8 |[39m [36mimport[39m { [33mConfiguratorSection[39m } [36mfrom[39m [32m"@/sections/ConfiguratorSection"[39m[33m;[39m
 [90m    |[39m [31m[1m^[22m[39m[31m[1m^[22m[39m[31m[1m^[22m[39m[31m[1m^[22m[39m[31m[1m^[22m[39m[31m[1m^[22m[39m[31m[1m^[22m[39m[31m[1m^[22m[39m[31m[1m^[22m[39m[31m[1m^[22m[39m[31m[1m^[22m[39m[31m[1m^[22m[39m[31m[1m^[22m[39m[31m[1m^[22m[39m[31m[1m^[22m[39m[31m[1m^[22m[39m[31m[1m^[22m[39m[31m[1m^[22m[39m[31m[1m^[22m[39m[31m[1m^[22m[39m[31m[1m^[22m[39m[31m[1m^[22m[39m[31m[1m^[22m[39m[31m[1m^[22m[39m[31m[1m^[22m[39m[31m[1m^[22m[39m[31m[1m^[22m[39m[31m[1m^[22m[39m[31m[1m^[22m[39m[31m[1m^[22m[39m[31m[1m^[22m[39m[31m[1m^[22m[39m[31m[1m^[22m[39m[31m[1m^[22m[39m[31m[1m^[22m[39m[31m[1m^[22m[39m[31m[1m^[22m[39m[31m[1m^[22m[39m[31m[1m^[22m[39m[31m[1m^[22m[39m[31m[1m^[22m[39m[31m[1m^[22m[39m[31m[1m^[22m[39m[31m[1m^[22m[39m[31m[1m^[22m[39m[31m[1m^[22m[39m[31m[1m^[22m[39m[31m[1m^[22m[39m[31m[1m^[22m[39m[31m[1m^[22m[39m[31m[1m^[22m[39m[31m[1m^[22m[39m[31m[1m^[22m[39m[31m[1m^[22m[39m[31m[1m^[22m[39m[31m[1m^[22m[39m[31m[1m^[22m[39m[31m[1m^[22m[39m[31m[1m^[22m[39m[31m[1m^[22m[39m[31m[1m^[22m[39m[31m[1m^[22m[39m[31m[1m^[22m[39m[31m[1m^[22m[39m[31m[1m^[22m[39m[31m[1m^[22m[39m[31m[1m^[22m[39m[31m[1m^[22m[39m[31m[1m^[22m[39m
 [90m  9 |[39m [36mimport[39m { [33mTestimonialsSection[39m } [36mfrom[39m [32m"@/sections/TestimonialsSection"[39m[33m;[39m
 [90m 10 |[39m [36mimport[39m { [33mQuoteSection[39m } [36mfrom[39m [32m"@/sections/QuoteSection"[39m[33m;[39m
 [90m 11 |[39m [36mimport[39m { [33mFooter[39m } [36mfrom[39m [32m"@/components/Footer"[39m[33m;[39m[0m

Import map: aliased to relative './src/sections/ConfiguratorSection' inside of [project]/


Import traces:
  Client Component Browser:
    ./src/app/page.tsx [Client Component Browser]
    ./src/app/page.tsx [Server Component]

  Client Component SSR:
    ./src/app/page.tsx [Client Component SSR]
    ./src/app/page.tsx [Server Component]

https://nextjs.org/docs/messages/module-not-found


⨯ ./src/app/page.tsx:8:1
Module not found: Can't resolve '@/sections/ConfiguratorSection'
[0m [90m  6 |[39m [36mimport[39m { [33mPricingSection[39m } [36mfrom[39m [32m"@/sections/PricingSection"[39m[33m;[39m
 [90m  7 |[39m [36mimport[39m { [33mResultsSection[39m } [36mfrom[39m [32m"@/sections/ResultsSection"[39m[33m;[39m
[31m[1m>[22m[39m[90m  8 |[39m [36mimport[39m { [33mConfiguratorSection[39m } [36mfrom[39m [32m"@/sections/ConfiguratorSection"[39m[33m;[39m
 [90m    |[39m [31m[1m^[22m[39m[31m[1m^[22m[39m[31m[1m^[22m[39m[31m[1m^[22m[39m[31m[1m^[22m[39m[31m[1m^[22m[39m[31m[1m^[22m[39m[31m[1m^[22m[39m[31m[1m^[22m[39m[31m[1m^[22m[39m[31m[1m^[22m[39m[31m[1m^[22m[39m[31m[1m^[22m[39m[31m[1m^[22m[39m[31m[1m^[22m[39m[31m[1m^[22m[39m[31m[1m^[22m[39m[31m[1m^[22m[39m[31m[1m^[22m[39m[31m[1m^[22m[39m[31m[1m^[22m[39m[31m[1m^[22m[39m[31m[1m^[22m[39m[31m[1m^[22m[39m[31m[1m^[22m[39m[31m[1m^[22m[39m[31m[1m^[22m[39m[31m[1m^[22m[39m[31m[1m^[22m[39m[31m[1m^[22m[39m[31m[1m^[22m[39m[31m[1m^[22m[39m[31m[1m^[22m[39m[31m[1m^[22m[39m[31m[1m^[22m[39m[31m[1m^[22m[39m[31m[1m^[22m[39m[31m[1m^[22m[39m[31m[1m^[22m[39m[31m[1m^[22m[39m[31m[1m^[22m[39m[31m[1m^[22m[39m[31m[1m^[22m[39m[31m[1m^[22m[39m[31m[1m^[22m[39m[31m[1m^[22m[39m[31m[1m^[22m[39m[31m[1m^[22m[39m[31m[1m^[22m[39m[31m[1m^[22m[39m[31m[1m^[22m[39m[31m[1m^[22m[39m[31m[1m^[22m[39m[31m[1m^[22m[39m[31m[1m^[22m[39m[31m[1m^[22m[39m[31m[1m^[22m[39m[31m[1m^[22m[39m[31m[1m^[22m[39m[31m[1m^[22m[39m[31m[1m^[22m[39m[31m[1m^[22m[39m[31m[1m^[22m[39m[31m[1m^[22m[39m[31m[1m^[22m[39m[31m[1m^[22m[39m[31m[1m^[22m[39m[31m[1m^[22m[39m[31m[1m^[22m[39m
 [90m  9 |[39m [36mimport[39m { [33mTestimonialsSection[39m } [36mfrom[39m [32m"@/sections/TestimonialsSection"[39m[33m;[39m
 [90m 10 |[39m [36mimport[39m { [33mQuoteSection[39m } [36mfrom[39m [32m"@/sections/QuoteSection"[39m[33m;[39m
 [90m 11 |[39m [36mimport[39m { [33mFooter[39m } [36mfrom[39m [32m"@/components/Footer"[39m[33m;[39m[0m

Import map: aliased to relative './src/sections/ConfiguratorSection' inside of [project]/


Import traces:
  Client Component Browser:
    ./src/app/page.tsx [Client Component Browser]
    ./src/app/page.tsx [Server Component]

  Client Component SSR:
    ./src/app/page.tsx [Client Component SSR]
    ./src/app/page.tsx [Server Component]

https://nextjs.org/docs/messages/module-not-found


⨯ ./src/app/page.tsx:5:1
Module not found: Can't resolve '@/sections/HeroSection'
[0m [90m 3 |[39m [36mimport[39m { motion } [36mfrom[39m [32m"framer-motion"[39m[33m;[39m
 [90m 4 |[39m [36mimport[39m { [33mNavbar[39m } [36mfrom[39m [32m"@/components/Navbar"[39m[33m;[39m
[31m[1m>[22m[39m[90m 5 |[39m [36mimport[39m { [33mHeroSection[39m } [36mfrom[39m [32m"@/sections/HeroSection"[39m[33m;[39m
 [90m   |[39m [31m[1m^[22m[39m[31m[1m^[22m[39m[31m[1m^[22m[39m[31m[1m^[22m[39m[31m[1m^[22m[39m[31m[1m^[22m[39m[31m[1m^[22m[39m[31m[1m^[22m[39m[31m[1m^[22m[39m[31m[1m^[22m[39m[31m[1m^[22m[39m[31m[1m^[22m[39m[31m[1m^[22m[39m[31m[1m^[22m[39m[31m[1m^[22m[39m[31m[1m^[22m[39m[31m[1m^[22m[39m[31m[1m^[22m[39m[31m[1m^[22m[39m[31m[1m^[22m[39m[31m[1m^[22m[39m[31m[1m^[22m[39m[31m[1m^[22m[39m[31m[1m^[22m[39m[31m[1m^[22m[39m[31m[1m^[22m[39m[31m[1m^[22m[39m[31m[1m^[22m[39m[31m[1m^[22m[39m[31m[1m^[22m[39m[31m[1m^[22m[39m[31m[1m^[22m[39m[31m[1m^[22m[39m[31m[1m^[22m[39m[31m[1m^[22m[39m[31m[1m^[22m[39m[31m[1m^[22m[39m[31m[1m^[22m[39m[31m[1m^[22m[39m[31m[1m^[22m[39m[31m[1m^[22m[39m[31m[1m^[22m[39m[31m[1m^[22m[39m[31m[1m^[22m[39m[31m[1m^[22m[39m[31m[1m^[22m[39m[31m[1m^[22m[39m[31m[1m^[22m[39m[31m[1m^[22m[39m[31m[1m^[22m[39m[31m[1m^[22m[39m[31m[1m^[22m[39m[31m[1m^[22m[39m
 [90m 6 |[39m [36mimport[39m { [33mPricingSection[39m } [36mfrom[39m [32m"@/sections/PricingSection"[39m[33m;[39m
 [90m 7 |[39m [36mimport[39m { [33mResultsSection[39m } [36mfrom[39m [32m"@/sections/ResultsSection"[39m[33m;[39m
 [90m 8 |[39m [36mimport[39m { [33mConfiguratorSection[39m } [36mfrom[39m [32m"@/sections/ConfiguratorSection"[39m[33m;[39m[0m

Import map: aliased to relative './src/sections/HeroSection' inside of [project]/


Import traces:
  Client Component Browser:
    ./src/app/page.tsx [Client Component Browser]
    ./src/app/page.tsx [Server Component]

  Client Component SSR:
    ./src/app/page.tsx [Client Component SSR]
    ./src/app/page.tsx [Server Component]

https://nextjs.org/docs/messages/module-not-found


⨯ ./src/app/page.tsx:5:1
Module not found: Can't resolve '@/sections/HeroSection'
[0m [90m 3 |[39m [36mimport[39m { motion } [36mfrom[39m [32m"framer-motion"[39m[33m;[39m
 [90m 4 |[39m [36mimport[39m { [33mNavbar[39m } [36mfrom[39m [32m"@/components/Navbar"[39m[33m;[39m
[31m[1m>[22m[39m[90m 5 |[39m [36mimport[39m { [33mHeroSection[39m } [36mfrom[39m [32m"@/sections/HeroSection"[39m[33m;[39m
 [90m   |[39m [31m[1m^[22m[39m[31m[1m^[22m[39m[31m[1m^[22m[39m[31m[1m^[22m[39m[31m[1m^[22m[39m[31m[1m^[22m[39m[31m[1m^[22m[39m[31m[1m^[22m[39m[31m[1m^[22m[39m[31m[1m^[22m[39m[31m[1m^[22m[39m[31m[1m^[22m[39m[31m[1m^[22m[39m[31m[1m^[22m[39m[31m[1m^[22m[39m[31m[1m^[22m[39m[31m[1m^[22m[39m[31m[1m^[22m[39m[31m[1m^[22m[39m[31m[1m^[22m[39m[31m[1m^[22m[39m[31m[1m^[22m[39m[31m[1m^[22m[39m[31m[1m^[22m[39m[31m[1m^[22m[39m[31m[1m^[22m[39m[31m[1m^[22m[39m[31m[1m^[22m[39m[31m[1m^[22m[39m[31m[1m^[22m[39m[31m[1m^[22m[39m[31m[1m^[22m[39m[31m[1m^[22m[39m[31m[1m^[22m[39m[31m[1m^[22m[39m[31m[1m^[22m[39m[31m[1m^[22m[39m[31m[1m^[22m[39m[31m[1m^[22m[39m[31m[1m^[22m[39m[31m[1m^[22m[39m[31m[1m^[22m[39m[31m[1m^[22m[39m[31m[1m^[22m[39m[31m[1m^[22m[39m[31m[1m^[22m[39m[31m[1m^[22m[39m[31m[1m^[22m[39m[31m[1m^[22m[39m[31m[1m^[22m[39m[31m[1m^[22m[39m[31m[1m^[22m[39m[31m[1m^[22m[39m
 [90m 6 |[39m [36mimport[39m { [33mPricingSection[39m } [36mfrom[39m [32m"@/sections/PricingSection"[39m[33m;[39m
 [90m 7 |[39m [36mimport[39m { [33mResultsSection[39m } [36mfrom[39m [32m"@/sections/ResultsSection"[39m[33m;[39m
 [90m 8 |[39m [36mimport[39m { [33mConfiguratorSection[39m } [36mfrom[39m [32m"@/sections/ConfiguratorSection"[39m[33m;[39m[0m

Import map: aliased to relative './src/sections/HeroSection' inside of [project]/


Import traces:
  Client Component Browser:
    ./src/app/page.tsx [Client Component Browser]
    ./src/app/page.tsx [Server Component]

  Client Component SSR:
    ./src/app/page.tsx [Client Component SSR]
    ./src/app/page.tsx [Server Component]

https://nextjs.org/docs/messages/module-not-found


⨯ ./src/app/page.tsx:5:1
Module not found: Can't resolve '@/sections/HeroSection'
[0m [90m 3 |[39m [36mimport[39m { motion } [36mfrom[39m [32m"framer-motion"[39m[33m;[39m
 [90m 4 |[39m [36mimport[39m { [33mNavbar[39m } [36mfrom[39m [32m"@/components/Navbar"[39m[33m;[39m
[31m[1m>[22m[39m[90m 5 |[39m [36mimport[39m { [33mHeroSection[39m } [36mfrom[39m [32m"@/sections/HeroSection"[39m[33m;[39m
 [90m   |[39m [31m[1m^[22m[39m[31m[1m^[22m[39m[31m[1m^[22m[39m[31m[1m^[22m[39m[31m[1m^[22m[39m[31m[1m^[22m[39m[31m[1m^[22m[39m[31m[1m^[22m[39m[31m[1m^[22m[39m[31m[1m^[22m[39m[31m[1m^[22m[39m[31m[1m^[22m[39m[31m[1m^[22m[39m[31m[1m^[22m[39m[31m[1m^[22m[39m[31m[1m^[22m[39m[31m[1m^[22m[39m[31m[1m^[22m[39m[31m[1m^[22m[39m[31m[1m^[22m[39m[31m[1m^[22m[39m[31m[1m^[22m[39m[31m[1m^[22m[39m[31m[1m^[22m[39m[31m[1m^[22m[39m[31m[1m^[22m[39m[31m[1m^[22m[39m[31m[1m^[22m[39m[31m[1m^[22m[39m[31m[1m^[22m[39m[31m[1m^[22m[39m[31m[1m^[22m[39m[31m[1m^[22m[39m[31m[1m^[22m[39m[31m[1m^[22m[39m[31m[1m^[22m[39m[31m[1m^[22m[39m[31m[1m^[22m[39m[31m[1m^[22m[39m[31m[1m^[22m[39m[31m[1m^[22m[39m[31m[1m^[22m[39m[31m[1m^[22m[39m[31m[1m^[22m[39m[31m[1m^[22m[39m[31m[1m^[22m[39m[31m[1m^[22m[39m[31m[1m^[22m[39m[31m[1m^[22m[39m[31m[1m^[22m[39m[31m[1m^[22m[39m[31m[1m^[22m[39m[31m[1m^[22m[39m
 [90m 6 |[39m [36mimport[39m { [33mPricingSection[39m } [36mfrom[39m [32m"@/sections/PricingSection"[39m[33m;[39m
 [90m 7 |[39m [36mimport[39m { [33mResultsSection[39m } [36mfrom[39m [32m"@/sections/ResultsSection"[39m[33m;[39m
 [90m 8 |[39m [36mimport[39m { [33mConfiguratorSection[39m } [36mfrom[39m [32m"@/sections/ConfiguratorSection"[39m[33m;[39m[0m

Import map: aliased to relative './src/sections/HeroSection' inside of [project]/


Import traces:
  Client Component Browser:
    ./src/app/page.tsx [Client Component Browser]
    ./src/app/page.tsx [Server Component]

  Client Component SSR:
    ./src/app/page.tsx [Client Component SSR]
    ./src/app/page.tsx [Server Component]

https://nextjs.org/docs/messages/module-not-found


⨯ ./src/app/page.tsx:5:1
Module not found: Can't resolve '@/sections/HeroSection'
[0m [90m 3 |[39m [36mimport[39m { motion } [36mfrom[39m [32m"framer-motion"[39m[33m;[39m
 [90m 4 |[39m [36mimport[39m { [33mNavbar[39m } [36mfrom[39m [32m"@/components/Navbar"[39m[33m;[39m
[31m[1m>[22m[39m[90m 5 |[39m [36mimport[39m { [33mHeroSection[39m } [36mfrom[39m [32m"@/sections/HeroSection"[39m[33m;[39m
 [90m   |[39m [31m[1m^[22m[39m[31m[1m^[22m[39m[31m[1m^[22m[39m[31m[1m^[22m[39m[31m[1m^[22m[39m[31m[1m^[22m[39m[31m[1m^[22m[39m[31m[1m^[22m[39m[31m[1m^[22m[39m[31m[1m^[22m[39m[31m[1m^[22m[39m[31m[1m^[22m[39m[31m[1m^[22m[39m[31m[1m^[22m[39m[31m[1m^[22m[39m[31m[1m^[22m[39m[31m[1m^[22m[39m[31m[1m^[22m[39m[31m[1m^[22m[39m[31m[1m^[22m[39m[31m[1m^[22m[39m[31m[1m^[22m[39m[31m[1m^[22m[39m[31m[1m^[22m[39m[31m[1m^[22m[39m[31m[1m^[22m[39m[31m[1m^[22m[39m[31m[1m^[22m[39m[31m[1m^[22m[39m[31m[1m^[22m[39m[31m[1m^[22m[39m[31m[1m^[22m[39m[31m[1m^[22m[39m[31m[1m^[22m[39m[31m[1m^[22m[39m[31m[1m^[22m[39m[31m[1m^[22m[39m[31m[1m^[22m[39m[31m[1m^[22m[39m[31m[1m^[22m[39m[31m[1m^[22m[39m[31m[1m^[22m[39m[31m[1m^[22m[39m[31m[1m^[22m[39m[31m[1m^[22m[39m[31m[1m^[22m[39m[31m[1m^[22m[39m[31m[1m^[22m[39m[31m[1m^[22m[39m[31m[1m^[22m[39m[31m[1m^[22m[39m[31m[1m^[22m[39m[31m[1m^[22m[39m
 [90m 6 |[39m [36mimport[39m { [33mPricingSection[39m } [36mfrom[39m [32m"@/sections/PricingSection"[39m[33m;[39m
 [90m 7 |[39m [36mimport[39m { [33mResultsSection[39m } [36mfrom[39m [32m"@/sections/ResultsSection"[39m[33m;[39m
 [90m 8 |[39m [36mimport[39m { [33mConfiguratorSection[39m } [36mfrom[39m [32m"@/sections/ConfiguratorSection"[39m[33m;[39m[0m

Import map: aliased to relative './src/sections/HeroSection' inside of [project]/


Import traces:
  Client Component Browser:
    ./src/app/page.tsx [Client Component Browser]
    ./src/app/page.tsx [Server Component]

  Client Component SSR:
    ./src/app/page.tsx [Client Component SSR]
    ./src/app/page.tsx [Server Component]

https://nextjs.org/docs/messages/module-not-found


⨯ ./src/app/page.tsx:6:1
Module not found: Can't resolve '@/sections/PricingSection'
[0m [90m 4 |[39m [36mimport[39m { [33mNavbar[39m } [36mfrom[39m [32m"@/components/Navbar"[39m[33m;[39m
 [90m 5 |[39m [36mimport[39m { [33mHeroSection[39m } [36mfrom[39m [32m"@/sections/HeroSection"[39m[33m;[39m
[31m[1m>[22m[39m[90m 6 |[39m [36mimport[39m { [33mPricingSection[39m } [36mfrom[39m [32m"@/sections/PricingSection"[39m[33m;[39m
 [90m   |[39m [31m[1m^[22m[39m[31m[1m^[22m[39m[31m[1m^[22m[39m[31m[1m^[22m[39m[31m[1m^[22m[39m[31m[1m^[22m[39m[31m[1m^[22m[39m[31m[1m^[22m[39m[31m[1m^[22m[39m[31m[1m^[22m[39m[31m[1m^[22m[39m[31m[1m^[22m[39m[31m[1m^[22m[39m[31m[1m^[22m[39m[31m[1m^[22m[39m[31m[1m^[22m[39m[31m[1m^[22m[39m[31m[1m^[22m[39m[31m[1m^[22m[39m[31m[1m^[22m[39m[31m[1m^[22m[39m[31m[1m^[22m[39m[31m[1m^[22m[39m[31m[1m^[22m[39m[31m[1m^[22m[39m[31m[1m^[22m[39m[31m[1m^[22m[39m[31m[1m^[22m[39m[31m[1m^[22m[39m[31m[1m^[22m[39m[31m[1m^[22m[39m[31m[1m^[22m[39m[31m[1m^[22m[39m[31m[1m^[22m[39m[31m[1m^[22m[39m[31m[1m^[22m[39m[31m[1m^[22m[39m[31m[1m^[22m[39m[31m[1m^[22m[39m[31m[1m^[22m[39m[31m[1m^[22m[39m[31m[1m^[22m[39m[31m[1m^[22m[39m[31m[1m^[22m[39m[31m[1m^[22m[39m[31m[1m^[22m[39m[31m[1m^[22m[39m[31m[1m^[22m[39m[31m[1m^[22m[39m[31m[1m^[22m[39m[31m[1m^[22m[39m[31m[1m^[22m[39m[31m[1m^[22m[39m[31m[1m^[22m[39m[31m[1m^[22m[39m[31m[1m^[22m[39m[31m[1m^[22m[39m[31m[1m^[22m[39m[31m[1m^[22m[39m
 [90m 7 |[39m [36mimport[39m { [33mResultsSection[39m } [36mfrom[39m [32m"@/sections/ResultsSection"[39m[33m;[39m
 [90m 8 |[39m [36mimport[39m { [33mConfiguratorSection[39m } [36mfrom[39m [32m"@/sections/ConfiguratorSection"[39m[33m;[39m
 [90m 9 |[39m [36mimport[39m { [33mTestimonialsSection[39m } [36mfrom[39m [32m"@/sections/TestimonialsSection"[39m[33m;[39m[0m

Import map: aliased to relative './src/sections/PricingSection' inside of [project]/


Import traces:
  Client Component Browser:
    ./src/app/page.tsx [Client Component Browser]
    ./src/app/page.tsx [Server Component]

  Client Component SSR:
    ./src/app/page.tsx [Client Component SSR]
    ./src/app/page.tsx [Server Component]

https://nextjs.org/docs/messages/module-not-found


⨯ ./src/app/page.tsx:6:1
Module not found: Can't resolve '@/sections/PricingSection'
[0m [90m 4 |[39m [36mimport[39m { [33mNavbar[39m } [36mfrom[39m [32m"@/components/Navbar"[39m[33m;[39m
 [90m 5 |[39m [36mimport[39m { [33mHeroSection[39m } [36mfrom[39m [32m"@/sections/HeroSection"[39m[33m;[39m
[31m[1m>[22m[39m[90m 6 |[39m [36mimport[39m { [33mPricingSection[39m } [36mfrom[39m [32m"@/sections/PricingSection"[39m[33m;[39m
 [90m   |[39m [31m[1m^[22m[39m[31m[1m^[22m[39m[31m[1m^[22m[39m[31m[1m^[22m[39m[31m[1m^[22m[39m[31m[1m^[22m[39m[31m[1m^[22m[39m[31m[1m^[22m[39m[31m[1m^[22m[39m[31m[1m^[22m[39m[31m[1m^[22m[39m[31m[1m^[22m[39m[31m[1m^[22m[39m[31m[1m^[22m[39m[31m[1m^[22m[39m[31m[1m^[22m[39m[31m[1m^[22m[39m[31m[1m^[22m[39m[31m[1m^[22m[39m[31m[1m^[22m[39m[31m[1m^[22m[39m[31m[1m^[22m[39m[31m[1m^[22m[39m[31m[1m^[22m[39m[31m[1m^[22m[39m[31m[1m^[22m[39m[31m[1m^[22m[39m[31m[1m^[22m[39m[31m[1m^[22m[39m[31m[1m^[22m[39m[31m[1m^[22m[39m[31m[1m^[22m[39m[31m[1m^[22m[39m[31m[1m^[22m[39m[31m[1m^[22m[39m[31m[1m^[22m[39m[31m[1m^[22m[39m[31m[1m^[22m[39m[31m[1m^[22m[39m[31m[1m^[22m[39m[31m[1m^[22m[39m[31m[1m^[22m[39m[31m[1m^[22m[39m[31m[1m^[22m[39m[31m[1m^[22m[39m[31m[1m^[22m[39m[31m[1m^[22m[39m[31m[1m^[22m[39m[31m[1m^[22m[39m[31m[1m^[22m[39m[31m[1m^[22m[39m[31m[1m^[22m[39m[31m[1m^[22m[39m[31m[1m^[22m[39m[31m[1m^[22m[39m[31m[1m^[22m[39m[31m[1m^[22m[39m[31m[1m^[22m[39m[31m[1m^[22m[39m
 [90m 7 |[39m [36mimport[39m { [33mResultsSection[39m } [36mfrom[39m [32m"@/sections/ResultsSection"[39m[33m;[39m
 [90m 8 |[39m [36mimport[39m { [33mConfiguratorSection[39m } [36mfrom[39m [32m"@/sections/ConfiguratorSection"[39m[33m;[39m
 [90m 9 |[39m [36mimport[39m { [33mTestimonialsSection[39m } [36mfrom[39m [32m"@/sections/TestimonialsSection"[39m[33m;[39m[0m

Import map: aliased to relative './src/sections/PricingSection' inside of [project]/


Import traces:
  Client Component Browser:
    ./src/app/page.tsx [Client Component Browser]
    ./src/app/page.tsx [Server Component]

  Client Component SSR:
    ./src/app/page.tsx [Client Component SSR]
    ./src/app/page.tsx [Server Component]

https://nextjs.org/docs/messages/module-not-found


⨯ ./src/app/page.tsx:6:1
Module not found: Can't resolve '@/sections/PricingSection'
[0m [90m 4 |[39m [36mimport[39m { [33mNavbar[39m } [36mfrom[39m [32m"@/components/Navbar"[39m[33m;[39m
 [90m 5 |[39m [36mimport[39m { [33mHeroSection[39m } [36mfrom[39m [32m"@/sections/HeroSection"[39m[33m;[39m
[31m[1m>[22m[39m[90m 6 |[39m [36mimport[39m { [33mPricingSection[39m } [36mfrom[39m [32m"@/sections/PricingSection"[39m[33m;[39m
 [90m   |[39m [31m[1m^[22m[39m[31m[1m^[22m[39m[31m[1m^[22m[39m[31m[1m^[22m[39m[31m[1m^[22m[39m[31m[1m^[22m[39m[31m[1m^[22m[39m[31m[1m^[22m[39m[31m[1m^[22m[39m[31m[1m^[22m[39m[31m[1m^[22m[39m[31m[1m^[22m[39m[31m[1m^[22m[39m[31m[1m^[22m[39m[31m[1m^[22m[39m[31m[1m^[22m[39m[31m[1m^[22m[39m[31m[1m^[22m[39m[31m[1m^[22m[39m[31m[1m^[22m[39m[31m[1m^[22m[39m[31m[1m^[22m[39m[31m[1m^[22m[39m[31m[1m^[22m[39m[31m[1m^[22m[39m[31m[1m^[22m[39m[31m[1m^[22m[39m[31m[1m^[22m[39m[31m[1m^[22m[39m[31m[1m^[22m[39m[31m[1m^[22m[39m[31m[1m^[22m[39m[31m[1m^[22m[39m[31m[1m^[22m[39m[31m[1m^[22m[39m[31m[1m^[22m[39m[31m[1m^[22m[39m[31m[1m^[22m[39m[31m[1m^[22m[39m[31m[1m^[22m[39m[31m[1m^[22m[39m[31m[1m^[22m[39m[31m[1m^[22m[39m[31m[1m^[22m[39m[31m[1m^[22m[39m[31m[1m^[22m[39m[31m[1m^[22m[39m[31m[1m^[22m[39m[31m[1m^[22m[39m[31m[1m^[22m[39m[31m[1m^[22m[39m[31m[1m^[22m[39m[31m[1m^[22m[39m[31m[1m^[22m[39m[31m[1m^[22m[39m[31m[1m^[22m[39m[31m[1m^[22m[39m[31m[1m^[22m[39m[31m[1m^[22m[39m
 [90m 7 |[39m [36mimport[39m { [33mResultsSection[39m } [36mfrom[39m [32m"@/sections/ResultsSection"[39m[33m;[39m
 [90m 8 |[39m [36mimport[39m { [33mConfiguratorSection[39m } [36mfrom[39m [32m"@/sections/ConfiguratorSection"[39m[33m;[39m
 [90m 9 |[39m [36mimport[39m { [33mTestimonialsSection[39m } [36mfrom[39m [32m"@/sections/TestimonialsSection"[39m[33m;[39m[0m

Import map: aliased to relative './src/sections/PricingSection' inside of [project]/


Import traces:
  Client Component Browser:
    ./src/app/page.tsx [Client Component Browser]
    ./src/app/page.tsx [Server Component]

  Client Component SSR:
    ./src/app/page.tsx [Client Component SSR]
    ./src/app/page.tsx [Server Component]

https://nextjs.org/docs/messages/module-not-found


⨯ ./src/app/page.tsx:6:1
Module not found: Can't resolve '@/sections/PricingSection'
[0m [90m 4 |[39m [36mimport[39m { [33mNavbar[39m } [36mfrom[39m [32m"@/components/Navbar"[39m[33m;[39m
 [90m 5 |[39m [36mimport[39m { [33mHeroSection[39m } [36mfrom[39m [32m"@/sections/HeroSection"[39m[33m;[39m
[31m[1m>[22m[39m[90m 6 |[39m [36mimport[39m { [33mPricingSection[39m } [36mfrom[39m [32m"@/sections/PricingSection"[39m[33m;[39m
 [90m   |[39m [31m[1m^[22m[39m[31m[1m^[22m[39m[31m[1m^[22m[39m[31m[1m^[22m[39m[31m[1m^[22m[39m[31m[1m^[22m[39m[31m[1m^[22m[39m[31m[1m^[22m[39m[31m[1m^[22m[39m[31m[1m^[22m[39m[31m[1m^[22m[39m[31m[1m^[22m[39m[31m[1m^[22m[39m[31m[1m^[22m[39m[31m[1m^[22m[39m[31m[1m^[22m[39m[31m[1m^[22m[39m[31m[1m^[22m[39m[31m[1m^[22m[39m[31m[1m^[22m[39m[31m[1m^[22m[39m[31m[1m^[22m[39m[31m[1m^[22m[39m[31m[1m^[22m[39m[31m[1m^[22m[39m[31m[1m^[22m[39m[31m[1m^[22m[39m[31m[1m^[22m[39m[31m[1m^[22m[39m[31m[1m^[22m[39m[31m[1m^[22m[39m[31m[1m^[22m[39m[31m[1m^[22m[39m[31m[1m^[22m[39m[31m[1m^[22m[39m[31m[1m^[22m[39m[31m[1m^[22m[39m[31m[1m^[22m[39m[31m[1m^[22m[39m[31m[1m^[22m[39m[31m[1m^[22m[39m[31m[1m^[22m[39m[31m[1m^[22m[39m[31m[1m^[22m[39m[31m[1m^[22m[39m[31m[1m^[22m[39m[31m[1m^[22m[39m[31m[1m^[22m[39m[31m[1m^[22m[39m[31m[1m^[22m[39m[31m[1m^[22m[39m[31m[1m^[22m[39m[31m[1m^[22m[39m[31m[1m^[22m[39m[31m[1m^[22m[39m[31m[1m^[22m[39m[31m[1m^[22m[39m[31m[1m^[22m[39m[31m[1m^[22m[39m
 [90m 7 |[39m [36mimport[39m { [33mResultsSection[39m } [36mfrom[39m [32m"@/sections/ResultsSection"[39m[33m;[39m
 [90m 8 |[39m [36mimport[39m { [33mConfiguratorSection[39m } [36mfrom[39m [32m"@/sections/ConfiguratorSection"[39m[33m;[39m
 [90m 9 |[39m [36mimport[39m { [33mTestimonialsSection[39m } [36mfrom[39m [32m"@/sections/TestimonialsSection"[39m[33m;[39m[0m

Import map: aliased to relative './src/sections/PricingSection' inside of [project]/


Import traces:
  Client Component Browser:
    ./src/app/page.tsx [Client Component Browser]
    ./src/app/page.tsx [Server Component]

  Client Component SSR:
    ./src/app/page.tsx [Client Component SSR]
    ./src/app/page.tsx [Server Component]

https://nextjs.org/docs/messages/module-not-found


⨯ ./src/app/page.tsx:10:1
Module not found: Can't resolve '@/sections/QuoteSection'
[0m [90m  8 |[39m [36mimport[39m { [33mConfiguratorSection[39m } [36mfrom[39m [32m"@/sections/ConfiguratorSection"[39m[33m;[39m
 [90m  9 |[39m [36mimport[39m { [33mTestimonialsSection[39m } [36mfrom[39m [32m"@/sections/TestimonialsSection"[39m[33m;[39m
[31m[1m>[22m[39m[90m 10 |[39m [36mimport[39m { [33mQuoteSection[39m } [36mfrom[39m [32m"@/sections/QuoteSection"[39m[33m;[39m
 [90m    |[39m [31m[1m^[22m[39m[31m[1m^[22m[39m[31m[1m^[22m[39m[31m[1m^[22m[39m[31m[1m^[22m[39m[31m[1m^[22m[39m[31m[1m^[22m[39m[31m[1m^[22m[39m[31m[1m^[22m[39m[31m[1m^[22m[39m[31m[1m^[22m[39m[31m[1m^[22m[39m[31m[1m^[22m[39m[31m[1m^[22m[39m[31m[1m^[22m[39m[31m[1m^[22m[39m[31m[1m^[22m[39m[31m[1m^[22m[39m[31m[1m^[22m[39m[31m[1m^[22m[39m[31m[1m^[22m[39m[31m[1m^[22m[39m[31m[1m^[22m[39m[31m[1m^[22m[39m[31m[1m^[22m[39m[31m[1m^[22m[39m[31m[1m^[22m[39m[31m[1m^[22m[39m[31m[1m^[22m[39m[31m[1m^[22m[39m[31m[1m^[22m[39m[31m[1m^[22m[39m[31m[1m^[22m[39m[31m[1m^[22m[39m[31m[1m^[22m[39m[31m[1m^[22m[39m[31m[1m^[22m[39m[31m[1m^[22m[39m[31m[1m^[22m[39m[31m[1m^[22m[39m[31m[1m^[22m[39m[31m[1m^[22m[39m[31m[1m^[22m[39m[31m[1m^[22m[39m[31m[1m^[22m[39m[31m[1m^[22m[39m[31m[1m^[22m[39m[31m[1m^[22m[39m[31m[1m^[22m[39m[31m[1m^[22m[39m[31m[1m^[22m[39m[31m[1m^[22m[39m[31m[1m^[22m[39m[31m[1m^[22m[39m[31m[1m^[22m[39m
 [90m 11 |[39m [36mimport[39m { [33mFooter[39m } [36mfrom[39m [32m"@/components/Footer"[39m[33m;[39m
 [90m 12 |[39m
 [90m 13 |[39m [36mconst[39m [33mFADE_UP_ANIMATION_VARIANTS[39m [33m=[39m {[0m

Import map: aliased to relative './src/sections/QuoteSection' inside of [project]/


Import traces:
  Client Component Browser:
    ./src/app/page.tsx [Client Component Browser]
    ./src/app/page.tsx [Server Component]

  Client Component SSR:
    ./src/app/page.tsx [Client Component SSR]
    ./src/app/page.tsx [Server Component]

https://nextjs.org/docs/messages/module-not-found


⨯ ./src/app/page.tsx:10:1
Module not found: Can't resolve '@/sections/QuoteSection'
[0m [90m  8 |[39m [36mimport[39m { [33mConfiguratorSection[39m } [36mfrom[39m [32m"@/sections/ConfiguratorSection"[39m[33m;[39m
 [90m  9 |[39m [36mimport[39m { [33mTestimonialsSection[39m } [36mfrom[39m [32m"@/sections/TestimonialsSection"[39m[33m;[39m
[31m[1m>[22m[39m[90m 10 |[39m [36mimport[39m { [33mQuoteSection[39m } [36mfrom[39m [32m"@/sections/QuoteSection"[39m[33m;[39m
 [90m    |[39m [31m[1m^[22m[39m[31m[1m^[22m[39m[31m[1m^[22m[39m[31m[1m^[22m[39m[31m[1m^[22m[39m[31m[1m^[22m[39m[31m[1m^[22m[39m[31m[1m^[22m[39m[31m[1m^[22m[39m[31m[1m^[22m[39m[31m[1m^[22m[39m[31m[1m^[22m[39m[31m[1m^[22m[39m[31m[1m^[22m[39m[31m[1m^[22m[39m[31m[1m^[22m[39m[31m[1m^[22m[39m[31m[1m^[22m[39m[31m[1m^[22m[39m[31m[1m^[22m[39m[31m[1m^[22m[39m[31m[1m^[22m[39m[31m[1m^[22m[39m[31m[1m^[22m[39m[31m[1m^[22m[39m[31m[1m^[22m[39m[31m[1m^[22m[39m[31m[1m^[22m[39m[31m[1m^[22m[39m[31m[1m^[22m[39m[31m[1m^[22m[39m[31m[1m^[22m[39m[31m[1m^[22m[39m[31m[1m^[22m[39m[31m[1m^[22m[39m[31m[1m^[22m[39m[31m[1m^[22m[39m[31m[1m^[22m[39m[31m[1m^[22m[39m[31m[1m^[22m[39m[31m[1m^[22m[39m[31m[1m^[22m[39m[31m[1m^[22m[39m[31m[1m^[22m[39m[31m[1m^[22m[39m[31m[1m^[22m[39m[31m[1m^[22m[39m[31m[1m^[22m[39m[31m[1m^[22m[39m[31m[1m^[22m[39m[31m[1m^[22m[39m[31m[1m^[22m[39m[31m[1m^[22m[39m[31m[1m^[22m[39m[31m[1m^[22m[39m
 [90m 11 |[39m [36mimport[39m { [33mFooter[39m } [36mfrom[39m [32m"@/components/Footer"[39m[33m;[39m
 [90m 12 |[39m
 [90m 13 |[39m [36mconst[39m [33mFADE_UP_ANIMATION_VARIANTS[39m [33m=[39m {[0m

Import map: aliased to relative './src/sections/QuoteSection' inside of [project]/


Import traces:
  Client Component Browser:
    ./src/app/page.tsx [Client Component Browser]
    ./src/app/page.tsx [Server Component]

  Client Component SSR:
    ./src/app/page.tsx [Client Component SSR]
    ./src/app/page.tsx [Server Component]

https://nextjs.org/docs/messages/module-not-found


⨯ ./src/app/page.tsx:10:1
Module not found: Can't resolve '@/sections/QuoteSection'
[0m [90m  8 |[39m [36mimport[39m { [33mConfiguratorSection[39m } [36mfrom[39m [32m"@/sections/ConfiguratorSection"[39m[33m;[39m
 [90m  9 |[39m [36mimport[39m { [33mTestimonialsSection[39m } [36mfrom[39m [32m"@/sections/TestimonialsSection"[39m[33m;[39m
[31m[1m>[22m[39m[90m 10 |[39m [36mimport[39m { [33mQuoteSection[39m } [36mfrom[39m [32m"@/sections/QuoteSection"[39m[33m;[39m
 [90m    |[39m [31m[1m^[22m[39m[31m[1m^[22m[39m[31m[1m^[22m[39m[31m[1m^[22m[39m[31m[1m^[22m[39m[31m[1m^[22m[39m[31m[1m^[22m[39m[31m[1m^[22m[39m[31m[1m^[22m[39m[31m[1m^[22m[39m[31m[1m^[22m[39m[31m[1m^[22m[39m[31m[1m^[22m[39m[31m[1m^[22m[39m[31m[1m^[22m[39m[31m[1m^[22m[39m[31m[1m^[22m[39m[31m[1m^[22m[39m[31m[1m^[22m[39m[31m[1m^[22m[39m[31m[1m^[22m[39m[31m[1m^[22m[39m[31m[1m^[22m[39m[31m[1m^[22m[39m[31m[1m^[22m[39m[31m[1m^[22m[39m[31m[1m^[22m[39m[31m[1m^[22m[39m[31m[1m^[22m[39m[31m[1m^[22m[39m[31m[1m^[22m[39m[31m[1m^[22m[39m[31m[1m^[22m[39m[31m[1m^[22m[39m[31m[1m^[22m[39m[31m[1m^[22m[39m[31m[1m^[22m[39m[31m[1m^[22m[39m[31m[1m^[22m[39m[31m[1m^[22m[39m[31m[1m^[22m[39m[31m[1m^[22m[39m[31m[1m^[22m[39m[31m[1m^[22m[39m[31m[1m^[22m[39m[31m[1m^[22m[39m[31m[1m^[22m[39m[31m[1m^[22m[39m[31m[1m^[22m[39m[31m[1m^[22m[39m[31m[1m^[22m[39m[31m[1m^[22m[39m[31m[1m^[22m[39m[31m[1m^[22m[39m[31m[1m^[22m[39m
 [90m 11 |[39m [36mimport[39m { [33mFooter[39m } [36mfrom[39m [32m"@/components/Footer"[39m[33m;[39m
 [90m 12 |[39m
 [90m 13 |[39m [36mconst[39m [33mFADE_UP_ANIMATION_VARIANTS[39m [33m=[39m {[0m

Import map: aliased to relative './src/sections/QuoteSection' inside of [project]/


Import traces:
  Client Component Browser:
    ./src/app/page.tsx [Client Component Browser]
    ./src/app/page.tsx [Server Component]

  Client Component SSR:
    ./src/app/page.tsx [Client Component SSR]
    ./src/app/page.tsx [Server Component]

https://nextjs.org/docs/messages/module-not-found


⨯ ./src/app/page.tsx:10:1
Module not found: Can't resolve '@/sections/QuoteSection'
[0m [90m  8 |[39m [36mimport[39m { [33mConfiguratorSection[39m } [36mfrom[39m [32m"@/sections/ConfiguratorSection"[39m[33m;[39m
 [90m  9 |[39m [36mimport[39m { [33mTestimonialsSection[39m } [36mfrom[39m [32m"@/sections/TestimonialsSection"[39m[33m;[39m
[31m[1m>[22m[39m[90m 10 |[39m [36mimport[39m { [33mQuoteSection[39m } [36mfrom[39m [32m"@/sections/QuoteSection"[39m[33m;[39m
 [90m    |[39m [31m[1m^[22m[39m[31m[1m^[22m[39m[31m[1m^[22m[39m[31m[1m^[22m[39m[31m[1m^[22m[39m[31m[1m^[22m[39m[31m[1m^[22m[39m[31m[1m^[22m[39m[31m[1m^[22m[39m[31m[1m^[22m[39m[31m[1m^[22m[39m[31m[1m^[22m[39m[31m[1m^[22m[39m[31m[1m^[22m[39m[31m[1m^[22m[39m[31m[1m^[22m[39m[31m[1m^[22m[39m[31m[1m^[22m[39m[31m[1m^[22m[39m[31m[1m^[22m[39m[31m[1m^[22m[39m[31m[1m^[22m[39m[31m[1m^[22m[39m[31m[1m^[22m[39m[31m[1m^[22m[39m[31m[1m^[22m[39m[31m[1m^[22m[39m[31m[1m^[22m[39m[31m[1m^[22m[39m[31m[1m^[22m[39m[31m[1m^[22m[39m[31m[1m^[22m[39m[31m[1m^[22m[39m[31m[1m^[22m[39m[31m[1m^[22m[39m[31m[1m^[22m[39m[31m[1m^[22m[39m[31m[1m^[22m[39m[31m[1m^[22m[39m[31m[1m^[22m[39m[31m[1m^[22m[39m[31m[1m^[22m[39m[31m[1m^[22m[39m[31m[1m^[22m[39m[31m[1m^[22m[39m[31m[1m^[22m[39m[31m[1m^[22m[39m[31m[1m^[22m[39m[31m[1m^[22m[39m[31m[1m^[22m[39m[31m[1m^[22m[39m[31m[1m^[22m[39m[31m[1m^[22m[39m[31m[1m^[22m[39m[31m[1m^[22m[39m
 [90m 11 |[39m [36mimport[39m { [33mFooter[39m } [36mfrom[39m [32m"@/components/Footer"[39m[33m;[39m
 [90m 12 |[39m
 [90m 13 |[39m [36mconst[39m [33mFADE_UP_ANIMATION_VARIANTS[39m [33m=[39m {[0m

Import map: aliased to relative './src/sections/QuoteSection' inside of [project]/


Import traces:
  Client Component Browser:
    ./src/app/page.tsx [Client Component Browser]
    ./src/app/page.tsx [Server Component]

  Client Component SSR:
    ./src/app/page.tsx [Client Component SSR]
    ./src/app/page.tsx [Server Component]

https://nextjs.org/docs/messages/module-not-found


⨯ ./src/app/page.tsx:7:1
Module not found: Can't resolve '@/sections/ResultsSection'
[0m [90m  5 |[39m [36mimport[39m { [33mHeroSection[39m } [36mfrom[39m [32m"@/sections/HeroSection"[39m[33m;[39m
 [90m  6 |[39m [36mimport[39m { [33mPricingSection[39m } [36mfrom[39m [32m"@/sections/PricingSection"[39m[33m;[39m
[31m[1m>[22m[39m[90m  7 |[39m [36mimport[39m { [33mResultsSection[39m } [36mfrom[39m [32m"@/sections/ResultsSection"[39m[33m;[39m
 [90m    |[39m [31m[1m^[22m[39m[31m[1m^[22m[39m[31m[1m^[22m[39m[31m[1m^[22m[39m[31m[1m^[22m[39m[31m[1m^[22m[39m[31m[1m^[22m[39m[31m[1m^[22m[39m[31m[1m^[22m[39m[31m[1m^[22m[39m[31m[1m^[22m[39m[31m[1m^[22m[39m[31m[1m^[22m[39m[31m[1m^[22m[39m[31m[1m^[22m[39m[31m[1m^[22m[39m[31m[1m^[22m[39m[31m[1m^[22m[39m[31m[1m^[22m[39m[31m[1m^[22m[39m[31m[1m^[22m[39m[31m[1m^[22m[39m[31m[1m^[22m[39m[31m[1m^[22m[39m[31m[1m^[22m[39m[31m[1m^[22m[39m[31m[1m^[22m[39m[31m[1m^[22m[39m[31m[1m^[22m[39m[31m[1m^[22m[39m[31m[1m^[22m[39m[31m[1m^[22m[39m[31m[1m^[22m[39m[31m[1m^[22m[39m[31m[1m^[22m[39m[31m[1m^[22m[39m[31m[1m^[22m[39m[31m[1m^[22m[39m[31m[1m^[22m[39m[31m[1m^[22m[39m[31m[1m^[22m[39m[31m[1m^[22m[39m[31m[1m^[22m[39m[31m[1m^[22m[39m[31m[1m^[22m[39m[31m[1m^[22m[39m[31m[1m^[22m[39m[31m[1m^[22m[39m[31m[1m^[22m[39m[31m[1m^[22m[39m[31m[1m^[22m[39m[31m[1m^[22m[39m[31m[1m^[22m[39m[31m[1m^[22m[39m[31m[1m^[22m[39m[31m[1m^[22m[39m[31m[1m^[22m[39m[31m[1m^[22m[39m[31m[1m^[22m[39m
 [90m  8 |[39m [36mimport[39m { [33mConfiguratorSection[39m } [36mfrom[39m [32m"@/sections/ConfiguratorSection"[39m[33m;[39m
 [90m  9 |[39m [36mimport[39m { [33mTestimonialsSection[39m } [36mfrom[39m [32m"@/sections/TestimonialsSection"[39m[33m;[39m
 [90m 10 |[39m [36mimport[39m { [33mQuoteSection[39m } [36mfrom[39m [32m"@/sections/QuoteSection"[39m[33m;[39m[0m

Import map: aliased to relative './src/sections/ResultsSection' inside of [project]/


Import traces:
  Client Component Browser:
    ./src/app/page.tsx [Client Component Browser]
    ./src/app/page.tsx [Server Component]

  Client Component SSR:
    ./src/app/page.tsx [Client Component SSR]
    ./src/app/page.tsx [Server Component]

https://nextjs.org/docs/messages/module-not-found


⨯ ./src/app/page.tsx:7:1
Module not found: Can't resolve '@/sections/ResultsSection'
[0m [90m  5 |[39m [36mimport[39m { [33mHeroSection[39m } [36mfrom[39m [32m"@/sections/HeroSection"[39m[33m;[39m
 [90m  6 |[39m [36mimport[39m { [33mPricingSection[39m } [36mfrom[39m [32m"@/sections/PricingSection"[39m[33m;[39m
[31m[1m>[22m[39m[90m  7 |[39m [36mimport[39m { [33mResultsSection[39m } [36mfrom[39m [32m"@/sections/ResultsSection"[39m[33m;[39m
 [90m    |[39m [31m[1m^[22m[39m[31m[1m^[22m[39m[31m[1m^[22m[39m[31m[1m^[22m[39m[31m[1m^[22m[39m[31m[1m^[22m[39m[31m[1m^[22m[39m[31m[1m^[22m[39m[31m[1m^[22m[39m[31m[1m^[22m[39m[31m[1m^[22m[39m[31m[1m^[22m[39m[31m[1m^[22m[39m[31m[1m^[22m[39m[31m[1m^[22m[39m[31m[1m^[22m[39m[31m[1m^[22m[39m[31m[1m^[22m[39m[31m[1m^[22m[39m[31m[1m^[22m[39m[31m[1m^[22m[39m[31m[1m^[22m[39m[31m[1m^[22m[39m[31m[1m^[22m[39m[31m[1m^[22m[39m[31m[1m^[22m[39m[31m[1m^[22m[39m[31m[1m^[22m[39m[31m[1m^[22m[39m[31m[1m^[22m[39m[31m[1m^[22m[39m[31m[1m^[22m[39m[31m[1m^[22m[39m[31m[1m^[22m[39m[31m[1m^[22m[39m[31m[1m^[22m[39m[31m[1m^[22m[39m[31m[1m^[22m[39m[31m[1m^[22m[39m[31m[1m^[22m[39m[31m[1m^[22m[39m[31m[1m^[22m[39m[31m[1m^[22m[39m[31m[1m^[22m[39m[31m[1m^[22m[39m[31m[1m^[22m[39m[31m[1m^[22m[39m[31m[1m^[22m[39m[31m[1m^[22m[39m[31m[1m^[22m[39m[31m[1m^[22m[39m[31m[1m^[22m[39m[31m[1m^[22m[39m[31m[1m^[22m[39m[31m[1m^[22m[39m[31m[1m^[22m[39m[31m[1m^[22m[39m[31m[1m^[22m[39m[31m[1m^[22m[39m
 [90m  8 |[39m [36mimport[39m { [33mConfiguratorSection[39m } [36mfrom[39m [32m"@/sections/ConfiguratorSection"[39m[33m;[39m
 [90m  9 |[39m [36mimport[39m { [33mTestimonialsSection[39m } [36mfrom[39m [32m"@/sections/TestimonialsSection"[39m[33m;[39m
 [90m 10 |[39m [36mimport[39m { [33mQuoteSection[39m } [36mfrom[39m [32m"@/sections/QuoteSection"[39m[33m;[39m[0m

Import map: aliased to relative './src/sections/ResultsSection' inside of [project]/


Import traces:
  Client Component Browser:
    ./src/app/page.tsx [Client Component Browser]
    ./src/app/page.tsx [Server Component]

  Client Component SSR:
    ./src/app/page.tsx [Client Component SSR]
    ./src/app/page.tsx [Server Component]

https://nextjs.org/docs/messages/module-not-found


⨯ ./src/app/page.tsx:7:1
Module not found: Can't resolve '@/sections/ResultsSection'
[0m [90m  5 |[39m [36mimport[39m { [33mHeroSection[39m } [36mfrom[39m [32m"@/sections/HeroSection"[39m[33m;[39m
 [90m  6 |[39m [36mimport[39m { [33mPricingSection[39m } [36mfrom[39m [32m"@/sections/PricingSection"[39m[33m;[39m
[31m[1m>[22m[39m[90m  7 |[39m [36mimport[39m { [33mResultsSection[39m } [36mfrom[39m [32m"@/sections/ResultsSection"[39m[33m;[39m
 [90m    |[39m [31m[1m^[22m[39m[31m[1m^[22m[39m[31m[1m^[22m[39m[31m[1m^[22m[39m[31m[1m^[22m[39m[31m[1m^[22m[39m[31m[1m^[22m[39m[31m[1m^[22m[39m[31m[1m^[22m[39m[31m[1m^[22m[39m[31m[1m^[22m[39m[31m[1m^[22m[39m[31m[1m^[22m[39m[31m[1m^[22m[39m[31m[1m^[22m[39m[31m[1m^[22m[39m[31m[1m^[22m[39m[31m[1m^[22m[39m[31m[1m^[22m[39m[31m[1m^[22m[39m[31m[1m^[22m[39m[31m[1m^[22m[39m[31m[1m^[22m[39m[31m[1m^[22m[39m[31m[1m^[22m[39m[31m[1m^[22m[39m[31m[1m^[22m[39m[31m[1m^[22m[39m[31m[1m^[22m[39m[31m[1m^[22m[39m[31m[1m^[22m[39m[31m[1m^[22m[39m[31m[1m^[22m[39m[31m[1m^[22m[39m[31m[1m^[22m[39m[31m[1m^[22m[39m[31m[1m^[22m[39m[31m[1m^[22m[39m[31m[1m^[22m[39m[31m[1m^[22m[39m[31m[1m^[22m[39m[31m[1m^[22m[39m[31m[1m^[22m[39m[31m[1m^[22m[39m[31m[1m^[22m[39m[31m[1m^[22m[39m[31m[1m^[22m[39m[31m[1m^[22m[39m[31m[1m^[22m[39m[31m[1m^[22m[39m[31m[1m^[22m[39m[31m[1m^[22m[39m[31m[1m^[22m[39m[31m[1m^[22m[39m[31m[1m^[22m[39m[31m[1m^[22m[39m[31m[1m^[22m[39m[31m[1m^[22m[39m[31m[1m^[22m[39m
 [90m  8 |[39m [36mimport[39m { [33mConfiguratorSection[39m } [36mfrom[39m [32m"@/sections/ConfiguratorSection"[39m[33m;[39m
 [90m  9 |[39m [36mimport[39m { [33mTestimonialsSection[39m } [36mfrom[39m [32m"@/sections/TestimonialsSection"[39m[33m;[39m
 [90m 10 |[39m [36mimport[39m { [33mQuoteSection[39m } [36mfrom[39m [32m"@/sections/QuoteSection"[39m[33m;[39m[0m

Import map: aliased to relative './src/sections/ResultsSection' inside of [project]/


Import traces:
  Client Component Browser:
    ./src/app/page.tsx [Client Component Browser]
    ./src/app/page.tsx [Server Component]

  Client Component SSR:
    ./src/app/page.tsx [Client Component SSR]
    ./src/app/page.tsx [Server Component]

https://nextjs.org/docs/messages/module-not-found


⨯ ./src/app/page.tsx:7:1
Module not found: Can't resolve '@/sections/ResultsSection'
[0m [90m  5 |[39m [36mimport[39m { [33mHeroSection[39m } [36mfrom[39m [32m"@/sections/HeroSection"[39m[33m;[39m
 [90m  6 |[39m [36mimport[39m { [33mPricingSection[39m } [36mfrom[39m [32m"@/sections/PricingSection"[39m[33m;[39m
[31m[1m>[22m[39m[90m  7 |[39m [36mimport[39m { [33mResultsSection[39m } [36mfrom[39m [32m"@/sections/ResultsSection"[39m[33m;[39m
 [90m    |[39m [31m[1m^[22m[39m[31m[1m^[22m[39m[31m[1m^[22m[39m[31m[1m^[22m[39m[31m[1m^[22m[39m[31m[1m^[22m[39m[31m[1m^[22m[39m[31m[1m^[22m[39m[31m[1m^[22m[39m[31m[1m^[22m[39m[31m[1m^[22m[39m[31m[1m^[22m[39m[31m[1m^[22m[39m[31m[1m^[22m[39m[31m[1m^[22m[39m[31m[1m^[22m[39m[31m[1m^[22m[39m[31m[1m^[22m[39m[31m[1m^[22m[39m[31m[1m^[22m[39m[31m[1m^[22m[39m[31m[1m^[22m[39m[31m[1m^[22m[39m[31m[1m^[22m[39m[31m[1m^[22m[39m[31m[1m^[22m[39m[31m[1m^[22m[39m[31m[1m^[22m[39m[31m[1m^[22m[39m[31m[1m^[22m[39m[31m[1m^[22m[39m[31m[1m^[22m[39m[31m[1m^[22m[39m[31m[1m^[22m[39m[31m[1m^[22m[39m[31m[1m^[22m[39m[31m[1m^[22m[39m[31m[1m^[22m[39m[31m[1m^[22m[39m[31m[1m^[22m[39m[31m[1m^[22m[39m[31m[1m^[22m[39m[31m[1m^[22m[39m[31m[1m^[22m[39m[31m[1m^[22m[39m[31m[1m^[22m[39m[31m[1m^[22m[39m[31m[1m^[22m[39m[31m[1m^[22m[39m[31m[1m^[22m[39m[31m[1m^[22m[39m[31m[1m^[22m[39m[31m[1m^[22m[39m[31m[1m^[22m[39m[31m[1m^[22m[39m[31m[1m^[22m[39m[31m[1m^[22m[39m[31m[1m^[22m[39m[31m[1m^[22m[39m
 [90m  8 |[39m [36mimport[39m { [33mConfiguratorSection[39m } [36mfrom[39m [32m"@/sections/ConfiguratorSection"[39m[33m;[39m
 [90m  9 |[39m [36mimport[39m { [33mTestimonialsSection[39m } [36mfrom[39m [32m"@/sections/TestimonialsSection"[39m[33m;[39m
 [90m 10 |[39m [36mimport[39m { [33mQuoteSection[39m } [36mfrom[39m [32m"@/sections/QuoteSection"[39m[33m;[39m[0m

Import map: aliased to relative './src/sections/ResultsSection' inside of [project]/


Import traces:
  Client Component Browser:
    ./src/app/page.tsx [Client Component Browser]
    ./src/app/page.tsx [Server Component]

  Client Component SSR:
    ./src/app/page.tsx [Client Component SSR]
    ./src/app/page.tsx [Server Component]

https://nextjs.org/docs/messages/module-not-found


⨯ ./src/app/page.tsx:9:1
Module not found: Can't resolve '@/sections/TestimonialsSection'
[0m [90m  7 |[39m [36mimport[39m { [33mResultsSection[39m } [36mfrom[39m [32m"@/sections/ResultsSection"[39m[33m;[39m
 [90m  8 |[39m [36mimport[39m { [33mConfiguratorSection[39m } [36mfrom[39m [32m"@/sections/ConfiguratorSection"[39m[33m;[39m
[31m[1m>[22m[39m[90m  9 |[39m [36mimport[39m { [33mTestimonialsSection[39m } [36mfrom[39m [32m"@/sections/TestimonialsSection"[39m[33m;[39m
 [90m    |[39m [31m[1m^[22m[39m[31m[1m^[22m[39m[31m[1m^[22m[39m[31m[1m^[22m[39m[31m[1m^[22m[39m[31m[1m^[22m[39m[31m[1m^[22m[39m[31m[1m^[22m[39m[31m[1m^[22m[39m[31m[1m^[22m[39m[31m[1m^[22m[39m[31m[1m^[22m[39m[31m[1m^[22m[39m[31m[1m^[22m[39m[31m[1m^[22m[39m[31m[1m^[22m[39m[31m[1m^[22m[39m[31m[1m^[22m[39m[31m[1m^[22m[39m[31m[1m^[22m[39m[31m[1m^[22m[39m[31m[1m^[22m[39m[31m[1m^[22m[39m[31m[1m^[22m[39m[31m[1m^[22m[39m[31m[1m^[22m[39m[31m[1m^[22m[39m[31m[1m^[22m[39m[31m[1m^[22m[39m[31m[1m^[22m[39m[31m[1m^[22m[39m[31m[1m^[22m[39m[31m[1m^[22m[39m[31m[1m^[22m[39m[31m[1m^[22m[39m[31m[1m^[22m[39m[31m[1m^[22m[39m[31m[1m^[22m[39m[31m[1m^[22m[39m[31m[1m^[22m[39m[31m[1m^[22m[39m[31m[1m^[22m[39m[31m[1m^[22m[39m[31m[1m^[22m[39m[31m[1m^[22m[39m[31m[1m^[22m[39m[31m[1m^[22m[39m[31m[1m^[22m[39m[31m[1m^[22m[39m[31m[1m^[22m[39m[31m[1m^[22m[39m[31m[1m^[22m[39m[31m[1m^[22m[39m[31m[1m^[22m[39m[31m[1m^[22m[39m[31m[1m^[22m[39m[31m[1m^[22m[39m[31m[1m^[22m[39m[31m[1m^[22m[39m[31m[1m^[22m[39m[31m[1m^[22m[39m[31m[1m^[22m[39m[31m[1m^[22m[39m[31m[1m^[22m[39m[31m[1m^[22m[39m[31m[1m^[22m[39m[31m[1m^[22m[39m[31m[1m^[22m[39m[31m[1m^[22m[39m
 [90m 10 |[39m [36mimport[39m { [33mQuoteSection[39m } [36mfrom[39m [32m"@/sections/QuoteSection"[39m[33m;[39m
 [90m 11 |[39m [36mimport[39m { [33mFooter[39m } [36mfrom[39m [32m"@/components/Footer"[39m[33m;[39m
 [90m 12 |[39m[0m

Import map: aliased to relative './src/sections/TestimonialsSection' inside of [project]/


Import traces:
  Client Component Browser:
    ./src/app/page.tsx [Client Component Browser]
    ./src/app/page.tsx [Server Component]

  Client Component SSR:
    ./src/app/page.tsx [Client Component SSR]
    ./src/app/page.tsx [Server Component]

https://nextjs.org/docs/messages/module-not-found


⨯ ./src/app/page.tsx:9:1
Module not found: Can't resolve '@/sections/TestimonialsSection'
[0m [90m  7 |[39m [36mimport[39m { [33mResultsSection[39m } [36mfrom[39m [32m"@/sections/ResultsSection"[39m[33m;[39m
 [90m  8 |[39m [36mimport[39m { [33mConfiguratorSection[39m } [36mfrom[39m [32m"@/sections/ConfiguratorSection"[39m[33m;[39m
[31m[1m>[22m[39m[90m  9 |[39m [36mimport[39m { [33mTestimonialsSection[39m } [36mfrom[39m [32m"@/sections/TestimonialsSection"[39m[33m;[39m
 [90m    |[39m [31m[1m^[22m[39m[31m[1m^[22m[39m[31m[1m^[22m[39m[31m[1m^[22m[39m[31m[1m^[22m[39m[31m[1m^[22m[39m[31m[1m^[22m[39m[31m[1m^[22m[39m[31m[1m^[22m[39m[31m[1m^[22m[39m[31m[1m^[22m[39m[31m[1m^[22m[39m[31m[1m^[22m[39m[31m[1m^[22m[39m[31m[1m^[22m[39m[31m[1m^[22m[39m[31m[1m^[22m[39m[31m[1m^[22m[39m[31m[1m^[22m[39m[31m[1m^[22m[39m[31m[1m^[22m[39m[31m[1m^[22m[39m[31m[1m^[22m[39m[31m[1m^[22m[39m[31m[1m^[22m[39m[31m[1m^[22m[39m[31m[1m^[22m[39m[31m[1m^[22m[39m[31m[1m^[22m[39m[31m[1m^[22m[39m[31m[1m^[22m[39m[31m[1m^[22m[39m[31m[1m^[22m[39m[31m[1m^[22m[39m[31m[1m^[22m[39m[31m[1m^[22m[39m[31m[1m^[22m[39m[31m[1m^[22m[39m[31m[1m^[22m[39m[31m[1m^[22m[39m[31m[1m^[22m[39m[31m[1m^[22m[39m[31m[1m^[22m[39m[31m[1m^[22m[39m[31m[1m^[22m[39m[31m[1m^[22m[39m[31m[1m^[22m[39m[31m[1m^[22m[39m[31m[1m^[22m[39m[31m[1m^[22m[39m[31m[1m^[22m[39m[31m[1m^[22m[39m[31m[1m^[22m[39m[31m[1m^[22m[39m[31m[1m^[22m[39m[31m[1m^[22m[39m[31m[1m^[22m[39m[31m[1m^[22m[39m[31m[1m^[22m[39m[31m[1m^[22m[39m[31m[1m^[22m[39m[31m[1m^[22m[39m[31m[1m^[22m[39m[31m[1m^[22m[39m[31m[1m^[22m[39m[31m[1m^[22m[39m[31m[1m^[22m[39m[31m[1m^[22m[39m[31m[1m^[22m[39m
 [90m 10 |[39m [36mimport[39m { [33mQuoteSection[39m } [36mfrom[39m [32m"@/sections/QuoteSection"[39m[33m;[39m
 [90m 11 |[39m [36mimport[39m { [33mFooter[39m } [36mfrom[39m [32m"@/components/Footer"[39m[33m;[39m
 [90m 12 |[39m[0m

Import map: aliased to relative './src/sections/TestimonialsSection' inside of [project]/


Import traces:
  Client Component Browser:
    ./src/app/page.tsx [Client Component Browser]
    ./src/app/page.tsx [Server Component]

  Client Component SSR:
    ./src/app/page.tsx [Client Component SSR]
    ./src/app/page.tsx [Server Component]

https://nextjs.org/docs/messages/module-not-found


⨯ ./src/app/page.tsx:9:1
Module not found: Can't resolve '@/sections/TestimonialsSection'
[0m [90m  7 |[39m [36mimport[39m { [33mResultsSection[39m } [36mfrom[39m [32m"@/sections/ResultsSection"[39m[33m;[39m
 [90m  8 |[39m [36mimport[39m { [33mConfiguratorSection[39m } [36mfrom[39m [32m"@/sections/ConfiguratorSection"[39m[33m;[39m
[31m[1m>[22m[39m[90m  9 |[39m [36mimport[39m { [33mTestimonialsSection[39m } [36mfrom[39m [32m"@/sections/TestimonialsSection"[39m[33m;[39m
 [90m    |[39m [31m[1m^[22m[39m[31m[1m^[22m[39m[31m[1m^[22m[39m[31m[1m^[22m[39m[31m[1m^[22m[39m[31m[1m^[22m[39m[31m[1m^[22m[39m[31m[1m^[22m[39m[31m[1m^[22m[39m[31m[1m^[22m[39m[31m[1m^[22m[39m[31m[1m^[22m[39m[31m[1m^[22m[39m[31m[1m^[22m[39m[31m[1m^[22m[39m[31m[1m^[22m[39m[31m[1m^[22m[39m[31m[1m^[22m[39m[31m[1m^[22m[39m[31m[1m^[22m[39m[31m[1m^[22m[39m[31m[1m^[22m[39m[31m[1m^[22m[39m[31m[1m^[22m[39m[31m[1m^[22m[39m[31m[1m^[22m[39m[31m[1m^[22m[39m[31m[1m^[22m[39m[31m[1m^[22m[39m[31m[1m^[22m[39m[31m[1m^[22m[39m[31m[1m^[22m[39m[31m[1m^[22m[39m[31m[1m^[22m[39m[31m[1m^[22m[39m[31m[1m^[22m[39m[31m[1m^[22m[39m[31m[1m^[22m[39m[31m[1m^[22m[39m[31m[1m^[22m[39m[31m[1m^[22m[39m[31m[1m^[22m[39m[31m[1m^[22m[39m[31m[1m^[22m[39m[31m[1m^[22m[39m[31m[1m^[22m[39m[31m[1m^[22m[39m[31m[1m^[22m[39m[31m[1m^[22m[39m[31m[1m^[22m[39m[31m[1m^[22m[39m[31m[1m^[22m[39m[31m[1m^[22m[39m[31m[1m^[22m[39m[31m[1m^[22m[39m[31m[1m^[22m[39m[31m[1m^[22m[39m[31m[1m^[22m[39m[31m[1m^[22m[39m[31m[1m^[22m[39m[31m[1m^[22m[39m[31m[1m^[22m[39m[31m[1m^[22m[39m[31m[1m^[22m[39m[31m[1m^[22m[39m[31m[1m^[22m[39m[31m[1m^[22m[39m[31m[1m^[22m[39m[31m[1m^[22m[39m
 [90m 10 |[39m [36mimport[39m { [33mQuoteSection[39m } [36mfrom[39m [32m"@/sections/QuoteSection"[39m[33m;[39m
 [90m 11 |[39m [36mimport[39m { [33mFooter[39m } [36mfrom[39m [32m"@/components/Footer"[39m[33m;[39m
 [90m 12 |[39m[0m

Import map: aliased to relative './src/sections/TestimonialsSection' inside of [project]/


Import traces:
  Client Component Browser:
    ./src/app/page.tsx [Client Component Browser]
    ./src/app/page.tsx [Server Component]

  Client Component SSR:
    ./src/app/page.tsx [Client Component SSR]
    ./src/app/page.tsx [Server Component]

https://nextjs.org/docs/messages/module-not-found


⨯ ./src/app/page.tsx:9:1
Module not found: Can't resolve '@/sections/TestimonialsSection'
[0m [90m  7 |[39m [36mimport[39m { [33mResultsSection[39m } [36mfrom[39m [32m"@/sections/ResultsSection"[39m[33m;[39m
 [90m  8 |[39m [36mimport[39m { [33mConfiguratorSection[39m } [36mfrom[39m [32m"@/sections/ConfiguratorSection"[39m[33m;[39m
[31m[1m>[22m[39m[90m  9 |[39m [36mimport[39m { [33mTestimonialsSection[39m } [36mfrom[39m [32m"@/sections/TestimonialsSection"[39m[33m;[39m
 [90m    |[39m [31m[1m^[22m[39m[31m[1m^[22m[39m[31m[1m^[22m[39m[31m[1m^[22m[39m[31m[1m^[22m[39m[31m[1m^[22m[39m[31m[1m^[22m[39m[31m[1m^[22m[39m[31m[1m^[22m[39m[31m[1m^[22m[39m[31m[1m^[22m[39m[31m[1m^[22m[39m[31m[1m^[22m[39m[31m[1m^[22m[39m[31m[1m^[22m[39m[31m[1m^[22m[39m[31m[1m^[22m[39m[31m[1m^[22m[39m[31m[1m^[22m[39m[31m[1m^[22m[39m[31m[1m^[22m[39m[31m[1m^[22m[39m[31m[1m^[22m[39m[31m[1m^[22m[39m[31m[1m^[22m[39m[31m[1m^[22m[39m[31m[1m^[22m[39m[31m[1m^[22m[39m[31m[1m^[22m[39m[31m[1m^[22m[39m[31m[1m^[22m[39m[31m[1m^[22m[39m[31m[1m^[22m[39m[31m[1m^[22m[39m[31m[1m^[22m[39m[31m[1m^[22m[39m[31m[1m^[22m[39m[31m[1m^[22m[39m[31m[1m^[22m[39m[31m[1m^[22m[39m[31m[1m^[22m[39m[31m[1m^[22m[39m[31m[1m^[22m[39m[31m[1m^[22m[39m[31m[1m^[22m[39m[31m[1m^[22m[39m[31m[1m^[22m[39m[31m[1m^[22m[39m[31m[1m^[22m[39m[31m[1m^[22m[39m[31m[1m^[22m[39m[31m[1m^[22m[39m[31m[1m^[22m[39m[31m[1m^[22m[39m[31m[1m^[22m[39m[31m[1m^[22m[39m[31m[1m^[22m[39m[31m[1m^[22m[39m[31m[1m^[22m[39m[31m[1m^[22m[39m[31m[1m^[22m[39m[31m[1m^[22m[39m[31m[1m^[22m[39m[31m[1m^[22m[39m[31m[1m^[22m[39m[31m[1m^[22m[39m[31m[1m^[22m[39m[31m[1m^[22m[39m[31m[1m^[22m[39m
 [90m 10 |[39m [36mimport[39m { [33mQuoteSection[39m } [36mfrom[39m [32m"@/sections/QuoteSection"[39m[33m;[39m
 [90m 11 |[39m [36mimport[39m { [33mFooter[39m } [36mfrom[39m [32m"@/components/Footer"[39m[33m;[39m
 [90m 12 |[39m[0m

Import map: aliased to relative './src/sections/TestimonialsSection' inside of [project]/


Import traces:
  Client Component Browser:
    ./src/app/page.tsx [Client Component Browser]
    ./src/app/page.tsx [Server Component]

  Client Component SSR:
    ./src/app/page.tsx [Client Component SSR]
    ./src/app/page.tsx [Server Component]

https://nextjs.org/docs/messages/module-not-found


⨯ ./src/app/page.tsx:8:1
Module not found: Can't resolve '@/sections/ConfiguratorSection'
[0m [90m  6 |[39m [36mimport[39m { [33mPricingSection[39m } [36mfrom[39m [32m"@/sections/PricingSection"[39m[33m;[39m
 [90m  7 |[39m [36mimport[39m { [33mResultsSection[39m } [36mfrom[39m [32m"@/sections/ResultsSection"[39m[33m;[39m
[31m[1m>[22m[39m[90m  8 |[39m [36mimport[39m { [33mConfiguratorSection[39m } [36mfrom[39m [32m"@/sections/ConfiguratorSection"[39m[33m;[39m
 [90m    |[39m [31m[1m^[22m[39m[31m[1m^[22m[39m[31m[1m^[22m[39m[31m[1m^[22m[39m[31m[1m^[22m[39m[31m[1m^[22m[39m[31m[1m^[22m[39m[31m[1m^[22m[39m[31m[1m^[22m[39m[31m[1m^[22m[39m[31m[1m^[22m[39m[31m[1m^[22m[39m[31m[1m^[22m[39m[31m[1m^[22m[39m[31m[1m^[22m[39m[31m[1m^[22m[39m[31m[1m^[22m[39m[31m[1m^[22m[39m[31m[1m^[22m[39m[31m[1m^[22m[39m[31m[1m^[22m[39m[31m[1m^[22m[39m[31m[1m^[22m[39m[31m[1m^[22m[39m[31m[1m^[22m[39m[31m[1m^[22m[39m[31m[1m^[22m[39m[31m[1m^[22m[39m[31m[1m^[22m[39m[31m[1m^[22m[39m[31m[1m^[22m[39m[31m[1m^[22m[39m[31m[1m^[22m[39m[31m[1m^[22m[39m[31m[1m^[22m[39m[31m[1m^[22m[39m[31m[1m^[22m[39m[31m[1m^[22m[39m[31m[1m^[22m[39m[31m[1m^[22m[39m[31m[1m^[22m[39m[31m[1m^[22m[39m[31m[1m^[22m[39m[31m[1m^[22m[39m[31m[1m^[22m[39m[31m[1m^[22m[39m[31m[1m^[22m[39m[31m[1m^[22m[39m[31m[1m^[22m[39m[31m[1m^[22m[39m[31m[1m^[22m[39m[31m[1m^[22m[39m[31m[1m^[22m[39m[31m[1m^[22m[39m[31m[1m^[22m[39m[31m[1m^[22m[39m[31m[1m^[22m[39m[31m[1m^[22m[39m[31m[1m^[22m[39m[31m[1m^[22m[39m[31m[1m^[22m[39m[31m[1m^[22m[39m[31m[1m^[22m[39m[31m[1m^[22m[39m[31m[1m^[22m[39m[31m[1m^[22m[39m[31m[1m^[22m[39m[31m[1m^[22m[39m[31m[1m^[22m[39m
 [90m  9 |[39m [36mimport[39m { [33mTestimonialsSection[39m } [36mfrom[39m [32m"@/sections/TestimonialsSection"[39m[33m;[39m
 [90m 10 |[39m [36mimport[39m { [33mQuoteSection[39m } [36mfrom[39m [32m"@/sections/QuoteSection"[39m[33m;[39m
 [90m 11 |[39m [36mimport[39m { [33mFooter[39m } [36mfrom[39m [32m"@/components/Footer"[39m[33m;[39m[0m

Import map: aliased to relative './src/sections/ConfiguratorSection' inside of [project]/


Import traces:
  Client Component Browser:
    ./src/app/page.tsx [Client Component Browser]
    ./src/app/page.tsx [Server Component]

  Client Component SSR:
    ./src/app/page.tsx [Client Component SSR]
    ./src/app/page.tsx [Server Component]

https://nextjs.org/docs/messages/module-not-found


⨯ ./src/app/page.tsx:8:1
Module not found: Can't resolve '@/sections/ConfiguratorSection'
[0m [90m  6 |[39m [36mimport[39m { [33mPricingSection[39m } [36mfrom[39m [32m"@/sections/PricingSection"[39m[33m;[39m
 [90m  7 |[39m [36mimport[39m { [33mResultsSection[39m } [36mfrom[39m [32m"@/sections/ResultsSection"[39m[33m;[39m
[31m[1m>[22m[39m[90m  8 |[39m [36mimport[39m { [33mConfiguratorSection[39m } [36mfrom[39m [32m"@/sections/ConfiguratorSection"[39m[33m;[39m
 [90m    |[39m [31m[1m^[22m[39m[31m[1m^[22m[39m[31m[1m^[22m[39m[31m[1m^[22m[39m[31m[1m^[22m[39m[31m[1m^[22m[39m[31m[1m^[22m[39m[31m[1m^[22m[39m[31m[1m^[22m[39m[31m[1m^[22m[39m[31m[1m^[22m[39m[31m[1m^[22m[39m[31m[1m^[22m[39m[31m[1m^[22m[39m[31m[1m^[22m[39m[31m[1m^[22m[39m[31m[1m^[22m[39m[31m[1m^[22m[39m[31m[1m^[22m[39m[31m[1m^[22m[39m[31m[1m^[22m[39m[31m[1m^[22m[39m[31m[1m^[22m[39m[31m[1m^[22m[39m[31m[1m^[22m[39m[31m[1m^[22m[39m[31m[1m^[22m[39m[31m[1m^[22m[39m[31m[1m^[22m[39m[31m[1m^[22m[39m[31m[1m^[22m[39m[31m[1m^[22m[39m[31m[1m^[22m[39m[31m[1m^[22m[39m[31m[1m^[22m[39m[31m[1m^[22m[39m[31m[1m^[22m[39m[31m[1m^[22m[39m[31m[1m^[22m[39m[31m[1m^[22m[39m[31m[1m^[22m[39m[31m[1m^[22m[39m[31m[1m^[22m[39m[31m[1m^[22m[39m[31m[1m^[22m[39m[31m[1m^[22m[39m[31m[1m^[22m[39m[31m[1m^[22m[39m[31m[1m^[22m[39m[31m[1m^[22m[39m[31m[1m^[22m[39m[31m[1m^[22m[39m[31m[1m^[22m[39m[31m[1m^[22m[39m[31m[1m^[22m[39m[31m[1m^[22m[39m[31m[1m^[22m[39m[31m[1m^[22m[39m[31m[1m^[22m[39m[31m[1m^[22m[39m[31m[1m^[22m[39m[31m[1m^[22m[39m[31m[1m^[22m[39m[31m[1m^[22m[39m[31m[1m^[22m[39m[31m[1m^[22m[39m[31m[1m^[22m[39m[31m[1m^[22m[39m[31m[1m^[22m[39m
 [90m  9 |[39m [36mimport[39m { [33mTestimonialsSection[39m } [36mfrom[39m [32m"@/sections/TestimonialsSection"[39m[33m;[39m
 [90m 10 |[39m [36mimport[39m { [33mQuoteSection[39m } [36mfrom[39m [32m"@/sections/QuoteSection"[39m[33m;[39m
 [90m 11 |[39m [36mimport[39m { [33mFooter[39m } [36mfrom[39m [32m"@/components/Footer"[39m[33m;[39m[0m

Import map: aliased to relative './src/sections/ConfiguratorSection' inside of [project]/


Import traces:
  Client Component Browser:
    ./src/app/page.tsx [Client Component Browser]
    ./src/app/page.tsx [Server Component]

  Client Component SSR:
    ./src/app/page.tsx [Client Component SSR]
    ./src/app/page.tsx [Server Component]

https://nextjs.org/docs/messages/module-not-found


⨯ ./src/app/page.tsx:8:1
Module not found: Can't resolve '@/sections/ConfiguratorSection'
[0m [90m  6 |[39m [36mimport[39m { [33mPricingSection[39m } [36mfrom[39m [32m"@/sections/PricingSection"[39m[33m;[39m
 [90m  7 |[39m [36mimport[39m { [33mResultsSection[39m } [36mfrom[39m [32m"@/sections/ResultsSection"[39m[33m;[39m
[31m[1m>[22m[39m[90m  8 |[39m [36mimport[39m { [33mConfiguratorSection[39m } [36mfrom[39m [32m"@/sections/ConfiguratorSection"[39m[33m;[39m
 [90m    |[39m [31m[1m^[22m[39m[31m[1m^[22m[39m[31m[1m^[22m[39m[31m[1m^[22m[39m[31m[1m^[22m[39m[31m[1m^[22m[39m[31m[1m^[22m[39m[31m[1m^[22m[39m[31m[1m^[22m[39m[31m[1m^[22m[39m[31m[1m^[22m[39m[31m[1m^[22m[39m[31m[1m^[22m[39m[31m[1m^[22m[39m[31m[1m^[22m[39m[31m[1m^[22m[39m[31m[1m^[22m[39m[31m[1m^[22m[39m[31m[1m^[22m[39m[31m[1m^[22m[39m[31m[1m^[22m[39m[31m[1m^[22m[39m[31m[1m^[22m[39m[31m[1m^[22m[39m[31m[1m^[22m[39m[31m[1m^[22m[39m[31m[1m^[22m[39m[31m[1m^[22m[39m[31m[1m^[22m[39m[31m[1m^[22m[39m[31m[1m^[22m[39m[31m[1m^[22m[39m[31m[1m^[22m[39m[31m[1m^[22m[39m[31m[1m^[22m[39m[31m[1m^[22m[39m[31m[1m^[22m[39m[31m[1m^[22m[39m[31m[1m^[22m[39m[31m[1m^[22m[39m[31m[1m^[22m[39m[31m[1m^[22m[39m[31m[1m^[22m[39m[31m[1m^[22m[39m[31m[1m^[22m[39m[31m[1m^[22m[39m[31m[1m^[22m[39m[31m[1m^[22m[39m[31m[1m^[22m[39m[31m[1m^[22m[39m[31m[1m^[22m[39m[31m[1m^[22m[39m[31m[1m^[22m[39m[31m[1m^[22m[39m[31m[1m^[22m[39m[31m[1m^[22m[39m[31m[1m^[22m[39m[31m[1m^[22m[39m[31m[1m^[22m[39m[31m[1m^[22m[39m[31m[1m^[22m[39m[31m[1m^[22m[39m[31m[1m^[22m[39m[31m[1m^[22m[39m[31m[1m^[22m[39m[31m[1m^[22m[39m[31m[1m^[22m[39m[31m[1m^[22m[39m[31m[1m^[22m[39m
 [90m  9 |[39m [36mimport[39m { [33mTestimonialsSection[39m } [36mfrom[39m [32m"@/sections/TestimonialsSection"[39m[33m;[39m
 [90m 10 |[39m [36mimport[39m { [33mQuoteSection[39m } [36mfrom[39m [32m"@/sections/QuoteSection"[39m[33m;[39m
 [90m 11 |[39m [36mimport[39m { [33mFooter[39m } [36mfrom[39m [32m"@/components/Footer"[39m[33m;[39m[0m

Import map: aliased to relative './src/sections/ConfiguratorSection' inside of [project]/


Import traces:
  Client Component Browser:
    ./src/app/page.tsx [Client Component Browser]
    ./src/app/page.tsx [Server Component]

  Client Component SSR:
    ./src/app/page.tsx [Client Component SSR]
    ./src/app/page.tsx [Server Component]

https://nextjs.org/docs/messages/module-not-found


⨯ ./src/app/page.tsx:8:1
Module not found: Can't resolve '@/sections/ConfiguratorSection'
[0m [90m  6 |[39m [36mimport[39m { [33mPricingSection[39m } [36mfrom[39m [32m"@/sections/PricingSection"[39m[33m;[39m
 [90m  7 |[39m [36mimport[39m { [33mResultsSection[39m } [36mfrom[39m [32m"@/sections/ResultsSection"[39m[33m;[39m
[31m[1m>[22m[39m[90m  8 |[39m [36mimport[39m { [33mConfiguratorSection[39m } [36mfrom[39m [32m"@/sections/ConfiguratorSection"[39m[33m;[39m
 [90m    |[39m [31m[1m^[22m[39m[31m[1m^[22m[39m[31m[1m^[22m[39m[31m[1m^[22m[39m[31m[1m^[22m[39m[31m[1m^[22m[39m[31m[1m^[22m[39m[31m[1m^[22m[39m[31m[1m^[22m[39m[31m[1m^[22m[39m[31m[1m^[22m[39m[31m[1m^[22m[39m[31m[1m^[22m[39m[31m[1m^[22m[39m[31m[1m^[22m[39m[31m[1m^[22m[39m[31m[1m^[22m[39m[31m[1m^[22m[39m[31m[1m^[22m[39m[31m[1m^[22m[39m[31m[1m^[22m[39m[31m[1m^[22m[39m[31m[1m^[22m[39m[31m[1m^[22m[39m[31m[1m^[22m[39m[31m[1m^[22m[39m[31m[1m^[22m[39m[31m[1m^[22m[39m[31m[1m^[22m[39m[31m[1m^[22m[39m[31m[1m^[22m[39m[31m[1m^[22m[39m[31m[1m^[22m[39m[31m[1m^[22m[39m[31m[1m^[22m[39m[31m[1m^[22m[39m[31m[1m^[22m[39m[31m[1m^[22m[39m[31m[1m^[22m[39m[31m[1m^[22m[39m[31m[1m^[22m[39m[31m[1m^[22m[39m[31m[1m^[22m[39m[31m[1m^[22m[39m[31m[1m^[22m[39m[31m[1m^[22m[39m[31m[1m^[22m[39m[31m[1m^[22m[39m[31m[1m^[22m[39m[31m[1m^[22m[39m[31m[1m^[22m[39m[31m[1m^[22m[39m[31m[1m^[22m[39m[31m[1m^[22m[39m[31m[1m^[22m[39m[31m[1m^[22m[39m[31m[1m^[22m[39m[31m[1m^[22m[39m[31m[1m^[22m[39m[31m[1m^[22m[39m[31m[1m^[22m[39m[31m[1m^[22m[39m[31m[1m^[22m[39m[31m[1m^[22m[39m[31m[1m^[22m[39m[31m[1m^[22m[39m[31m[1m^[22m[39m[31m[1m^[22m[39m[31m[1m^[22m[39m
 [90m  9 |[39m [36mimport[39m { [33mTestimonialsSection[39m } [36mfrom[39m [32m"@/sections/TestimonialsSection"[39m[33m;[39m
 [90m 10 |[39m [36mimport[39m { [33mQuoteSection[39m } [36mfrom[39m [32m"@/sections/QuoteSection"[39m[33m;[39m
 [90m 11 |[39m [36mimport[39m { [33mFooter[39m } [36mfrom[39m [32m"@/components/Footer"[39m[33m;[39m[0m

Import map: aliased to relative './src/sections/ConfiguratorSection' inside of [project]/


Import traces:
  Client Component Browser:
    ./src/app/page.tsx [Client Component Browser]
    ./src/app/page.tsx [Server Component]

  Client Component SSR:
    ./src/app/page.tsx [Client Component SSR]
    ./src/app/page.tsx [Server Component]

https://nextjs.org/docs/messages/module-not-found


⨯ ./src/app/page.tsx:5:1
Module not found: Can't resolve '@/sections/HeroSection'
[0m [90m 3 |[39m [36mimport[39m { motion } [36mfrom[39m [32m"framer-motion"[39m[33m;[39m
 [90m 4 |[39m [36mimport[39m { [33mNavbar[39m } [36mfrom[39m [32m"@/components/Navbar"[39m[33m;[39m
[31m[1m>[22m[39m[90m 5 |[39m [36mimport[39m { [33mHeroSection[39m } [36mfrom[39m [32m"@/sections/HeroSection"[39m[33m;[39m
 [90m   |[39m [31m[1m^[22m[39m[31m[1m^[22m[39m[31m[1m^[22m[39m[31m[1m^[22m[39m[31m[1m^[22m[39m[31m[1m^[22m[39m[31m[1m^[22m[39m[31m[1m^[22m[39m[31m[1m^[22m[39m[31m[1m^[22m[39m[31m[1m^[22m[39m[31m[1m^[22m[39m[31m[1m^[22m[39m[31m[1m^[22m[39m[31m[1m^[22m[39m[31m[1m^[22m[39m[31m[1m^[22m[39m[31m[1m^[22m[39m[31m[1m^[22m[39m[31m[1m^[22m[39m[31m[1m^[22m[39m[31m[1m^[22m[39m[31m[1m^[22m[39m[31m[1m^[22m[39m[31m[1m^[22m[39m[31m[1m^[22m[39m[31m[1m^[22m[39m[31m[1m^[22m[39m[31m[1m^[22m[39m[31m[1m^[22m[39m[31m[1m^[22m[39m[31m[1m^[22m[39m[31m[1m^[22m[39m[31m[1m^[22m[39m[31m[1m^[22m[39m[31m[1m^[22m[39m[31m[1m^[22m[39m[31m[1m^[22m[39m[31m[1m^[22m[39m[31m[1m^[22m[39m[31m[1m^[22m[39m[31m[1m^[22m[39m[31m[1m^[22m[39m[31m[1m^[22m[39m[31m[1m^[22m[39m[31m[1m^[22m[39m[31m[1m^[22m[39m[31m[1m^[22m[39m[31m[1m^[22m[39m[31m[1m^[22m[39m[31m[1m^[22m[39m[31m[1m^[22m[39m[31m[1m^[22m[39m
 [90m 6 |[39m [36mimport[39m { [33mPricingSection[39m } [36mfrom[39m [32m"@/sections/PricingSection"[39m[33m;[39m
 [90m 7 |[39m [36mimport[39m { [33mResultsSection[39m } [36mfrom[39m [32m"@/sections/ResultsSection"[39m[33m;[39m
 [90m 8 |[39m [36mimport[39m { [33mConfiguratorSection[39m } [36mfrom[39m [32m"@/sections/ConfiguratorSection"[39m[33m;[39m[0m

Import map: aliased to relative './src/sections/HeroSection' inside of [project]/


Import traces:
  Client Component Browser:
    ./src/app/page.tsx [Client Component Browser]
    ./src/app/page.tsx [Server Component]

  Client Component SSR:
    ./src/app/page.tsx [Client Component SSR]
    ./src/app/page.tsx [Server Component]

https://nextjs.org/docs/messages/module-not-found


⨯ ./src/app/page.tsx:5:1
Module not found: Can't resolve '@/sections/HeroSection'
[0m [90m 3 |[39m [36mimport[39m { motion } [36mfrom[39m [32m"framer-motion"[39m[33m;[39m
 [90m 4 |[39m [36mimport[39m { [33mNavbar[39m } [36mfrom[39m [32m"@/components/Navbar"[39m[33m;[39m
[31m[1m>[22m[39m[90m 5 |[39m [36mimport[39m { [33mHeroSection[39m } [36mfrom[39m [32m"@/sections/HeroSection"[39m[33m;[39m
 [90m   |[39m [31m[1m^[22m[39m[31m[1m^[22m[39m[31m[1m^[22m[39m[31m[1m^[22m[39m[31m[1m^[22m[39m[31m[1m^[22m[39m[31m[1m^[22m[39m[31m[1m^[22m[39m[31m[1m^[22m[39m[31m[1m^[22m[39m[31m[1m^[22m[39m[31m[1m^[22m[39m[31m[1m^[22m[39m[31m[1m^[22m[39m[31m[1m^[22m[39m[31m[1m^[22m[39m[31m[1m^[22m[39m[31m[1m^[22m[39m[31m[1m^[22m[39m[31m[1m^[22m[39m[31m[1m^[22m[39m[31m[1m^[22m[39m[31m[1m^[22m[39m[31m[1m^[22m[39m[31m[1m^[22m[39m[31m[1m^[22m[39m[31m[1m^[22m[39m[31m[1m^[22m[39m[31m[1m^[22m[39m[31m[1m^[22m[39m[31m[1m^[22m[39m[31m[1m^[22m[39m[31m[1m^[22m[39m[31m[1m^[22m[39m[31m[1m^[22m[39m[31m[1m^[22m[39m[31m[1m^[22m[39m[31m[1m^[22m[39m[31m[1m^[22m[39m[31m[1m^[22m[39m[31m[1m^[22m[39m[31m[1m^[22m[39m[31m[1m^[22m[39m[31m[1m^[22m[39m[31m[1m^[22m[39m[31m[1m^[22m[39m[31m[1m^[22m[39m[31m[1m^[22m[39m[31m[1m^[22m[39m[31m[1m^[22m[39m[31m[1m^[22m[39m[31m[1m^[22m[39m[31m[1m^[22m[39m
 [90m 6 |[39m [36mimport[39m { [33mPricingSection[39m } [36mfrom[39m [32m"@/sections/PricingSection"[39m[33m;[39m
 [90m 7 |[39m [36mimport[39m { [33mResultsSection[39m } [36mfrom[39m [32m"@/sections/ResultsSection"[39m[33m;[39m
 [90m 8 |[39m [36mimport[39m { [33mConfiguratorSection[39m } [36mfrom[39m [32m"@/sections/ConfiguratorSection"[39m[33m;[39m[0m

Import map: aliased to relative './src/sections/HeroSection' inside of [project]/


Import traces:
  Client Component Browser:
    ./src/app/page.tsx [Client Component Browser]
    ./src/app/page.tsx [Server Component]

  Client Component SSR:
    ./src/app/page.tsx [Client Component SSR]
    ./src/app/page.tsx [Server Component]

https://nextjs.org/docs/messages/module-not-found


⨯ ./src/app/page.tsx:5:1
Module not found: Can't resolve '@/sections/HeroSection'
[0m [90m 3 |[39m [36mimport[39m { motion } [36mfrom[39m [32m"framer-motion"[39m[33m;[39m
 [90m 4 |[39m [36mimport[39m { [33mNavbar[39m } [36mfrom[39m [32m"@/components/Navbar"[39m[33m;[39m
[31m[1m>[22m[39m[90m 5 |[39m [36mimport[39m { [33mHeroSection[39m } [36mfrom[39m [32m"@/sections/HeroSection"[39m[33m;[39m
 [90m   |[39m [31m[1m^[22m[39m[31m[1m^[22m[39m[31m[1m^[22m[39m[31m[1m^[22m[39m[31m[1m^[22m[39m[31m[1m^[22m[39m[31m[1m^[22m[39m[31m[1m^[22m[39m[31m[1m^[22m[39m[31m[1m^[22m[39m[31m[1m^[22m[39m[31m[1m^[22m[39m[31m[1m^[22m[39m[31m[1m^[22m[39m[31m[1m^[22m[39m[31m[1m^[22m[39m[31m[1m^[22m[39m[31m[1m^[22m[39m[31m[1m^[22m[39m[31m[1m^[22m[39m[31m[1m^[22m[39m[31m[1m^[22m[39m[31m[1m^[22m[39m[31m[1m^[22m[39m[31m[1m^[22m[39m[31m[1m^[22m[39m[31m[1m^[22m[39m[31m[1m^[22m[39m[31m[1m^[22m[39m[31m[1m^[22m[39m[31m[1m^[22m[39m[31m[1m^[22m[39m[31m[1m^[22m[39m[31m[1m^[22m[39m[31m[1m^[22m[39m[31m[1m^[22m[39m[31m[1m^[22m[39m[31m[1m^[22m[39m[31m[1m^[22m[39m[31m[1m^[22m[39m[31m[1m^[22m[39m[31m[1m^[22m[39m[31m[1m^[22m[39m[31m[1m^[22m[39m[31m[1m^[22m[39m[31m[1m^[22m[39m[31m[1m^[22m[39m[31m[1m^[22m[39m[31m[1m^[22m[39m[31m[1m^[22m[39m[31m[1m^[22m[39m[31m[1m^[22m[39m[31m[1m^[22m[39m
 [90m 6 |[39m [36mimport[39m { [33mPricingSection[39m } [36mfrom[39m [32m"@/sections/PricingSection"[39m[33m;[39m
 [90m 7 |[39m [36mimport[39m { [33mResultsSection[39m } [36mfrom[39m [32m"@/sections/ResultsSection"[39m[33m;[39m
 [90m 8 |[39m [36mimport[39m { [33mConfiguratorSection[39m } [36mfrom[39m [32m"@/sections/ConfiguratorSection"[39m[33m;[39m[0m

Import map: aliased to relative './src/sections/HeroSection' inside of [project]/


Import traces:
  Client Component Browser:
    ./src/app/page.tsx [Client Component Browser]
    ./src/app/page.tsx [Server Component]

  Client Component SSR:
    ./src/app/page.tsx [Client Component SSR]
    ./src/app/page.tsx [Server Component]

https://nextjs.org/docs/messages/module-not-found


⨯ ./src/app/page.tsx:5:1
Module not found: Can't resolve '@/sections/HeroSection'
[0m [90m 3 |[39m [36mimport[39m { motion } [36mfrom[39m [32m"framer-motion"[39m[33m;[39m
 [90m 4 |[39m [36mimport[39m { [33mNavbar[39m } [36mfrom[39m [32m"@/components/Navbar"[39m[33m;[39m
[31m[1m>[22m[39m[90m 5 |[39m [36mimport[39m { [33mHeroSection[39m } [36mfrom[39m [32m"@/sections/HeroSection"[39m[33m;[39m
 [90m   |[39m [31m[1m^[22m[39m[31m[1m^[22m[39m[31m[1m^[22m[39m[31m[1m^[22m[39m[31m[1m^[22m[39m[31m[1m^[22m[39m[31m[1m^[22m[39m[31m[1m^[22m[39m[31m[1m^[22m[39m[31m[1m^[22m[39m[31m[1m^[22m[39m[31m[1m^[22m[39m[31m[1m^[22m[39m[31m[1m^[22m[39m[31m[1m^[22m[39m[31m[1m^[22m[39m[31m[1m^[22m[39m[31m[1m^[22m[39m[31m[1m^[22m[39m[31m[1m^[22m[39m[31m[1m^[22m[39m[31m[1m^[22m[39m[31m[1m^[22m[39m[31m[1m^[22m[39m[31m[1m^[22m[39m[31m[1m^[22m[39m[31m[1m^[22m[39m[31m[1m^[22m[39m[31m[1m^[22m[39m[31m[1m^[22m[39m[31m[1m^[22m[39m[31m[1m^[22m[39m[31m[1m^[22m[39m[31m[1m^[22m[39m[31m[1m^[22m[39m[31m[1m^[22m[39m[31m[1m^[22m[39m[31m[1m^[22m[39m[31m[1m^[22m[39m[31m[1m^[22m[39m[31m[1m^[22m[39m[31m[1m^[22m[39m[31m[1m^[22m[39m[31m[1m^[22m[39m[31m[1m^[22m[39m[31m[1m^[22m[39m[31m[1m^[22m[39m[31m[1m^[22m[39m[31m[1m^[22m[39m[31m[1m^[22m[39m[31m[1m^[22m[39m[31m[1m^[22m[39m[31m[1m^[22m[39m
 [90m 6 |[39m [36mimport[39m { [33mPricingSection[39m } [36mfrom[39m [32m"@/sections/PricingSection"[39m[33m;[39m
 [90m 7 |[39m [36mimport[39m { [33mResultsSection[39m } [36mfrom[39m [32m"@/sections/ResultsSection"[39m[33m;[39m
 [90m 8 |[39m [36mimport[39m { [33mConfiguratorSection[39m } [36mfrom[39m [32m"@/sections/ConfiguratorSection"[39m[33m;[39m[0m

Import map: aliased to relative './src/sections/HeroSection' inside of [project]/


Import traces:
  Client Component Browser:
    ./src/app/page.tsx [Client Component Browser]
    ./src/app/page.tsx [Server Component]

  Client Component SSR:
    ./src/app/page.tsx [Client Component SSR]
    ./src/app/page.tsx [Server Component]

https://nextjs.org/docs/messages/module-not-found


⨯ ./src/app/page.tsx:6:1
Module not found: Can't resolve '@/sections/PricingSection'
[0m [90m 4 |[39m [36mimport[39m { [33mNavbar[39m } [36mfrom[39m [32m"@/components/Navbar"[39m[33m;[39m
 [90m 5 |[39m [36mimport[39m { [33mHeroSection[39m } [36mfrom[39m [32m"@/sections/HeroSection"[39m[33m;[39m
[31m[1m>[22m[39m[90m 6 |[39m [36mimport[39m { [33mPricingSection[39m } [36mfrom[39m [32m"@/sections/PricingSection"[39m[33m;[39m
 [90m   |[39m [31m[1m^[22m[39m[31m[1m^[22m[39m[31m[1m^[22m[39m[31m[1m^[22m[39m[31m[1m^[22m[39m[31m[1m^[22m[39m[31m[1m^[22m[39m[31m[1m^[22m[39m[31m[1m^[22m[39m[31m[1m^[22m[39m[31m[1m^[22m[39m[31m[1m^[22m[39m[31m[1m^[22m[39m[31m[1m^[22m[39m[31m[1m^[22m[39m[31m[1m^[22m[39m[31m[1m^[22m[39m[31m[1m^[22m[39m[31m[1m^[22m[39m[31m[1m^[22m[39m[31m[1m^[22m[39m[31m[1m^[22m[39m[31m[1m^[22m[39m[31m[1m^[22m[39m[31m[1m^[22m[39m[31m[1m^[22m[39m[31m[1m^[22m[39m[31m[1m^[22m[39m[31m[1m^[22m[39m[31m[1m^[22m[39m[31m[1m^[22m[39m[31m[1m^[22m[39m[31m[1m^[22m[39m[31m[1m^[22m[39m[31m[1m^[22m[39m[31m[1m^[22m[39m[31m[1m^[22m[39m[31m[1m^[22m[39m[31m[1m^[22m[39m[31m[1m^[22m[39m[31m[1m^[22m[39m[31m[1m^[22m[39m[31m[1m^[22m[39m[31m[1m^[22m[39m[31m[1m^[22m[39m[31m[1m^[22m[39m[31m[1m^[22m[39m[31m[1m^[22m[39m[31m[1m^[22m[39m[31m[1m^[22m[39m[31m[1m^[22m[39m[31m[1m^[22m[39m[31m[1m^[22m[39m[31m[1m^[22m[39m[31m[1m^[22m[39m[31m[1m^[22m[39m[31m[1m^[22m[39m[31m[1m^[22m[39m[31m[1m^[22m[39m
 [90m 7 |[39m [36mimport[39m { [33mResultsSection[39m } [36mfrom[39m [32m"@/sections/ResultsSection"[39m[33m;[39m
 [90m 8 |[39m [36mimport[39m { [33mConfiguratorSection[39m } [36mfrom[39m [32m"@/sections/ConfiguratorSection"[39m[33m;[39m
 [90m 9 |[39m [36mimport[39m { [33mTestimonialsSection[39m } [36mfrom[39m [32m"@/sections/TestimonialsSection"[39m[33m;[39m[0m

Import map: aliased to relative './src/sections/PricingSection' inside of [project]/


Import traces:
  Client Component Browser:
    ./src/app/page.tsx [Client Component Browser]
    ./src/app/page.tsx [Server Component]

  Client Component SSR:
    ./src/app/page.tsx [Client Component SSR]
    ./src/app/page.tsx [Server Component]

https://nextjs.org/docs/messages/module-not-found


⨯ ./src/app/page.tsx:6:1
Module not found: Can't resolve '@/sections/PricingSection'
[0m [90m 4 |[39m [36mimport[39m { [33mNavbar[39m } [36mfrom[39m [32m"@/components/Navbar"[39m[33m;[39m
 [90m 5 |[39m [36mimport[39m { [33mHeroSection[39m } [36mfrom[39m [32m"@/sections/HeroSection"[39m[33m;[39m
[31m[1m>[22m[39m[90m 6 |[39m [36mimport[39m { [33mPricingSection[39m } [36mfrom[39m [32m"@/sections/PricingSection"[39m[33m;[39m
 [90m   |[39m [31m[1m^[22m[39m[31m[1m^[22m[39m[31m[1m^[22m[39m[31m[1m^[22m[39m[31m[1m^[22m[39m[31m[1m^[22m[39m[31m[1m^[22m[39m[31m[1m^[22m[39m[31m[1m^[22m[39m[31m[1m^[22m[39m[31m[1m^[22m[39m[31m[1m^[22m[39m[31m[1m^[22m[39m[31m[1m^[22m[39m[31m[1m^[22m[39m[31m[1m^[22m[39m[31m[1m^[22m[39m[31m[1m^[22m[39m[31m[1m^[22m[39m[31m[1m^[22m[39m[31m[1m^[22m[39m[31m[1m^[22m[39m[31m[1m^[22m[39m[31m[1m^[22m[39m[31m[1m^[22m[39m[31m[1m^[22m[39m[31m[1m^[22m[39m[31m[1m^[22m[39m[31m[1m^[22m[39m[31m[1m^[22m[39m[31m[1m^[22m[39m[31m[1m^[22m[39m[31m[1m^[22m[39m[31m[1m^[22m[39m[31m[1m^[22m[39m[31m[1m^[22m[39m[31m[1m^[22m[39m[31m[1m^[22m[39m[31m[1m^[22m[39m[31m[1m^[22m[39m[31m[1m^[22m[39m[31m[1m^[22m[39m[31m[1m^[22m[39m[31m[1m^[22m[39m[31m[1m^[22m[39m[31m[1m^[22m[39m[31m[1m^[22m[39m[31m[1m^[22m[39m[31m[1m^[22m[39m[31m[1m^[22m[39m[31m[1m^[22m[39m[31m[1m^[22m[39m[31m[1m^[22m[39m[31m[1m^[22m[39m[31m[1m^[22m[39m[31m[1m^[22m[39m[31m[1m^[22m[39m[31m[1m^[22m[39m[31m[1m^[22m[39m
 [90m 7 |[39m [36mimport[39m { [33mResultsSection[39m } [36mfrom[39m [32m"@/sections/ResultsSection"[39m[33m;[39m
 [90m 8 |[39m [36mimport[39m { [33mConfiguratorSection[39m } [36mfrom[39m [32m"@/sections/ConfiguratorSection"[39m[33m;[39m
 [90m 9 |[39m [36mimport[39m { [33mTestimonialsSection[39m } [36mfrom[39m [32m"@/sections/TestimonialsSection"[39m[33m;[39m[0m

Import map: aliased to relative './src/sections/PricingSection' inside of [project]/


Import traces:
  Client Component Browser:
    ./src/app/page.tsx [Client Component Browser]
    ./src/app/page.tsx [Server Component]

  Client Component SSR:
    ./src/app/page.tsx [Client Component SSR]
    ./src/app/page.tsx [Server Component]

https://nextjs.org/docs/messages/module-not-found


⨯ ./src/app/page.tsx:6:1
Module not found: Can't resolve '@/sections/PricingSection'
[0m [90m 4 |[39m [36mimport[39m { [33mNavbar[39m } [36mfrom[39m [32m"@/components/Navbar"[39m[33m;[39m
 [90m 5 |[39m [36mimport[39m { [33mHeroSection[39m } [36mfrom[39m [32m"@/sections/HeroSection"[39m[33m;[39m
[31m[1m>[22m[39m[90m 6 |[39m [36mimport[39m { [33mPricingSection[39m } [36mfrom[39m [32m"@/sections/PricingSection"[39m[33m;[39m
 [90m   |[39m [31m[1m^[22m[39m[31m[1m^[22m[39m[31m[1m^[22m[39m[31m[1m^[22m[39m[31m[1m^[22m[39m[31m[1m^[22m[39m[31m[1m^[22m[39m[31m[1m^[22m[39m[31m[1m^[22m[39m[31m[1m^[22m[39m[31m[1m^[22m[39m[31m[1m^[22m[39m[31m[1m^[22m[39m[31m[1m^[22m[39m[31m[1m^[22m[39m[31m[1m^[22m[39m[31m[1m^[22m[39m[31m[1m^[22m[39m[31m[1m^[22m[39m[31m[1m^[22m[39m[31m[1m^[22m[39m[31m[1m^[22m[39m[31m[1m^[22m[39m[31m[1m^[22m[39m[31m[1m^[22m[39m[31m[1m^[22m[39m[31m[1m^[22m[39m[31m[1m^[22m[39m[31m[1m^[22m[39m[31m[1m^[22m[39m[31m[1m^[22m[39m[31m[1m^[22m[39m[31m[1m^[22m[39m[31m[1m^[22m[39m[31m[1m^[22m[39m[31m[1m^[22m[39m[31m[1m^[22m[39m[31m[1m^[22m[39m[31m[1m^[22m[39m[31m[1m^[22m[39m[31m[1m^[22m[39m[31m[1m^[22m[39m[31m[1m^[22m[39m[31m[1m^[22m[39m[31m[1m^[22m[39m[31m[1m^[22m[39m[31m[1m^[22m[39m[31m[1m^[22m[39m[31m[1m^[22m[39m[31m[1m^[22m[39m[31m[1m^[22m[39m[31m[1m^[22m[39m[31m[1m^[22m[39m[31m[1m^[22m[39m[31m[1m^[22m[39m[31m[1m^[22m[39m[31m[1m^[22m[39m[31m[1m^[22m[39m[31m[1m^[22m[39m
 [90m 7 |[39m [36mimport[39m { [33mResultsSection[39m } [36mfrom[39m [32m"@/sections/ResultsSection"[39m[33m;[39m
 [90m 8 |[39m [36mimport[39m { [33mConfiguratorSection[39m } [36mfrom[39m [32m"@/sections/ConfiguratorSection"[39m[33m;[39m
 [90m 9 |[39m [36mimport[39m { [33mTestimonialsSection[39m } [36mfrom[39m [32m"@/sections/TestimonialsSection"[39m[33m;[39m[0m

Import map: aliased to relative './src/sections/PricingSection' inside of [project]/


Import traces:
  Client Component Browser:
    ./src/app/page.tsx [Client Component Browser]
    ./src/app/page.tsx [Server Component]

  Client Component SSR:
    ./src/app/page.tsx [Client Component SSR]
    ./src/app/page.tsx [Server Component]

https://nextjs.org/docs/messages/module-not-found


⨯ ./src/app/page.tsx:6:1
Module not found: Can't resolve '@/sections/PricingSection'
[0m [90m 4 |[39m [36mimport[39m { [33mNavbar[39m } [36mfrom[39m [32m"@/components/Navbar"[39m[33m;[39m
 [90m 5 |[39m [36mimport[39m { [33mHeroSection[39m } [36mfrom[39m [32m"@/sections/HeroSection"[39m[33m;[39m
[31m[1m>[22m[39m[90m 6 |[39m [36mimport[39m { [33mPricingSection[39m } [36mfrom[39m [32m"@/sections/PricingSection"[39m[33m;[39m
 [90m   |[39m [31m[1m^[22m[39m[31m[1m^[22m[39m[31m[1m^[22m[39m[31m[1m^[22m[39m[31m[1m^[22m[39m[31m[1m^[22m[39m[31m[1m^[22m[39m[31m[1m^[22m[39m[31m[1m^[22m[39m[31m[1m^[22m[39m[31m[1m^[22m[39m[31m[1m^[22m[39m[31m[1m^[22m[39m[31m[1m^[22m[39m[31m[1m^[22m[39m[31m[1m^[22m[39m[31m[1m^[22m[39m[31m[1m^[22m[39m[31m[1m^[22m[39m[31m[1m^[22m[39m[31m[1m^[22m[39m[31m[1m^[22m[39m[31m[1m^[22m[39m[31m[1m^[22m[39m[31m[1m^[22m[39m[31m[1m^[22m[39m[31m[1m^[22m[39m[31m[1m^[22m[39m[31m[1m^[22m[39m[31m[1m^[22m[39m[31m[1m^[22m[39m[31m[1m^[22m[39m[31m[1m^[22m[39m[31m[1m^[22m[39m[31m[1m^[22m[39m[31m[1m^[22m[39m[31m[1m^[22m[39m[31m[1m^[22m[39m[31m[1m^[22m[39m[31m[1m^[22m[39m[31m[1m^[22m[39m[31m[1m^[22m[39m[31m[1m^[22m[39m[31m[1m^[22m[39m[31m[1m^[22m[39m[31m[1m^[22m[39m[31m[1m^[22m[39m[31m[1m^[22m[39m[31m[1m^[22m[39m[31m[1m^[22m[39m[31m[1m^[22m[39m[31m[1m^[22m[39m[31m[1m^[22m[39m[31m[1m^[22m[39m[31m[1m^[22m[39m[31m[1m^[22m[39m[31m[1m^[22m[39m[31m[1m^[22m[39m[31m[1m^[22m[39m
 [90m 7 |[39m [36mimport[39m { [33mResultsSection[39m } [36mfrom[39m [32m"@/sections/ResultsSection"[39m[33m;[39m
 [90m 8 |[39m [36mimport[39m { [33mConfiguratorSection[39m } [36mfrom[39m [32m"@/sections/ConfiguratorSection"[39m[33m;[39m
 [90m 9 |[39m [36mimport[39m { [33mTestimonialsSection[39m } [36mfrom[39m [32m"@/sections/TestimonialsSection"[39m[33m;[39m[0m

Import map: aliased to relative './src/sections/PricingSection' inside of [project]/


Import traces:
  Client Component Browser:
    ./src/app/page.tsx [Client Component Browser]
    ./src/app/page.tsx [Server Component]

  Client Component SSR:
    ./src/app/page.tsx [Client Component SSR]
    ./src/app/page.tsx [Server Component]

https://nextjs.org/docs/messages/module-not-found


⨯ ./src/app/page.tsx:10:1
Module not found: Can't resolve '@/sections/QuoteSection'
[0m [90m  8 |[39m [36mimport[39m { [33mConfiguratorSection[39m } [36mfrom[39m [32m"@/sections/ConfiguratorSection"[39m[33m;[39m
 [90m  9 |[39m [36mimport[39m { [33mTestimonialsSection[39m } [36mfrom[39m [32m"@/sections/TestimonialsSection"[39m[33m;[39m
[31m[1m>[22m[39m[90m 10 |[39m [36mimport[39m { [33mQuoteSection[39m } [36mfrom[39m [32m"@/sections/QuoteSection"[39m[33m;[39m
 [90m    |[39m [31m[1m^[22m[39m[31m[1m^[22m[39m[31m[1m^[22m[39m[31m[1m^[22m[39m[31m[1m^[22m[39m[31m[1m^[22m[39m[31m[1m^[22m[39m[31m[1m^[22m[39m[31m[1m^[22m[39m[31m[1m^[22m[39m[31m[1m^[22m[39m[31m[1m^[22m[39m[31m[1m^[22m[39m[31m[1m^[22m[39m[31m[1m^[22m[39m[31m[1m^[22m[39m[31m[1m^[22m[39m[31m[1m^[22m[39m[31m[1m^[22m[39m[31m[1m^[22m[39m[31m[1m^[22m[39m[31m[1m^[22m[39m[31m[1m^[22m[39m[31m[1m^[22m[39m[31m[1m^[22m[39m[31m[1m^[22m[39m[31m[1m^[22m[39m[31m[1m^[22m[39m[31m[1m^[22m[39m[31m[1m^[22m[39m[31m[1m^[22m[39m[31m[1m^[22m[39m[31m[1m^[22m[39m[31m[1m^[22m[39m[31m[1m^[22m[39m[31m[1m^[22m[39m[31m[1m^[22m[39m[31m[1m^[22m[39m[31m[1m^[22m[39m[31m[1m^[22m[39m[31m[1m^[22m[39m[31m[1m^[22m[39m[31m[1m^[22m[39m[31m[1m^[22m[39m[31m[1m^[22m[39m[31m[1m^[22m[39m[31m[1m^[22m[39m[31m[1m^[22m[39m[31m[1m^[22m[39m[31m[1m^[22m[39m[31m[1m^[22m[39m[31m[1m^[22m[39m[31m[1m^[22m[39m[31m[1m^[22m[39m[31m[1m^[22m[39m
 [90m 11 |[39m [36mimport[39m { [33mFooter[39m } [36mfrom[39m [32m"@/components/Footer"[39m[33m;[39m
 [90m 12 |[39m
 [90m 13 |[39m [36mconst[39m [33mFADE_UP_ANIMATION_VARIANTS[39m [33m=[39m {[0m

Import map: aliased to relative './src/sections/QuoteSection' inside of [project]/


Import traces:
  Client Component Browser:
    ./src/app/page.tsx [Client Component Browser]
    ./src/app/page.tsx [Server Component]

  Client Component SSR:
    ./src/app/page.tsx [Client Component SSR]
    ./src/app/page.tsx [Server Component]

https://nextjs.org/docs/messages/module-not-found


⨯ ./src/app/page.tsx:10:1
Module not found: Can't resolve '@/sections/QuoteSection'
[0m [90m  8 |[39m [36mimport[39m { [33mConfiguratorSection[39m } [36mfrom[39m [32m"@/sections/ConfiguratorSection"[39m[33m;[39m
 [90m  9 |[39m [36mimport[39m { [33mTestimonialsSection[39m } [36mfrom[39m [32m"@/sections/TestimonialsSection"[39m[33m;[39m
[31m[1m>[22m[39m[90m 10 |[39m [36mimport[39m { [33mQuoteSection[39m } [36mfrom[39m [32m"@/sections/QuoteSection"[39m[33m;[39m
 [90m    |[39m [31m[1m^[22m[39m[31m[1m^[22m[39m[31m[1m^[22m[39m[31m[1m^[22m[39m[31m[1m^[22m[39m[31m[1m^[22m[39m[31m[1m^[22m[39m[31m[1m^[22m[39m[31m[1m^[22m[39m[31m[1m^[22m[39m[31m[1m^[22m[39m[31m[1m^[22m[39m[31m[1m^[22m[39m[31m[1m^[22m[39m[31m[1m^[22m[39m[31m[1m^[22m[39m[31m[1m^[22m[39m[31m[1m^[22m[39m[31m[1m^[22m[39m[31m[1m^[22m[39m[31m[1m^[22m[39m[31m[1m^[22m[39m[31m[1m^[22m[39m[31m[1m^[22m[39m[31m[1m^[22m[39m[31m[1m^[22m[39m[31m[1m^[22m[39m[31m[1m^[22m[39m[31m[1m^[22m[39m[31m[1m^[22m[39m[31m[1m^[22m[39m[31m[1m^[22m[39m[31m[1m^[22m[39m[31m[1m^[22m[39m[31m[1m^[22m[39m[31m[1m^[22m[39m[31m[1m^[22m[39m[31m[1m^[22m[39m[31m[1m^[22m[39m[31m[1m^[22m[39m[31m[1m^[22m[39m[31m[1m^[22m[39m[31m[1m^[22m[39m[31m[1m^[22m[39m[31m[1m^[22m[39m[31m[1m^[22m[39m[31m[1m^[22m[39m[31m[1m^[22m[39m[31m[1m^[22m[39m[31m[1m^[22m[39m[31m[1m^[22m[39m[31m[1m^[22m[39m[31m[1m^[22m[39m[31m[1m^[22m[39m[31m[1m^[22m[39m
 [90m 11 |[39m [36mimport[39m { [33mFooter[39m } [36mfrom[39m [32m"@/components/Footer"[39m[33m;[39m
 [90m 12 |[39m
 [90m 13 |[39m [36mconst[39m [33mFADE_UP_ANIMATION_VARIANTS[39m [33m=[39m {[0m

Import map: aliased to relative './src/sections/QuoteSection' inside of [project]/


Import traces:
  Client Component Browser:
    ./src/app/page.tsx [Client Component Browser]
    ./src/app/page.tsx [Server Component]

  Client Component SSR:
    ./src/app/page.tsx [Client Component SSR]
    ./src/app/page.tsx [Server Component]

https://nextjs.org/docs/messages/module-not-found


⨯ ./src/app/page.tsx:10:1
Module not found: Can't resolve '@/sections/QuoteSection'
[0m [90m  8 |[39m [36mimport[39m { [33mConfiguratorSection[39m } [36mfrom[39m [32m"@/sections/ConfiguratorSection"[39m[33m;[39m
 [90m  9 |[39m [36mimport[39m { [33mTestimonialsSection[39m } [36mfrom[39m [32m"@/sections/TestimonialsSection"[39m[33m;[39m
[31m[1m>[22m[39m[90m 10 |[39m [36mimport[39m { [33mQuoteSection[39m } [36mfrom[39m [32m"@/sections/QuoteSection"[39m[33m;[39m
 [90m    |[39m [31m[1m^[22m[39m[31m[1m^[22m[39m[31m[1m^[22m[39m[31m[1m^[22m[39m[31m[1m^[22m[39m[31m[1m^[22m[39m[31m[1m^[22m[39m[31m[1m^[22m[39m[31m[1m^[22m[39m[31m[1m^[22m[39m[31m[1m^[22m[39m[31m[1m^[22m[39m[31m[1m^[22m[39m[31m[1m^[22m[39m[31m[1m^[22m[39m[31m[1m^[22m[39m[31m[1m^[22m[39m[31m[1m^[22m[39m[31m[1m^[22m[39m[31m[1m^[22m[39m[31m[1m^[22m[39m[31m[1m^[22m[39m[31m[1m^[22m[39m[31m[1m^[22m[39m[31m[1m^[22m[39m[31m[1m^[22m[39m[31m[1m^[22m[39m[31m[1m^[22m[39m[31m[1m^[22m[39m[31m[1m^[22m[39m[31m[1m^[22m[39m[31m[1m^[22m[39m[31m[1m^[22m[39m[31m[1m^[22m[39m[31m[1m^[22m[39m[31m[1m^[22m[39m[31m[1m^[22m[39m[31m[1m^[22m[39m[31m[1m^[22m[39m[31m[1m^[22m[39m[31m[1m^[22m[39m[31m[1m^[22m[39m[31m[1m^[22m[39m[31m[1m^[22m[39m[31m[1m^[22m[39m[31m[1m^[22m[39m[31m[1m^[22m[39m[31m[1m^[22m[39m[31m[1m^[22m[39m[31m[1m^[22m[39m[31m[1m^[22m[39m[31m[1m^[22m[39m[31m[1m^[22m[39m[31m[1m^[22m[39m[31m[1m^[22m[39m
 [90m 11 |[39m [36mimport[39m { [33mFooter[39m } [36mfrom[39m [32m"@/components/Footer"[39m[33m;[39m
 [90m 12 |[39m
 [90m 13 |[39m [36mconst[39m [33mFADE_UP_ANIMATION_VARIANTS[39m [33m=[39m {[0m

Import map: aliased to relative './src/sections/QuoteSection' inside of [project]/


Import traces:
  Client Component Browser:
    ./src/app/page.tsx [Client Component Browser]
    ./src/app/page.tsx [Server Component]

  Client Component SSR:
    ./src/app/page.tsx [Client Component SSR]
    ./src/app/page.tsx [Server Component]

https://nextjs.org/docs/messages/module-not-found


⨯ ./src/app/page.tsx:10:1
Module not found: Can't resolve '@/sections/QuoteSection'
[0m [90m  8 |[39m [36mimport[39m { [33mConfiguratorSection[39m } [36mfrom[39m [32m"@/sections/ConfiguratorSection"[39m[33m;[39m
 [90m  9 |[39m [36mimport[39m { [33mTestimonialsSection[39m } [36mfrom[39m [32m"@/sections/TestimonialsSection"[39m[33m;[39m
[31m[1m>[22m[39m[90m 10 |[39m [36mimport[39m { [33mQuoteSection[39m } [36mfrom[39m [32m"@/sections/QuoteSection"[39m[33m;[39m
 [90m    |[39m [31m[1m^[22m[39m[31m[1m^[22m[39m[31m[1m^[22m[39m[31m[1m^[22m[39m[31m[1m^[22m[39m[31m[1m^[22m[39m[31m[1m^[22m[39m[31m[1m^[22m[39m[31m[1m^[22m[39m[31m[1m^[22m[39m[31m[1m^[22m[39m[31m[1m^[22m[39m[31m[1m^[22m[39m[31m[1m^[22m[39m[31m[1m^[22m[39m[31m[1m^[22m[39m[31m[1m^[22m[39m[31m[1m^[22m[39m[31m[1m^[22m[39m[31m[1m^[22m[39m[31m[1m^[22m[39m[31m[1m^[22m[39m[31m[1m^[22m[39m[31m[1m^[22m[39m[31m[1m^[22m[39m[31m[1m^[22m[39m[31m[1m^[22m[39m[31m[1m^[22m[39m[31m[1m^[22m[39m[31m[1m^[22m[39m[31m[1m^[22m[39m[31m[1m^[22m[39m[31m[1m^[22m[39m[31m[1m^[22m[39m[31m[1m^[22m[39m[31m[1m^[22m[39m[31m[1m^[22m[39m[31m[1m^[22m[39m[31m[1m^[22m[39m[31m[1m^[22m[39m[31m[1m^[22m[39m[31m[1m^[22m[39m[31m[1m^[22m[39m[31m[1m^[22m[39m[31m[1m^[22m[39m[31m[1m^[22m[39m[31m[1m^[22m[39m[31m[1m^[22m[39m[31m[1m^[22m[39m[31m[1m^[22m[39m[31m[1m^[22m[39m[31m[1m^[22m[39m[31m[1m^[22m[39m[31m[1m^[22m[39m[31m[1m^[22m[39m
 [90m 11 |[39m [36mimport[39m { [33mFooter[39m } [36mfrom[39m [32m"@/components/Footer"[39m[33m;[39m
 [90m 12 |[39m
 [90m 13 |[39m [36mconst[39m [33mFADE_UP_ANIMATION_VARIANTS[39m [33m=[39m {[0m

Import map: aliased to relative './src/sections/QuoteSection' inside of [project]/


Import traces:
  Client Component Browser:
    ./src/app/page.tsx [Client Component Browser]
    ./src/app/page.tsx [Server Component]

  Client Component SSR:
    ./src/app/page.tsx [Client Component SSR]
    ./src/app/page.tsx [Server Component]

https://nextjs.org/docs/messages/module-not-found


⨯ ./src/app/page.tsx:7:1
Module not found: Can't resolve '@/sections/ResultsSection'
[0m [90m  5 |[39m [36mimport[39m { [33mHeroSection[39m } [36mfrom[39m [32m"@/sections/HeroSection"[39m[33m;[39m
 [90m  6 |[39m [36mimport[39m { [33mPricingSection[39m } [36mfrom[39m [32m"@/sections/PricingSection"[39m[33m;[39m
[31m[1m>[22m[39m[90m  7 |[39m [36mimport[39m { [33mResultsSection[39m } [36mfrom[39m [32m"@/sections/ResultsSection"[39m[33m;[39m
 [90m    |[39m [31m[1m^[22m[39m[31m[1m^[22m[39m[31m[1m^[22m[39m[31m[1m^[22m[39m[31m[1m^[22m[39m[31m[1m^[22m[39m[31m[1m^[22m[39m[31m[1m^[22m[39m[31m[1m^[22m[39m[31m[1m^[22m[39m[31m[1m^[22m[39m[31m[1m^[22m[39m[31m[1m^[22m[39m[31m[1m^[22m[39m[31m[1m^[22m[39m[31m[1m^[22m[39m[31m[1m^[22m[39m[31m[1m^[22m[39m[31m[1m^[22m[39m[31m[1m^[22m[39m[31m[1m^[22m[39m[31m[1m^[22m[39m[31m[1m^[22m[39m[31m[1m^[22m[39m[31m[1m^[22m[39m[31m[1m^[22m[39m[31m[1m^[22m[39m[31m[1m^[22m[39m[31m[1m^[22m[39m[31m[1m^[22m[39m[31m[1m^[22m[39m[31m[1m^[22m[39m[31m[1m^[22m[39m[31m[1m^[22m[39m[31m[1m^[22m[39m[31m[1m^[22m[39m[31m[1m^[22m[39m[31m[1m^[22m[39m[31m[1m^[22m[39m[31m[1m^[22m[39m[31m[1m^[22m[39m[31m[1m^[22m[39m[31m[1m^[22m[39m[31m[1m^[22m[39m[31m[1m^[22m[39m[31m[1m^[22m[39m[31m[1m^[22m[39m[31m[1m^[22m[39m[31m[1m^[22m[39m[31m[1m^[22m[39m[31m[1m^[22m[39m[31m[1m^[22m[39m[31m[1m^[22m[39m[31m[1m^[22m[39m[31m[1m^[22m[39m[31m[1m^[22m[39m[31m[1m^[22m[39m[31m[1m^[22m[39m[31m[1m^[22m[39m
 [90m  8 |[39m [36mimport[39m { [33mConfiguratorSection[39m } [36mfrom[39m [32m"@/sections/ConfiguratorSection"[39m[33m;[39m
 [90m  9 |[39m [36mimport[39m { [33mTestimonialsSection[39m } [36mfrom[39m [32m"@/sections/TestimonialsSection"[39m[33m;[39m
 [90m 10 |[39m [36mimport[39m { [33mQuoteSection[39m } [36mfrom[39m [32m"@/sections/QuoteSection"[39m[33m;[39m[0m

Import map: aliased to relative './src/sections/ResultsSection' inside of [project]/


Import traces:
  Client Component Browser:
    ./src/app/page.tsx [Client Component Browser]
    ./src/app/page.tsx [Server Component]

  Client Component SSR:
    ./src/app/page.tsx [Client Component SSR]
    ./src/app/page.tsx [Server Component]

https://nextjs.org/docs/messages/module-not-found


⨯ ./src/app/page.tsx:7:1
Module not found: Can't resolve '@/sections/ResultsSection'
[0m [90m  5 |[39m [36mimport[39m { [33mHeroSection[39m } [36mfrom[39m [32m"@/sections/HeroSection"[39m[33m;[39m
 [90m  6 |[39m [36mimport[39m { [33mPricingSection[39m } [36mfrom[39m [32m"@/sections/PricingSection"[39m[33m;[39m
[31m[1m>[22m[39m[90m  7 |[39m [36mimport[39m { [33mResultsSection[39m } [36mfrom[39m [32m"@/sections/ResultsSection"[39m[33m;[39m
 [90m    |[39m [31m[1m^[22m[39m[31m[1m^[22m[39m[31m[1m^[22m[39m[31m[1m^[22m[39m[31m[1m^[22m[39m[31m[1m^[22m[39m[31m[1m^[22m[39m[31m[1m^[22m[39m[31m[1m^[22m[39m[31m[1m^[22m[39m[31m[1m^[22m[39m[31m[1m^[22m[39m[31m[1m^[22m[39m[31m[1m^[22m[39m[31m[1m^[22m[39m[31m[1m^[22m[39m[31m[1m^[22m[39m[31m[1m^[22m[39m[31m[1m^[22m[39m[31m[1m^[22m[39m[31m[1m^[22m[39m[31m[1m^[22m[39m[31m[1m^[22m[39m[31m[1m^[22m[39m[31m[1m^[22m[39m[31m[1m^[22m[39m[31m[1m^[22m[39m[31m[1m^[22m[39m[31m[1m^[22m[39m[31m[1m^[22m[39m[31m[1m^[22m[39m[31m[1m^[22m[39m[31m[1m^[22m[39m[31m[1m^[22m[39m[31m[1m^[22m[39m[31m[1m^[22m[39m[31m[1m^[22m[39m[31m[1m^[22m[39m[31m[1m^[22m[39m[31m[1m^[22m[39m[31m[1m^[22m[39m[31m[1m^[22m[39m[31m[1m^[22m[39m[31m[1m^[22m[39m[31m[1m^[22m[39m[31m[1m^[22m[39m[31m[1m^[22m[39m[31m[1m^[22m[39m[31m[1m^[22m[39m[31m[1m^[22m[39m[31m[1m^[22m[39m[31m[1m^[22m[39m[31m[1m^[22m[39m[31m[1m^[22m[39m[31m[1m^[22m[39m[31m[1m^[22m[39m[31m[1m^[22m[39m[31m[1m^[22m[39m[31m[1m^[22m[39m
 [90m  8 |[39m [36mimport[39m { [33mConfiguratorSection[39m } [36mfrom[39m [32m"@/sections/ConfiguratorSection"[39m[33m;[39m
 [90m  9 |[39m [36mimport[39m { [33mTestimonialsSection[39m } [36mfrom[39m [32m"@/sections/TestimonialsSection"[39m[33m;[39m
 [90m 10 |[39m [36mimport[39m { [33mQuoteSection[39m } [36mfrom[39m [32m"@/sections/QuoteSection"[39m[33m;[39m[0m

Import map: aliased to relative './src/sections/ResultsSection' inside of [project]/


Import traces:
  Client Component Browser:
    ./src/app/page.tsx [Client Component Browser]
    ./src/app/page.tsx [Server Component]

  Client Component SSR:
    ./src/app/page.tsx [Client Component SSR]
    ./src/app/page.tsx [Server Component]

https://nextjs.org/docs/messages/module-not-found


⨯ ./src/app/page.tsx:7:1
Module not found: Can't resolve '@/sections/ResultsSection'
[0m [90m  5 |[39m [36mimport[39m { [33mHeroSection[39m } [36mfrom[39m [32m"@/sections/HeroSection"[39m[33m;[39m
 [90m  6 |[39m [36mimport[39m { [33mPricingSection[39m } [36mfrom[39m [32m"@/sections/PricingSection"[39m[33m;[39m
[31m[1m>[22m[39m[90m  7 |[39m [36mimport[39m { [33mResultsSection[39m } [36mfrom[39m [32m"@/sections/ResultsSection"[39m[33m;[39m
 [90m    |[39m [31m[1m^[22m[39m[31m[1m^[22m[39m[31m[1m^[22m[39m[31m[1m^[22m[39m[31m[1m^[22m[39m[31m[1m^[22m[39m[31m[1m^[22m[39m[31m[1m^[22m[39m[31m[1m^[22m[39m[31m[1m^[22m[39m[31m[1m^[22m[39m[31m[1m^[22m[39m[31m[1m^[22m[39m[31m[1m^[22m[39m[31m[1m^[22m[39m[31m[1m^[22m[39m[31m[1m^[22m[39m[31m[1m^[22m[39m[31m[1m^[22m[39m[31m[1m^[22m[39m[31m[1m^[22m[39m[31m[1m^[22m[39m[31m[1m^[22m[39m[31m[1m^[22m[39m[31m[1m^[22m[39m[31m[1m^[22m[39m[31m[1m^[22m[39m[31m[1m^[22m[39m[31m[1m^[22m[39m[31m[1m^[22m[39m[31m[1m^[22m[39m[31m[1m^[22m[39m[31m[1m^[22m[39m[31m[1m^[22m[39m[31m[1m^[22m[39m[31m[1m^[22m[39m[31m[1m^[22m[39m[31m[1m^[22m[39m[31m[1m^[22m[39m[31m[1m^[22m[39m[31m[1m^[22m[39m[31m[1m^[22m[39m[31m[1m^[22m[39m[31m[1m^[22m[39m[31m[1m^[22m[39m[31m[1m^[22m[39m[31m[1m^[22m[39m[31m[1m^[22m[39m[31m[1m^[22m[39m[31m[1m^[22m[39m[31m[1m^[22m[39m[31m[1m^[22m[39m[31m[1m^[22m[39m[31m[1m^[22m[39m[31m[1m^[22m[39m[31m[1m^[22m[39m[31m[1m^[22m[39m[31m[1m^[22m[39m[31m[1m^[22m[39m
 [90m  8 |[39m [36mimport[39m { [33mConfiguratorSection[39m } [36mfrom[39m [32m"@/sections/ConfiguratorSection"[39m[33m;[39m
 [90m  9 |[39m [36mimport[39m { [33mTestimonialsSection[39m } [36mfrom[39m [32m"@/sections/TestimonialsSection"[39m[33m;[39m
 [90m 10 |[39m [36mimport[39m { [33mQuoteSection[39m } [36mfrom[39m [32m"@/sections/QuoteSection"[39m[33m;[39m[0m

Import map: aliased to relative './src/sections/ResultsSection' inside of [project]/


Import traces:
  Client Component Browser:
    ./src/app/page.tsx [Client Component Browser]
    ./src/app/page.tsx [Server Component]

  Client Component SSR:
    ./src/app/page.tsx [Client Component SSR]
    ./src/app/page.tsx [Server Component]

https://nextjs.org/docs/messages/module-not-found


⨯ ./src/app/page.tsx:7:1
Module not found: Can't resolve '@/sections/ResultsSection'
[0m [90m  5 |[39m [36mimport[39m { [33mHeroSection[39m } [36mfrom[39m [32m"@/sections/HeroSection"[39m[33m;[39m
 [90m  6 |[39m [36mimport[39m { [33mPricingSection[39m } [36mfrom[39m [32m"@/sections/PricingSection"[39m[33m;[39m
[31m[1m>[22m[39m[90m  7 |[39m [36mimport[39m { [33mResultsSection[39m } [36mfrom[39m [32m"@/sections/ResultsSection"[39m[33m;[39m
 [90m    |[39m [31m[1m^[22m[39m[31m[1m^[22m[39m[31m[1m^[22m[39m[31m[1m^[22m[39m[31m[1m^[22m[39m[31m[1m^[22m[39m[31m[1m^[22m[39m[31m[1m^[22m[39m[31m[1m^[22m[39m[31m[1m^[22m[39m[31m[1m^[22m[39m[31m[1m^[22m[39m[31m[1m^[22m[39m[31m[1m^[22m[39m[31m[1m^[22m[39m[31m[1m^[22m[39m[31m[1m^[22m[39m[31m[1m^[22m[39m[31m[1m^[22m[39m[31m[1m^[22m[39m[31m[1m^[22m[39m[31m[1m^[22m[39m[31m[1m^[22m[39m[31m[1m^[22m[39m[31m[1m^[22m[39m[31m[1m^[22m[39m[31m[1m^[22m[39m[31m[1m^[22m[39m[31m[1m^[22m[39m[31m[1m^[22m[39m[31m[1m^[22m[39m[31m[1m^[22m[39m[31m[1m^[22m[39m[31m[1m^[22m[39m[31m[1m^[22m[39m[31m[1m^[22m[39m[31m[1m^[22m[39m[31m[1m^[22m[39m[31m[1m^[22m[39m[31m[1m^[22m[39m[31m[1m^[22m[39m[31m[1m^[22m[39m[31m[1m^[22m[39m[31m[1m^[22m[39m[31m[1m^[22m[39m[31m[1m^[22m[39m[31m[1m^[22m[39m[31m[1m^[22m[39m[31m[1m^[22m[39m[31m[1m^[22m[39m[31m[1m^[22m[39m[31m[1m^[22m[39m[31m[1m^[22m[39m[31m[1m^[22m[39m[31m[1m^[22m[39m[31m[1m^[22m[39m[31m[1m^[22m[39m[31m[1m^[22m[39m[31m[1m^[22m[39m
 [90m  8 |[39m [36mimport[39m { [33mConfiguratorSection[39m } [36mfrom[39m [32m"@/sections/ConfiguratorSection"[39m[33m;[39m
 [90m  9 |[39m [36mimport[39m { [33mTestimonialsSection[39m } [36mfrom[39m [32m"@/sections/TestimonialsSection"[39m[33m;[39m
 [90m 10 |[39m [36mimport[39m { [33mQuoteSection[39m } [36mfrom[39m [32m"@/sections/QuoteSection"[39m[33m;[39m[0m

Import map: aliased to relative './src/sections/ResultsSection' inside of [project]/


Import traces:
  Client Component Browser:
    ./src/app/page.tsx [Client Component Browser]
    ./src/app/page.tsx [Server Component]

  Client Component SSR:
    ./src/app/page.tsx [Client Component SSR]
    ./src/app/page.tsx [Server Component]

https://nextjs.org/docs/messages/module-not-found


⨯ ./src/app/page.tsx:9:1
Module not found: Can't resolve '@/sections/TestimonialsSection'
[0m [90m  7 |[39m [36mimport[39m { [33mResultsSection[39m } [36mfrom[39m [32m"@/sections/ResultsSection"[39m[33m;[39m
 [90m  8 |[39m [36mimport[39m { [33mConfiguratorSection[39m } [36mfrom[39m [32m"@/sections/ConfiguratorSection"[39m[33m;[39m
[31m[1m>[22m[39m[90m  9 |[39m [36mimport[39m { [33mTestimonialsSection[39m } [36mfrom[39m [32m"@/sections/TestimonialsSection"[39m[33m;[39m
 [90m    |[39m [31m[1m^[22m[39m[31m[1m^[22m[39m[31m[1m^[22m[39m[31m[1m^[22m[39m[31m[1m^[22m[39m[31m[1m^[22m[39m[31m[1m^[22m[39m[31m[1m^[22m[39m[31m[1m^[22m[39m[31m[1m^[22m[39m[31m[1m^[22m[39m[31m[1m^[22m[39m[31m[1m^[22m[39m[31m[1m^[22m[39m[31m[1m^[22m[39m[31m[1m^[22m[39m[31m[1m^[22m[39m[31m[1m^[22m[39m[31m[1m^[22m[39m[31m[1m^[22m[39m[31m[1m^[22m[39m[31m[1m^[22m[39m[31m[1m^[22m[39m[31m[1m^[22m[39m[31m[1m^[22m[39m[31m[1m^[22m[39m[31m[1m^[22m[39m[31m[1m^[22m[39m[31m[1m^[22m[39m[31m[1m^[22m[39m[31m[1m^[22m[39m[31m[1m^[22m[39m[31m[1m^[22m[39m[31m[1m^[22m[39m[31m[1m^[22m[39m[31m[1m^[22m[39m[31m[1m^[22m[39m[31m[1m^[22m[39m[31m[1m^[22m[39m[31m[1m^[22m[39m[31m[1m^[22m[39m[31m[1m^[22m[39m[31m[1m^[22m[39m[31m[1m^[22m[39m[31m[1m^[22m[39m[31m[1m^[22m[39m[31m[1m^[22m[39m[31m[1m^[22m[39m[31m[1m^[22m[39m[31m[1m^[22m[39m[31m[1m^[22m[39m[31m[1m^[22m[39m[31m[1m^[22m[39m[31m[1m^[22m[39m[31m[1m^[22m[39m[31m[1m^[22m[39m[31m[1m^[22m[39m[31m[1m^[22m[39m[31m[1m^[22m[39m[31m[1m^[22m[39m[31m[1m^[22m[39m[31m[1m^[22m[39m[31m[1m^[22m[39m[31m[1m^[22m[39m[31m[1m^[22m[39m[31m[1m^[22m[39m[31m[1m^[22m[39m[31m[1m^[22m[39m[31m[1m^[22m[39m
 [90m 10 |[39m [36mimport[39m { [33mQuoteSection[39m } [36mfrom[39m [32m"@/sections/QuoteSection"[39m[33m;[39m
 [90m 11 |[39m [36mimport[39m { [33mFooter[39m } [36mfrom[39m [32m"@/components/Footer"[39m[33m;[39m
 [90m 12 |[39m[0m

Import map: aliased to relative './src/sections/TestimonialsSection' inside of [project]/


Import traces:
  Client Component Browser:
    ./src/app/page.tsx [Client Component Browser]
    ./src/app/page.tsx [Server Component]

  Client Component SSR:
    ./src/app/page.tsx [Client Component SSR]
    ./src/app/page.tsx [Server Component]

https://nextjs.org/docs/messages/module-not-found


⨯ ./src/app/page.tsx:9:1
Module not found: Can't resolve '@/sections/TestimonialsSection'
[0m [90m  7 |[39m [36mimport[39m { [33mResultsSection[39m } [36mfrom[39m [32m"@/sections/ResultsSection"[39m[33m;[39m
 [90m  8 |[39m [36mimport[39m { [33mConfiguratorSection[39m } [36mfrom[39m [32m"@/sections/ConfiguratorSection"[39m[33m;[39m
[31m[1m>[22m[39m[90m  9 |[39m [36mimport[39m { [33mTestimonialsSection[39m } [36mfrom[39m [32m"@/sections/TestimonialsSection"[39m[33m;[39m
 [90m    |[39m [31m[1m^[22m[39m[31m[1m^[22m[39m[31m[1m^[22m[39m[31m[1m^[22m[39m[31m[1m^[22m[39m[31m[1m^[22m[39m[31m[1m^[22m[39m[31m[1m^[22m[39m[31m[1m^[22m[39m[31m[1m^[22m[39m[31m[1m^[22m[39m[31m[1m^[22m[39m[31m[1m^[22m[39m[31m[1m^[22m[39m[31m[1m^[22m[39m[31m[1m^[22m[39m[31m[1m^[22m[39m[31m[1m^[22m[39m[31m[1m^[22m[39m[31m[1m^[22m[39m[31m[1m^[22m[39m[31m[1m^[22m[39m[31m[1m^[22m[39m[31m[1m^[22m[39m[31m[1m^[22m[39m[31m[1m^[22m[39m[31m[1m^[22m[39m[31m[1m^[22m[39m[31m[1m^[22m[39m[31m[1m^[22m[39m[31m[1m^[22m[39m[31m[1m^[22m[39m[31m[1m^[22m[39m[31m[1m^[22m[39m[31m[1m^[22m[39m[31m[1m^[22m[39m[31m[1m^[22m[39m[31m[1m^[22m[39m[31m[1m^[22m[39m[31m[1m^[22m[39m[31m[1m^[22m[39m[31m[1m^[22m[39m[31m[1m^[22m[39m[31m[1m^[22m[39m[31m[1m^[22m[39m[31m[1m^[22m[39m[31m[1m^[22m[39m[31m[1m^[22m[39m[31m[1m^[22m[39m[31m[1m^[22m[39m[31m[1m^[22m[39m[31m[1m^[22m[39m[31m[1m^[22m[39m[31m[1m^[22m[39m[31m[1m^[22m[39m[31m[1m^[22m[39m[31m[1m^[22m[39m[31m[1m^[22m[39m[31m[1m^[22m[39m[31m[1m^[22m[39m[31m[1m^[22m[39m[31m[1m^[22m[39m[31m[1m^[22m[39m[31m[1m^[22m[39m[31m[1m^[22m[39m[31m[1m^[22m[39m[31m[1m^[22m[39m[31m[1m^[22m[39m[31m[1m^[22m[39m
 [90m 10 |[39m [36mimport[39m { [33mQuoteSection[39m } [36mfrom[39m [32m"@/sections/QuoteSection"[39m[33m;[39m
 [90m 11 |[39m [36mimport[39m { [33mFooter[39m } [36mfrom[39m [32m"@/components/Footer"[39m[33m;[39m
 [90m 12 |[39m[0m

Import map: aliased to relative './src/sections/TestimonialsSection' inside of [project]/


Import traces:
  Client Component Browser:
    ./src/app/page.tsx [Client Component Browser]
    ./src/app/page.tsx [Server Component]

  Client Component SSR:
    ./src/app/page.tsx [Client Component SSR]
    ./src/app/page.tsx [Server Component]

https://nextjs.org/docs/messages/module-not-found


⨯ ./src/app/page.tsx:9:1
Module not found: Can't resolve '@/sections/TestimonialsSection'
[0m [90m  7 |[39m [36mimport[39m { [33mResultsSection[39m } [36mfrom[39m [32m"@/sections/ResultsSection"[39m[33m;[39m
 [90m  8 |[39m [36mimport[39m { [33mConfiguratorSection[39m } [36mfrom[39m [32m"@/sections/ConfiguratorSection"[39m[33m;[39m
[31m[1m>[22m[39m[90m  9 |[39m [36mimport[39m { [33mTestimonialsSection[39m } [36mfrom[39m [32m"@/sections/TestimonialsSection"[39m[33m;[39m
 [90m    |[39m [31m[1m^[22m[39m[31m[1m^[22m[39m[31m[1m^[22m[39m[31m[1m^[22m[39m[31m[1m^[22m[39m[31m[1m^[22m[39m[31m[1m^[22m[39m[31m[1m^[22m[39m[31m[1m^[22m[39m[31m[1m^[22m[39m[31m[1m^[22m[39m[31m[1m^[22m[39m[31m[1m^[22m[39m[31m[1m^[22m[39m[31m[1m^[22m[39m[31m[1m^[22m[39m[31m[1m^[22m[39m[31m[1m^[22m[39m[31m[1m^[22m[39m[31m[1m^[22m[39m[31m[1m^[22m[39m[31m[1m^[22m[39m[31m[1m^[22m[39m[31m[1m^[22m[39m[31m[1m^[22m[39m[31m[1m^[22m[39m[31m[1m^[22m[39m[31m[1m^[22m[39m[31m[1m^[22m[39m[31m[1m^[22m[39m[31m[1m^[22m[39m[31m[1m^[22m[39m[31m[1m^[22m[39m[31m[1m^[22m[39m[31m[1m^[22m[39m[31m[1m^[22m[39m[31m[1m^[22m[39m[31m[1m^[22m[39m[31m[1m^[22m[39m[31m[1m^[22m[39m[31m[1m^[22m[39m[31m[1m^[22m[39m[31m[1m^[22m[39m[31m[1m^[22m[39m[31m[1m^[22m[39m[31m[1m^[22m[39m[31m[1m^[22m[39m[31m[1m^[22m[39m[31m[1m^[22m[39m[31m[1m^[22m[39m[31m[1m^[22m[39m[31m[1m^[22m[39m[31m[1m^[22m[39m[31m[1m^[22m[39m[31m[1m^[22m[39m[31m[1m^[22m[39m[31m[1m^[22m[39m[31m[1m^[22m[39m[31m[1m^[22m[39m[31m[1m^[22m[39m[31m[1m^[22m[39m[31m[1m^[22m[39m[31m[1m^[22m[39m[31m[1m^[22m[39m[31m[1m^[22m[39m[31m[1m^[22m[39m[31m[1m^[22m[39m[31m[1m^[22m[39m[31m[1m^[22m[39m
 [90m 10 |[39m [36mimport[39m { [33mQuoteSection[39m } [36mfrom[39m [32m"@/sections/QuoteSection"[39m[33m;[39m
 [90m 11 |[39m [36mimport[39m { [33mFooter[39m } [36mfrom[39m [32m"@/components/Footer"[39m[33m;[39m
 [90m 12 |[39m[0m

Import map: aliased to relative './src/sections/TestimonialsSection' inside of [project]/


Import traces:
  Client Component Browser:
    ./src/app/page.tsx [Client Component Browser]
    ./src/app/page.tsx [Server Component]

  Client Component SSR:
    ./src/app/page.tsx [Client Component SSR]
    ./src/app/page.tsx [Server Component]

https://nextjs.org/docs/messages/module-not-found


⨯ ./src/app/page.tsx:9:1
Module not found: Can't resolve '@/sections/TestimonialsSection'
[0m [90m  7 |[39m [36mimport[39m { [33mResultsSection[39m } [36mfrom[39m [32m"@/sections/ResultsSection"[39m[33m;[39m
 [90m  8 |[39m [36mimport[39m { [33mConfiguratorSection[39m } [36mfrom[39m [32m"@/sections/ConfiguratorSection"[39m[33m;[39m
[31m[1m>[22m[39m[90m  9 |[39m [36mimport[39m { [33mTestimonialsSection[39m } [36mfrom[39m [32m"@/sections/TestimonialsSection"[39m[33m;[39m
 [90m    |[39m [31m[1m^[22m[39m[31m[1m^[22m[39m[31m[1m^[22m[39m[31m[1m^[22m[39m[31m[1m^[22m[39m[31m[1m^[22m[39m[31m[1m^[22m[39m[31m[1m^[22m[39m[31m[1m^[22m[39m[31m[1m^[22m[39m[31m[1m^[22m[39m[31m[1m^[22m[39m[31m[1m^[22m[39m[31m[1m^[22m[39m[31m[1m^[22m[39m[31m[1m^[22m[39m[31m[1m^[22m[39m[31m[1m^[22m[39m[31m[1m^[22m[39m[31m[1m^[22m[39m[31m[1m^[22m[39m[31m[1m^[22m[39m[31m[1m^[22m[39m[31m[1m^[22m[39m[31m[1m^[22m[39m[31m[1m^[22m[39m[31m[1m^[22m[39m[31m[1m^[22m[39m[31m[1m^[22m[39m[31m[1m^[22m[39m[31m[1m^[22m[39m[31m[1m^[22m[39m[31m[1m^[22m[39m[31m[1m^[22m[39m[31m[1m^[22m[39m[31m[1m^[22m[39m[31m[1m^[22m[39m[31m[1m^[22m[39m[31m[1m^[22m[39m[31m[1m^[22m[39m[31m[1m^[22m[39m[31m[1m^[22m[39m[31m[1m^[22m[39m[31m[1m^[22m[39m[31m[1m^[22m[39m[31m[1m^[22m[39m[31m[1m^[22m[39m[31m[1m^[22m[39m[31m[1m^[22m[39m[31m[1m^[22m[39m[31m[1m^[22m[39m[31m[1m^[22m[39m[31m[1m^[22m[39m[31m[1m^[22m[39m[31m[1m^[22m[39m[31m[1m^[22m[39m[31m[1m^[22m[39m[31m[1m^[22m[39m[31m[1m^[22m[39m[31m[1m^[22m[39m[31m[1m^[22m[39m[31m[1m^[22m[39m[31m[1m^[22m[39m[31m[1m^[22m[39m[31m[1m^[22m[39m[31m[1m^[22m[39m[31m[1m^[22m[39m[31m[1m^[22m[39m[31m[1m^[22m[39m
 [90m 10 |[39m [36mimport[39m { [33mQuoteSection[39m } [36mfrom[39m [32m"@/sections/QuoteSection"[39m[33m;[39m
 [90m 11 |[39m [36mimport[39m { [33mFooter[39m } [36mfrom[39m [32m"@/components/Footer"[39m[33m;[39m
 [90m 12 |[39m[0m

Import map: aliased to relative './src/sections/TestimonialsSection' inside of [project]/


Import traces:
  Client Component Browser:
    ./src/app/page.tsx [Client Component Browser]
    ./src/app/page.tsx [Server Component]

  Client Component SSR:
    ./src/app/page.tsx [Client Component SSR]
    ./src/app/page.tsx [Server Component]

https://nextjs.org/docs/messages/module-not-found


⨯ ./src/app/page.tsx:8:1
Module not found: Can't resolve '@/sections/ConfiguratorSection'
[0m [90m  6 |[39m [36mimport[39m { [33mPricingSection[39m } [36mfrom[39m [32m"@/sections/PricingSection"[39m[33m;[39m
 [90m  7 |[39m [36mimport[39m { [33mResultsSection[39m } [36mfrom[39m [32m"@/sections/ResultsSection"[39m[33m;[39m
[31m[1m>[22m[39m[90m  8 |[39m [36mimport[39m { [33mConfiguratorSection[39m } [36mfrom[39m [32m"@/sections/ConfiguratorSection"[39m[33m;[39m
 [90m    |[39m [31m[1m^[22m[39m[31m[1m^[22m[39m[31m[1m^[22m[39m[31m[1m^[22m[39m[31m[1m^[22m[39m[31m[1m^[22m[39m[31m[1m^[22m[39m[31m[1m^[22m[39m[31m[1m^[22m[39m[31m[1m^[22m[39m[31m[1m^[22m[39m[31m[1m^[22m[39m[31m[1m^[22m[39m[31m[1m^[22m[39m[31m[1m^[22m[39m[31m[1m^[22m[39m[31m[1m^[22m[39m[31m[1m^[22m[39m[31m[1m^[22m[39m[31m[1m^[22m[39m[31m[1m^[22m[39m[31m[1m^[22m[39m[31m[1m^[22m[39m[31m[1m^[22m[39m[31m[1m^[22m[39m[31m[1m^[22m[39m[31m[1m^[22m[39m[31m[1m^[22m[39m[31m[1m^[22m[39m[31m[1m^[22m[39m[31m[1m^[22m[39m[31m[1m^[22m[39m[31m[1m^[22m[39m[31m[1m^[22m[39m[31m[1m^[22m[39m[31m[1m^[22m[39m[31m[1m^[22m[39m[31m[1m^[22m[39m[31m[1m^[22m[39m[31m[1m^[22m[39m[31m[1m^[22m[39m[31m[1m^[22m[39m[31m[1m^[22m[39m[31m[1m^[22m[39m[31m[1m^[22m[39m[31m[1m^[22m[39m[31m[1m^[22m[39m[31m[1m^[22m[39m[31m[1m^[22m[39m[31m[1m^[22m[39m[31m[1m^[22m[39m[31m[1m^[22m[39m[31m[1m^[22m[39m[31m[1m^[22m[39m[31m[1m^[22m[39m[31m[1m^[22m[39m[31m[1m^[22m[39m[31m[1m^[22m[39m[31m[1m^[22m[39m[31m[1m^[22m[39m[31m[1m^[22m[39m[31m[1m^[22m[39m[31m[1m^[22m[39m[31m[1m^[22m[39m[31m[1m^[22m[39m[31m[1m^[22m[39m[31m[1m^[22m[39m[31m[1m^[22m[39m[31m[1m^[22m[39m
 [90m  9 |[39m [36mimport[39m { [33mTestimonialsSection[39m } [36mfrom[39m [32m"@/sections/TestimonialsSection"[39m[33m;[39m
 [90m 10 |[39m [36mimport[39m { [33mQuoteSection[39m } [36mfrom[39m [32m"@/sections/QuoteSection"[39m[33m;[39m
 [90m 11 |[39m [36mimport[39m { [33mFooter[39m } [36mfrom[39m [32m"@/components/Footer"[39m[33m;[39m[0m

Import map: aliased to relative './src/sections/ConfiguratorSection' inside of [project]/


Import traces:
  Client Component Browser:
    ./src/app/page.tsx [Client Component Browser]
    ./src/app/page.tsx [Server Component]

  Client Component SSR:
    ./src/app/page.tsx [Client Component SSR]
    ./src/app/page.tsx [Server Component]

https://nextjs.org/docs/messages/module-not-found


⨯ ./src/app/page.tsx:8:1
Module not found: Can't resolve '@/sections/ConfiguratorSection'
[0m [90m  6 |[39m [36mimport[39m { [33mPricingSection[39m } [36mfrom[39m [32m"@/sections/PricingSection"[39m[33m;[39m
 [90m  7 |[39m [36mimport[39m { [33mResultsSection[39m } [36mfrom[39m [32m"@/sections/ResultsSection"[39m[33m;[39m
[31m[1m>[22m[39m[90m  8 |[39m [36mimport[39m { [33mConfiguratorSection[39m } [36mfrom[39m [32m"@/sections/ConfiguratorSection"[39m[33m;[39m
 [90m    |[39m [31m[1m^[22m[39m[31m[1m^[22m[39m[31m[1m^[22m[39m[31m[1m^[22m[39m[31m[1m^[22m[39m[31m[1m^[22m[39m[31m[1m^[22m[39m[31m[1m^[22m[39m[31m[1m^[22m[39m[31m[1m^[22m[39m[31m[1m^[22m[39m[31m[1m^[22m[39m[31m[1m^[22m[39m[31m[1m^[22m[39m[31m[1m^[22m[39m[31m[1m^[22m[39m[31m[1m^[22m[39m[31m[1m^[22m[39m[31m[1m^[22m[39m[31m[1m^[22m[39m[31m[1m^[22m[39m[31m[1m^[22m[39m[31m[1m^[22m[39m[31m[1m^[22m[39m[31m[1m^[22m[39m[31m[1m^[22m[39m[31m[1m^[22m[39m[31m[1m^[22m[39m[31m[1m^[22m[39m[31m[1m^[22m[39m[31m[1m^[22m[39m[31m[1m^[22m[39m[31m[1m^[22m[39m[31m[1m^[22m[39m[31m[1m^[22m[39m[31m[1m^[22m[39m[31m[1m^[22m[39m[31m[1m^[22m[39m[31m[1m^[22m[39m[31m[1m^[22m[39m[31m[1m^[22m[39m[31m[1m^[22m[39m[31m[1m^[22m[39m[31m[1m^[22m[39m[31m[1m^[22m[39m[31m[1m^[22m[39m[31m[1m^[22m[39m[31m[1m^[22m[39m[31m[1m^[22m[39m[31m[1m^[22m[39m[31m[1m^[22m[39m[31m[1m^[22m[39m[31m[1m^[22m[39m[31m[1m^[22m[39m[31m[1m^[22m[39m[31m[1m^[22m[39m[31m[1m^[22m[39m[31m[1m^[22m[39m[31m[1m^[22m[39m[31m[1m^[22m[39m[31m[1m^[22m[39m[31m[1m^[22m[39m[31m[1m^[22m[39m[31m[1m^[22m[39m[31m[1m^[22m[39m[31m[1m^[22m[39m[31m[1m^[22m[39m[31m[1m^[22m[39m[31m[1m^[22m[39m
 [90m  9 |[39m [36mimport[39m { [33mTestimonialsSection[39m } [36mfrom[39m [32m"@/sections/TestimonialsSection"[39m[33m;[39m
 [90m 10 |[39m [36mimport[39m { [33mQuoteSection[39m } [36mfrom[39m [32m"@/sections/QuoteSection"[39m[33m;[39m
 [90m 11 |[39m [36mimport[39m { [33mFooter[39m } [36mfrom[39m [32m"@/components/Footer"[39m[33m;[39m[0m

Import map: aliased to relative './src/sections/ConfiguratorSection' inside of [project]/


Import traces:
  Client Component Browser:
    ./src/app/page.tsx [Client Component Browser]
    ./src/app/page.tsx [Server Component]

  Client Component SSR:
    ./src/app/page.tsx [Client Component SSR]
    ./src/app/page.tsx [Server Component]

https://nextjs.org/docs/messages/module-not-found


⨯ ./src/app/page.tsx:8:1
Module not found: Can't resolve '@/sections/ConfiguratorSection'
[0m [90m  6 |[39m [36mimport[39m { [33mPricingSection[39m } [36mfrom[39m [32m"@/sections/PricingSection"[39m[33m;[39m
 [90m  7 |[39m [36mimport[39m { [33mResultsSection[39m } [36mfrom[39m [32m"@/sections/ResultsSection"[39m[33m;[39m
[31m[1m>[22m[39m[90m  8 |[39m [36mimport[39m { [33mConfiguratorSection[39m } [36mfrom[39m [32m"@/sections/ConfiguratorSection"[39m[33m;[39m
 [90m    |[39m [31m[1m^[22m[39m[31m[1m^[22m[39m[31m[1m^[22m[39m[31m[1m^[22m[39m[31m[1m^[22m[39m[31m[1m^[22m[39m[31m[1m^[22m[39m[31m[1m^[22m[39m[31m[1m^[22m[39m[31m[1m^[22m[39m[31m[1m^[22m[39m[31m[1m^[22m[39m[31m[1m^[22m[39m[31m[1m^[22m[39m[31m[1m^[22m[39m[31m[1m^[22m[39m[31m[1m^[22m[39m[31m[1m^[22m[39m[31m[1m^[22m[39m[31m[1m^[22m[39m[31m[1m^[22m[39m[31m[1m^[22m[39m[31m[1m^[22m[39m[31m[1m^[22m[39m[31m[1m^[22m[39m[31m[1m^[22m[39m[31m[1m^[22m[39m[31m[1m^[22m[39m[31m[1m^[22m[39m[31m[1m^[22m[39m[31m[1m^[22m[39m[31m[1m^[22m[39m[31m[1m^[22m[39m[31m[1m^[22m[39m[31m[1m^[22m[39m[31m[1m^[22m[39m[31m[1m^[22m[39m[31m[1m^[22m[39m[31m[1m^[22m[39m[31m[1m^[22m[39m[31m[1m^[22m[39m[31m[1m^[22m[39m[31m[1m^[22m[39m[31m[1m^[22m[39m[31m[1m^[22m[39m[31m[1m^[22m[39m[31m[1m^[22m[39m[31m[1m^[22m[39m[31m[1m^[22m[39m[31m[1m^[22m[39m[31m[1m^[22m[39m[31m[1m^[22m[39m[31m[1m^[22m[39m[31m[1m^[22m[39m[31m[1m^[22m[39m[31m[1m^[22m[39m[31m[1m^[22m[39m[31m[1m^[22m[39m[31m[1m^[22m[39m[31m[1m^[22m[39m[31m[1m^[22m[39m[31m[1m^[22m[39m[31m[1m^[22m[39m[31m[1m^[22m[39m[31m[1m^[22m[39m[31m[1m^[22m[39m[31m[1m^[22m[39m[31m[1m^[22m[39m[31m[1m^[22m[39m
 [90m  9 |[39m [36mimport[39m { [33mTestimonialsSection[39m } [36mfrom[39m [32m"@/sections/TestimonialsSection"[39m[33m;[39m
 [90m 10 |[39m [36mimport[39m { [33mQuoteSection[39m } [36mfrom[39m [32m"@/sections/QuoteSection"[39m[33m;[39m
 [90m 11 |[39m [36mimport[39m { [33mFooter[39m } [36mfrom[39m [32m"@/components/Footer"[39m[33m;[39m[0m

Import map: aliased to relative './src/sections/ConfiguratorSection' inside of [project]/


Import traces:
  Client Component Browser:
    ./src/app/page.tsx [Client Component Browser]
    ./src/app/page.tsx [Server Component]

  Client Component SSR:
    ./src/app/page.tsx [Client Component SSR]
    ./src/app/page.tsx [Server Component]

https://nextjs.org/docs/messages/module-not-found


⨯ ./src/app/page.tsx:8:1
Module not found: Can't resolve '@/sections/ConfiguratorSection'
[0m [90m  6 |[39m [36mimport[39m { [33mPricingSection[39m } [36mfrom[39m [32m"@/sections/PricingSection"[39m[33m;[39m
 [90m  7 |[39m [36mimport[39m { [33mResultsSection[39m } [36mfrom[39m [32m"@/sections/ResultsSection"[39m[33m;[39m
[31m[1m>[22m[39m[90m  8 |[39m [36mimport[39m { [33mConfiguratorSection[39m } [36mfrom[39m [32m"@/sections/ConfiguratorSection"[39m[33m;[39m
 [90m    |[39m [31m[1m^[22m[39m[31m[1m^[22m[39m[31m[1m^[22m[39m[31m[1m^[22m[39m[31m[1m^[22m[39m[31m[1m^[22m[39m[31m[1m^[22m[39m[31m[1m^[22m[39m[31m[1m^[22m[39m[31m[1m^[22m[39m[31m[1m^[22m[39m[31m[1m^[22m[39m[31m[1m^[22m[39m[31m[1m^[22m[39m[31m[1m^[22m[39m[31m[1m^[22m[39m[31m[1m^[22m[39m[31m[1m^[22m[39m[31m[1m^[22m[39m[31m[1m^[22m[39m[31m[1m^[22m[39m[31m[1m^[22m[39m[31m[1m^[22m[39m[31m[1m^[22m[39m[31m[1m^[22m[39m[31m[1m^[22m[39m[31m[1m^[22m[39m[31m[1m^[22m[39m[31m[1m^[22m[39m[31m[1m^[22m[39m[31m[1m^[22m[39m[31m[1m^[22m[39m[31m[1m^[22m[39m[31m[1m^[22m[39m[31m[1m^[22m[39m[31m[1m^[22m[39m[31m[1m^[22m[39m[31m[1m^[22m[39m[31m[1m^[22m[39m[31m[1m^[22m[39m[31m[1m^[22m[39m[31m[1m^[22m[39m[31m[1m^[22m[39m[31m[1m^[22m[39m[31m[1m^[22m[39m[31m[1m^[22m[39m[31m[1m^[22m[39m[31m[1m^[22m[39m[31m[1m^[22m[39m[31m[1m^[22m[39m[31m[1m^[22m[39m[31m[1m^[22m[39m[31m[1m^[22m[39m[31m[1m^[22m[39m[31m[1m^[22m[39m[31m[1m^[22m[39m[31m[1m^[22m[39m[31m[1m^[22m[39m[31m[1m^[22m[39m[31m[1m^[22m[39m[31m[1m^[22m[39m[31m[1m^[22m[39m[31m[1m^[22m[39m[31m[1m^[22m[39m[31m[1m^[22m[39m[31m[1m^[22m[39m[31m[1m^[22m[39m[31m[1m^[22m[39m[31m[1m^[22m[39m
 [90m  9 |[39m [36mimport[39m { [33mTestimonialsSection[39m } [36mfrom[39m [32m"@/sections/TestimonialsSection"[39m[33m;[39m
 [90m 10 |[39m [36mimport[39m { [33mQuoteSection[39m } [36mfrom[39m [32m"@/sections/QuoteSection"[39m[33m;[39m
 [90m 11 |[39m [36mimport[39m { [33mFooter[39m } [36mfrom[39m [32m"@/components/Footer"[39m[33m;[39m[0m

Import map: aliased to relative './src/sections/ConfiguratorSection' inside of [project]/


Import traces:
  Client Component Browser:
    ./src/app/page.tsx [Client Component Browser]
    ./src/app/page.tsx [Server Component]

  Client Component SSR:
    ./src/app/page.tsx [Client Component SSR]
    ./src/app/page.tsx [Server Component]

https://nextjs.org/docs/messages/module-not-found


⨯ ./src/app/page.tsx:6:1
Module not found: Can't resolve '@/sections/PricingSection'
[0m [90m 4 |[39m [36mimport[39m { [33mNavbar[39m } [36mfrom[39m [32m"@/components/Navbar"[39m[33m;[39m
 [90m 5 |[39m [36mimport[39m { [33mHeroSection[39m } [36mfrom[39m [32m"@/sections/HeroSection"[39m[33m;[39m
[31m[1m>[22m[39m[90m 6 |[39m [36mimport[39m { [33mPricingSection[39m } [36mfrom[39m [32m"@/sections/PricingSection"[39m[33m;[39m
 [90m   |[39m [31m[1m^[22m[39m[31m[1m^[22m[39m[31m[1m^[22m[39m[31m[1m^[22m[39m[31m[1m^[22m[39m[31m[1m^[22m[39m[31m[1m^[22m[39m[31m[1m^[22m[39m[31m[1m^[22m[39m[31m[1m^[22m[39m[31m[1m^[22m[39m[31m[1m^[22m[39m[31m[1m^[22m[39m[31m[1m^[22m[39m[31m[1m^[22m[39m[31m[1m^[22m[39m[31m[1m^[22m[39m[31m[1m^[22m[39m[31m[1m^[22m[39m[31m[1m^[22m[39m[31m[1m^[22m[39m[31m[1m^[22m[39m[31m[1m^[22m[39m[31m[1m^[22m[39m[31m[1m^[22m[39m[31m[1m^[22m[39m[31m[1m^[22m[39m[31m[1m^[22m[39m[31m[1m^[22m[39m[31m[1m^[22m[39m[31m[1m^[22m[39m[31m[1m^[22m[39m[31m[1m^[22m[39m[31m[1m^[22m[39m[31m[1m^[22m[39m[31m[1m^[22m[39m[31m[1m^[22m[39m[31m[1m^[22m[39m[31m[1m^[22m[39m[31m[1m^[22m[39m[31m[1m^[22m[39m[31m[1m^[22m[39m[31m[1m^[22m[39m[31m[1m^[22m[39m[31m[1m^[22m[39m[31m[1m^[22m[39m[31m[1m^[22m[39m[31m[1m^[22m[39m[31m[1m^[22m[39m[31m[1m^[22m[39m[31m[1m^[22m[39m[31m[1m^[22m[39m[31m[1m^[22m[39m[31m[1m^[22m[39m[31m[1m^[22m[39m[31m[1m^[22m[39m[31m[1m^[22m[39m[31m[1m^[22m[39m[31m[1m^[22m[39m
 [90m 7 |[39m [36mimport[39m { [33mResultsSection[39m } [36mfrom[39m [32m"@/sections/ResultsSection"[39m[33m;[39m
 [90m 8 |[39m [36mimport[39m { [33mConfiguratorSection[39m } [36mfrom[39m [32m"@/sections/ConfiguratorSection"[39m[33m;[39m
 [90m 9 |[39m [36mimport[39m { [33mTestimonialsSection[39m } [36mfrom[39m [32m"@/sections/TestimonialsSection"[39m[33m;[39m[0m

Import map: aliased to relative './src/sections/PricingSection' inside of [project]/


Import traces:
  Client Component Browser:
    ./src/app/page.tsx [Client Component Browser]
    ./src/app/page.tsx [Server Component]

  Client Component SSR:
    ./src/app/page.tsx [Client Component SSR]
    ./src/app/page.tsx [Server Component]

https://nextjs.org/docs/messages/module-not-found


⨯ ./src/app/page.tsx:6:1
Module not found: Can't resolve '@/sections/PricingSection'
[0m [90m 4 |[39m [36mimport[39m { [33mNavbar[39m } [36mfrom[39m [32m"@/components/Navbar"[39m[33m;[39m
 [90m 5 |[39m [36mimport[39m { [33mHeroSection[39m } [36mfrom[39m [32m"@/sections/HeroSection"[39m[33m;[39m
[31m[1m>[22m[39m[90m 6 |[39m [36mimport[39m { [33mPricingSection[39m } [36mfrom[39m [32m"@/sections/PricingSection"[39m[33m;[39m
 [90m   |[39m [31m[1m^[22m[39m[31m[1m^[22m[39m[31m[1m^[22m[39m[31m[1m^[22m[39m[31m[1m^[22m[39m[31m[1m^[22m[39m[31m[1m^[22m[39m[31m[1m^[22m[39m[31m[1m^[22m[39m[31m[1m^[22m[39m[31m[1m^[22m[39m[31m[1m^[22m[39m[31m[1m^[22m[39m[31m[1m^[22m[39m[31m[1m^[22m[39m[31m[1m^[22m[39m[31m[1m^[22m[39m[31m[1m^[22m[39m[31m[1m^[22m[39m[31m[1m^[22m[39m[31m[1m^[22m[39m[31m[1m^[22m[39m[31m[1m^[22m[39m[31m[1m^[22m[39m[31m[1m^[22m[39m[31m[1m^[22m[39m[31m[1m^[22m[39m[31m[1m^[22m[39m[31m[1m^[22m[39m[31m[1m^[22m[39m[31m[1m^[22m[39m[31m[1m^[22m[39m[31m[1m^[22m[39m[31m[1m^[22m[39m[31m[1m^[22m[39m[31m[1m^[22m[39m[31m[1m^[22m[39m[31m[1m^[22m[39m[31m[1m^[22m[39m[31m[1m^[22m[39m[31m[1m^[22m[39m[31m[1m^[22m[39m[31m[1m^[22m[39m[31m[1m^[22m[39m[31m[1m^[22m[39m[31m[1m^[22m[39m[31m[1m^[22m[39m[31m[1m^[22m[39m[31m[1m^[22m[39m[31m[1m^[22m[39m[31m[1m^[22m[39m[31m[1m^[22m[39m[31m[1m^[22m[39m[31m[1m^[22m[39m[31m[1m^[22m[39m[31m[1m^[22m[39m[31m[1m^[22m[39m[31m[1m^[22m[39m[31m[1m^[22m[39m
 [90m 7 |[39m [36mimport[39m { [33mResultsSection[39m } [36mfrom[39m [32m"@/sections/ResultsSection"[39m[33m;[39m
 [90m 8 |[39m [36mimport[39m { [33mConfiguratorSection[39m } [36mfrom[39m [32m"@/sections/ConfiguratorSection"[39m[33m;[39m
 [90m 9 |[39m [36mimport[39m { [33mTestimonialsSection[39m } [36mfrom[39m [32m"@/sections/TestimonialsSection"[39m[33m;[39m[0m

Import map: aliased to relative './src/sections/PricingSection' inside of [project]/


Import traces:
  Client Component Browser:
    ./src/app/page.tsx [Client Component Browser]
    ./src/app/page.tsx [Server Component]

  Client Component SSR:
    ./src/app/page.tsx [Client Component SSR]
    ./src/app/page.tsx [Server Component]

https://nextjs.org/docs/messages/module-not-found


⨯ ./src/app/page.tsx:6:1
Module not found: Can't resolve '@/sections/PricingSection'
[0m [90m 4 |[39m [36mimport[39m { [33mNavbar[39m } [36mfrom[39m [32m"@/components/Navbar"[39m[33m;[39m
 [90m 5 |[39m [36mimport[39m { [33mHeroSection[39m } [36mfrom[39m [32m"@/sections/HeroSection"[39m[33m;[39m
[31m[1m>[22m[39m[90m 6 |[39m [36mimport[39m { [33mPricingSection[39m } [36mfrom[39m [32m"@/sections/PricingSection"[39m[33m;[39m
 [90m   |[39m [31m[1m^[22m[39m[31m[1m^[22m[39m[31m[1m^[22m[39m[31m[1m^[22m[39m[31m[1m^[22m[39m[31m[1m^[22m[39m[31m[1m^[22m[39m[31m[1m^[22m[39m[31m[1m^[22m[39m[31m[1m^[22m[39m[31m[1m^[22m[39m[31m[1m^[22m[39m[31m[1m^[22m[39m[31m[1m^[22m[39m[31m[1m^[22m[39m[31m[1m^[22m[39m[31m[1m^[22m[39m[31m[1m^[22m[39m[31m[1m^[22m[39m[31m[1m^[22m[39m[31m[1m^[22m[39m[31m[1m^[22m[39m[31m[1m^[22m[39m[31m[1m^[22m[39m[31m[1m^[22m[39m[31m[1m^[22m[39m[31m[1m^[22m[39m[31m[1m^[22m[39m[31m[1m^[22m[39m[31m[1m^[22m[39m[31m[1m^[22m[39m[31m[1m^[22m[39m[31m[1m^[22m[39m[31m[1m^[22m[39m[31m[1m^[22m[39m[31m[1m^[22m[39m[31m[1m^[22m[39m[31m[1m^[22m[39m[31m[1m^[22m[39m[31m[1m^[22m[39m[31m[1m^[22m[39m[31m[1m^[22m[39m[31m[1m^[22m[39m[31m[1m^[22m[39m[31m[1m^[22m[39m[31m[1m^[22m[39m[31m[1m^[22m[39m[31m[1m^[22m[39m[31m[1m^[22m[39m[31m[1m^[22m[39m[31m[1m^[22m[39m[31m[1m^[22m[39m[31m[1m^[22m[39m[31m[1m^[22m[39m[31m[1m^[22m[39m[31m[1m^[22m[39m[31m[1m^[22m[39m[31m[1m^[22m[39m[31m[1m^[22m[39m
 [90m 7 |[39m [36mimport[39m { [33mResultsSection[39m } [36mfrom[39m [32m"@/sections/ResultsSection"[39m[33m;[39m
 [90m 8 |[39m [36mimport[39m { [33mConfiguratorSection[39m } [36mfrom[39m [32m"@/sections/ConfiguratorSection"[39m[33m;[39m
 [90m 9 |[39m [36mimport[39m { [33mTestimonialsSection[39m } [36mfrom[39m [32m"@/sections/TestimonialsSection"[39m[33m;[39m[0m

Import map: aliased to relative './src/sections/PricingSection' inside of [project]/


Import traces:
  Client Component Browser:
    ./src/app/page.tsx [Client Component Browser]
    ./src/app/page.tsx [Server Component]

  Client Component SSR:
    ./src/app/page.tsx [Client Component SSR]
    ./src/app/page.tsx [Server Component]

https://nextjs.org/docs/messages/module-not-found


⨯ ./src/app/page.tsx:6:1
Module not found: Can't resolve '@/sections/PricingSection'
[0m [90m 4 |[39m [36mimport[39m { [33mNavbar[39m } [36mfrom[39m [32m"@/components/Navbar"[39m[33m;[39m
 [90m 5 |[39m [36mimport[39m { [33mHeroSection[39m } [36mfrom[39m [32m"@/sections/HeroSection"[39m[33m;[39m
[31m[1m>[22m[39m[90m 6 |[39m [36mimport[39m { [33mPricingSection[39m } [36mfrom[39m [32m"@/sections/PricingSection"[39m[33m;[39m
 [90m   |[39m [31m[1m^[22m[39m[31m[1m^[22m[39m[31m[1m^[22m[39m[31m[1m^[22m[39m[31m[1m^[22m[39m[31m[1m^[22m[39m[31m[1m^[22m[39m[31m[1m^[22m[39m[31m[1m^[22m[39m[31m[1m^[22m[39m[31m[1m^[22m[39m[31m[1m^[22m[39m[31m[1m^[22m[39m[31m[1m^[22m[39m[31m[1m^[22m[39m[31m[1m^[22m[39m[31m[1m^[22m[39m[31m[1m^[22m[39m[31m[1m^[22m[39m[31m[1m^[22m[39m[31m[1m^[22m[39m[31m[1m^[22m[39m[31m[1m^[22m[39m[31m[1m^[22m[39m[31m[1m^[22m[39m[31m[1m^[22m[39m[31m[1m^[22m[39m[31m[1m^[22m[39m[31m[1m^[22m[39m[31m[1m^[22m[39m[31m[1m^[22m[39m[31m[1m^[22m[39m[31m[1m^[22m[39m[31m[1m^[22m[39m[31m[1m^[22m[39m[31m[1m^[22m[39m[31m[1m^[22m[39m[31m[1m^[22m[39m[31m[1m^[22m[39m[31m[1m^[22m[39m[31m[1m^[22m[39m[31m[1m^[22m[39m[31m[1m^[22m[39m[31m[1m^[22m[39m[31m[1m^[22m[39m[31m[1m^[22m[39m[31m[1m^[22m[39m[31m[1m^[22m[39m[31m[1m^[22m[39m[31m[1m^[22m[39m[31m[1m^[22m[39m[31m[1m^[22m[39m[31m[1m^[22m[39m[31m[1m^[22m[39m[31m[1m^[22m[39m[31m[1m^[22m[39m[31m[1m^[22m[39m[31m[1m^[22m[39m[31m[1m^[22m[39m
 [90m 7 |[39m [36mimport[39m { [33mResultsSection[39m } [36mfrom[39m [32m"@/sections/ResultsSection"[39m[33m;[39m
 [90m 8 |[39m [36mimport[39m { [33mConfiguratorSection[39m } [36mfrom[39m [32m"@/sections/ConfiguratorSection"[39m[33m;[39m
 [90m 9 |[39m [36mimport[39m { [33mTestimonialsSection[39m } [36mfrom[39m [32m"@/sections/TestimonialsSection"[39m[33m;[39m[0m

Import map: aliased to relative './src/sections/PricingSection' inside of [project]/


Import traces:
  Client Component Browser:
    ./src/app/page.tsx [Client Component Browser]
    ./src/app/page.tsx [Server Component]

  Client Component SSR:
    ./src/app/page.tsx [Client Component SSR]
    ./src/app/page.tsx [Server Component]

https://nextjs.org/docs/messages/module-not-found


⨯ ./src/app/page.tsx:10:1
Module not found: Can't resolve '@/sections/QuoteSection'
[0m [90m  8 |[39m [36mimport[39m { [33mConfiguratorSection[39m } [36mfrom[39m [32m"@/sections/ConfiguratorSection"[39m[33m;[39m
 [90m  9 |[39m [36mimport[39m { [33mTestimonialsSection[39m } [36mfrom[39m [32m"@/sections/TestimonialsSection"[39m[33m;[39m
[31m[1m>[22m[39m[90m 10 |[39m [36mimport[39m { [33mQuoteSection[39m } [36mfrom[39m [32m"@/sections/QuoteSection"[39m[33m;[39m
 [90m    |[39m [31m[1m^[22m[39m[31m[1m^[22m[39m[31m[1m^[22m[39m[31m[1m^[22m[39m[31m[1m^[22m[39m[31m[1m^[22m[39m[31m[1m^[22m[39m[31m[1m^[22m[39m[31m[1m^[22m[39m[31m[1m^[22m[39m[31m[1m^[22m[39m[31m[1m^[22m[39m[31m[1m^[22m[39m[31m[1m^[22m[39m[31m[1m^[22m[39m[31m[1m^[22m[39m[31m[1m^[22m[39m[31m[1m^[22m[39m[31m[1m^[22m[39m[31m[1m^[22m[39m[31m[1m^[22m[39m[31m[1m^[22m[39m[31m[1m^[22m[39m[31m[1m^[22m[39m[31m[1m^[22m[39m[31m[1m^[22m[39m[31m[1m^[22m[39m[31m[1m^[22m[39m[31m[1m^[22m[39m[31m[1m^[22m[39m[31m[1m^[22m[39m[31m[1m^[22m[39m[31m[1m^[22m[39m[31m[1m^[22m[39m[31m[1m^[22m[39m[31m[1m^[22m[39m[31m[1m^[22m[39m[31m[1m^[22m[39m[31m[1m^[22m[39m[31m[1m^[22m[39m[31m[1m^[22m[39m[31m[1m^[22m[39m[31m[1m^[22m[39m[31m[1m^[22m[39m[31m[1m^[22m[39m[31m[1m^[22m[39m[31m[1m^[22m[39m[31m[1m^[22m[39m[31m[1m^[22m[39m[31m[1m^[22m[39m[31m[1m^[22m[39m[31m[1m^[22m[39m[31m[1m^[22m[39m[31m[1m^[22m[39m[31m[1m^[22m[39m
 [90m 11 |[39m [36mimport[39m { [33mFooter[39m } [36mfrom[39m [32m"@/components/Footer"[39m[33m;[39m
 [90m 12 |[39m
 [90m 13 |[39m [36mconst[39m [33mFADE_UP_ANIMATION_VARIANTS[39m [33m=[39m {[0m

Import map: aliased to relative './src/sections/QuoteSection' inside of [project]/


Import traces:
  Client Component Browser:
    ./src/app/page.tsx [Client Component Browser]
    ./src/app/page.tsx [Server Component]

  Client Component SSR:
    ./src/app/page.tsx [Client Component SSR]
    ./src/app/page.tsx [Server Component]

https://nextjs.org/docs/messages/module-not-found


⨯ ./src/app/page.tsx:10:1
Module not found: Can't resolve '@/sections/QuoteSection'
[0m [90m  8 |[39m [36mimport[39m { [33mConfiguratorSection[39m } [36mfrom[39m [32m"@/sections/ConfiguratorSection"[39m[33m;[39m
 [90m  9 |[39m [36mimport[39m { [33mTestimonialsSection[39m } [36mfrom[39m [32m"@/sections/TestimonialsSection"[39m[33m;[39m
[31m[1m>[22m[39m[90m 10 |[39m [36mimport[39m { [33mQuoteSection[39m } [36mfrom[39m [32m"@/sections/QuoteSection"[39m[33m;[39m
 [90m    |[39m [31m[1m^[22m[39m[31m[1m^[22m[39m[31m[1m^[22m[39m[31m[1m^[22m[39m[31m[1m^[22m[39m[31m[1m^[22m[39m[31m[1m^[22m[39m[31m[1m^[22m[39m[31m[1m^[22m[39m[31m[1m^[22m[39m[31m[1m^[22m[39m[31m[1m^[22m[39m[31m[1m^[22m[39m[31m[1m^[22m[39m[31m[1m^[22m[39m[31m[1m^[22m[39m[31m[1m^[22m[39m[31m[1m^[22m[39m[31m[1m^[22m[39m[31m[1m^[22m[39m[31m[1m^[22m[39m[31m[1m^[22m[39m[31m[1m^[22m[39m[31m[1m^[22m[39m[31m[1m^[22m[39m[31m[1m^[22m[39m[31m[1m^[22m[39m[31m[1m^[22m[39m[31m[1m^[22m[39m[31m[1m^[22m[39m[31m[1m^[22m[39m[31m[1m^[22m[39m[31m[1m^[22m[39m[31m[1m^[22m[39m[31m[1m^[22m[39m[31m[1m^[22m[39m[31m[1m^[22m[39m[31m[1m^[22m[39m[31m[1m^[22m[39m[31m[1m^[22m[39m[31m[1m^[22m[39m[31m[1m^[22m[39m[31m[1m^[22m[39m[31m[1m^[22m[39m[31m[1m^[22m[39m[31m[1m^[22m[39m[31m[1m^[22m[39m[31m[1m^[22m[39m[31m[1m^[22m[39m[31m[1m^[22m[39m[31m[1m^[22m[39m[31m[1m^[22m[39m[31m[1m^[22m[39m[31m[1m^[22m[39m[31m[1m^[22m[39m
 [90m 11 |[39m [36mimport[39m { [33mFooter[39m } [36mfrom[39m [32m"@/components/Footer"[39m[33m;[39m
 [90m 12 |[39m
 [90m 13 |[39m [36mconst[39m [33mFADE_UP_ANIMATION_VARIANTS[39m [33m=[39m {[0m

Import map: aliased to relative './src/sections/QuoteSection' inside of [project]/


Import traces:
  Client Component Browser:
    ./src/app/page.tsx [Client Component Browser]
    ./src/app/page.tsx [Server Component]

  Client Component SSR:
    ./src/app/page.tsx [Client Component SSR]
    ./src/app/page.tsx [Server Component]

https://nextjs.org/docs/messages/module-not-found


⨯ ./src/app/page.tsx:10:1
Module not found: Can't resolve '@/sections/QuoteSection'
[0m [90m  8 |[39m [36mimport[39m { [33mConfiguratorSection[39m } [36mfrom[39m [32m"@/sections/ConfiguratorSection"[39m[33m;[39m
 [90m  9 |[39m [36mimport[39m { [33mTestimonialsSection[39m } [36mfrom[39m [32m"@/sections/TestimonialsSection"[39m[33m;[39m
[31m[1m>[22m[39m[90m 10 |[39m [36mimport[39m { [33mQuoteSection[39m } [36mfrom[39m [32m"@/sections/QuoteSection"[39m[33m;[39m
 [90m    |[39m [31m[1m^[22m[39m[31m[1m^[22m[39m[31m[1m^[22m[39m[31m[1m^[22m[39m[31m[1m^[22m[39m[31m[1m^[22m[39m[31m[1m^[22m[39m[31m[1m^[22m[39m[31m[1m^[22m[39m[31m[1m^[22m[39m[31m[1m^[22m[39m[31m[1m^[22m[39m[31m[1m^[22m[39m[31m[1m^[22m[39m[31m[1m^[22m[39m[31m[1m^[22m[39m[31m[1m^[22m[39m[31m[1m^[22m[39m[31m[1m^[22m[39m[31m[1m^[22m[39m[31m[1m^[22m[39m[31m[1m^[22m[39m[31m[1m^[22m[39m[31m[1m^[22m[39m[31m[1m^[22m[39m[31m[1m^[22m[39m[31m[1m^[22m[39m[31m[1m^[22m[39m[31m[1m^[22m[39m[31m[1m^[22m[39m[31m[1m^[22m[39m[31m[1m^[22m[39m[31m[1m^[22m[39m[31m[1m^[22m[39m[31m[1m^[22m[39m[31m[1m^[22m[39m[31m[1m^[22m[39m[31m[1m^[22m[39m[31m[1m^[22m[39m[31m[1m^[22m[39m[31m[1m^[22m[39m[31m[1m^[22m[39m[31m[1m^[22m[39m[31m[1m^[22m[39m[31m[1m^[22m[39m[31m[1m^[22m[39m[31m[1m^[22m[39m[31m[1m^[22m[39m[31m[1m^[22m[39m[31m[1m^[22m[39m[31m[1m^[22m[39m[31m[1m^[22m[39m[31m[1m^[22m[39m[31m[1m^[22m[39m[31m[1m^[22m[39m
 [90m 11 |[39m [36mimport[39m { [33mFooter[39m } [36mfrom[39m [32m"@/components/Footer"[39m[33m;[39m
 [90m 12 |[39m
 [90m 13 |[39m [36mconst[39m [33mFADE_UP_ANIMATION_VARIANTS[39m [33m=[39m {[0m

Import map: aliased to relative './src/sections/QuoteSection' inside of [project]/


Import traces:
  Client Component Browser:
    ./src/app/page.tsx [Client Component Browser]
    ./src/app/page.tsx [Server Component]

  Client Component SSR:
    ./src/app/page.tsx [Client Component SSR]
    ./src/app/page.tsx [Server Component]

https://nextjs.org/docs/messages/module-not-found


⨯ ./src/app/page.tsx:10:1
Module not found: Can't resolve '@/sections/QuoteSection'
[0m [90m  8 |[39m [36mimport[39m { [33mConfiguratorSection[39m } [36mfrom[39m [32m"@/sections/ConfiguratorSection"[39m[33m;[39m
 [90m  9 |[39m [36mimport[39m { [33mTestimonialsSection[39m } [36mfrom[39m [32m"@/sections/TestimonialsSection"[39m[33m;[39m
[31m[1m>[22m[39m[90m 10 |[39m [36mimport[39m { [33mQuoteSection[39m } [36mfrom[39m [32m"@/sections/QuoteSection"[39m[33m;[39m
 [90m    |[39m [31m[1m^[22m[39m[31m[1m^[22m[39m[31m[1m^[22m[39m[31m[1m^[22m[39m[31m[1m^[22m[39m[31m[1m^[22m[39m[31m[1m^[22m[39m[31m[1m^[22m[39m[31m[1m^[22m[39m[31m[1m^[22m[39m[31m[1m^[22m[39m[31m[1m^[22m[39m[31m[1m^[22m[39m[31m[1m^[22m[39m[31m[1m^[22m[39m[31m[1m^[22m[39m[31m[1m^[22m[39m[31m[1m^[22m[39m[31m[1m^[22m[39m[31m[1m^[22m[39m[31m[1m^[22m[39m[31m[1m^[22m[39m[31m[1m^[22m[39m[31m[1m^[22m[39m[31m[1m^[22m[39m[31m[1m^[22m[39m[31m[1m^[22m[39m[31m[1m^[22m[39m[31m[1m^[22m[39m[31m[1m^[22m[39m[31m[1m^[22m[39m[31m[1m^[22m[39m[31m[1m^[22m[39m[31m[1m^[22m[39m[31m[1m^[22m[39m[31m[1m^[22m[39m[31m[1m^[22m[39m[31m[1m^[22m[39m[31m[1m^[22m[39m[31m[1m^[22m[39m[31m[1m^[22m[39m[31m[1m^[22m[39m[31m[1m^[22m[39m[31m[1m^[22m[39m[31m[1m^[22m[39m[31m[1m^[22m[39m[31m[1m^[22m[39m[31m[1m^[22m[39m[31m[1m^[22m[39m[31m[1m^[22m[39m[31m[1m^[22m[39m[31m[1m^[22m[39m[31m[1m^[22m[39m[31m[1m^[22m[39m[31m[1m^[22m[39m
 [90m 11 |[39m [36mimport[39m { [33mFooter[39m } [36mfrom[39m [32m"@/components/Footer"[39m[33m;[39m
 [90m 12 |[39m
 [90m 13 |[39m [36mconst[39m [33mFADE_UP_ANIMATION_VARIANTS[39m [33m=[39m {[0m

Import map: aliased to relative './src/sections/QuoteSection' inside of [project]/


Import traces:
  Client Component Browser:
    ./src/app/page.tsx [Client Component Browser]
    ./src/app/page.tsx [Server Component]

  Client Component SSR:
    ./src/app/page.tsx [Client Component SSR]
    ./src/app/page.tsx [Server Component]

https://nextjs.org/docs/messages/module-not-found


⨯ ./src/app/page.tsx:7:1
Module not found: Can't resolve '@/sections/ResultsSection'
[0m [90m  5 |[39m [36mimport[39m { [33mHeroSection[39m } [36mfrom[39m [32m"@/sections/HeroSection"[39m[33m;[39m
 [90m  6 |[39m [36mimport[39m { [33mPricingSection[39m } [36mfrom[39m [32m"@/sections/PricingSection"[39m[33m;[39m
[31m[1m>[22m[39m[90m  7 |[39m [36mimport[39m { [33mResultsSection[39m } [36mfrom[39m [32m"@/sections/ResultsSection"[39m[33m;[39m
 [90m    |[39m [31m[1m^[22m[39m[31m[1m^[22m[39m[31m[1m^[22m[39m[31m[1m^[22m[39m[31m[1m^[22m[39m[31m[1m^[22m[39m[31m[1m^[22m[39m[31m[1m^[22m[39m[31m[1m^[22m[39m[31m[1m^[22m[39m[31m[1m^[22m[39m[31m[1m^[22m[39m[31m[1m^[22m[39m[31m[1m^[22m[39m[31m[1m^[22m[39m[31m[1m^[22m[39m[31m[1m^[22m[39m[31m[1m^[22m[39m[31m[1m^[22m[39m[31m[1m^[22m[39m[31m[1m^[22m[39m[31m[1m^[22m[39m[31m[1m^[22m[39m[31m[1m^[22m[39m[31m[1m^[22m[39m[31m[1m^[22m[39m[31m[1m^[22m[39m[31m[1m^[22m[39m[31m[1m^[22m[39m[31m[1m^[22m[39m[31m[1m^[22m[39m[31m[1m^[22m[39m[31m[1m^[22m[39m[31m[1m^[22m[39m[31m[1m^[22m[39m[31m[1m^[22m[39m[31m[1m^[22m[39m[31m[1m^[22m[39m[31m[1m^[22m[39m[31m[1m^[22m[39m[31m[1m^[22m[39m[31m[1m^[22m[39m[31m[1m^[22m[39m[31m[1m^[22m[39m[31m[1m^[22m[39m[31m[1m^[22m[39m[31m[1m^[22m[39m[31m[1m^[22m[39m[31m[1m^[22m[39m[31m[1m^[22m[39m[31m[1m^[22m[39m[31m[1m^[22m[39m[31m[1m^[22m[39m[31m[1m^[22m[39m[31m[1m^[22m[39m[31m[1m^[22m[39m[31m[1m^[22m[39m[31m[1m^[22m[39m[31m[1m^[22m[39m
 [90m  8 |[39m [36mimport[39m { [33mConfiguratorSection[39m } [36mfrom[39m [32m"@/sections/ConfiguratorSection"[39m[33m;[39m
 [90m  9 |[39m [36mimport[39m { [33mTestimonialsSection[39m } [36mfrom[39m [32m"@/sections/TestimonialsSection"[39m[33m;[39m
 [90m 10 |[39m [36mimport[39m { [33mQuoteSection[39m } [36mfrom[39m [32m"@/sections/QuoteSection"[39m[33m;[39m[0m

Import map: aliased to relative './src/sections/ResultsSection' inside of [project]/


Import traces:
  Client Component Browser:
    ./src/app/page.tsx [Client Component Browser]
    ./src/app/page.tsx [Server Component]

  Client Component SSR:
    ./src/app/page.tsx [Client Component SSR]
    ./src/app/page.tsx [Server Component]

https://nextjs.org/docs/messages/module-not-found


⨯ ./src/app/page.tsx:7:1
Module not found: Can't resolve '@/sections/ResultsSection'
[0m [90m  5 |[39m [36mimport[39m { [33mHeroSection[39m } [36mfrom[39m [32m"@/sections/HeroSection"[39m[33m;[39m
 [90m  6 |[39m [36mimport[39m { [33mPricingSection[39m } [36mfrom[39m [32m"@/sections/PricingSection"[39m[33m;[39m
[31m[1m>[22m[39m[90m  7 |[39m [36mimport[39m { [33mResultsSection[39m } [36mfrom[39m [32m"@/sections/ResultsSection"[39m[33m;[39m
 [90m    |[39m [31m[1m^[22m[39m[31m[1m^[22m[39m[31m[1m^[22m[39m[31m[1m^[22m[39m[31m[1m^[22m[39m[31m[1m^[22m[39m[31m[1m^[22m[39m[31m[1m^[22m[39m[31m[1m^[22m[39m[31m[1m^[22m[39m[31m[1m^[22m[39m[31m[1m^[22m[39m[31m[1m^[22m[39m[31m[1m^[22m[39m[31m[1m^[22m[39m[31m[1m^[22m[39m[31m[1m^[22m[39m[31m[1m^[22m[39m[31m[1m^[22m[39m[31m[1m^[22m[39m[31m[1m^[22m[39m[31m[1m^[22m[39m[31m[1m^[22m[39m[31m[1m^[22m[39m[31m[1m^[22m[39m[31m[1m^[22m[39m[31m[1m^[22m[39m[31m[1m^[22m[39m[31m[1m^[22m[39m[31m[1m^[22m[39m[31m[1m^[22m[39m[31m[1m^[22m[39m[31m[1m^[22m[39m[31m[1m^[22m[39m[31m[1m^[22m[39m[31m[1m^[22m[39m[31m[1m^[22m[39m[31m[1m^[22m[39m[31m[1m^[22m[39m[31m[1m^[22m[39m[31m[1m^[22m[39m[31m[1m^[22m[39m[31m[1m^[22m[39m[31m[1m^[22m[39m[31m[1m^[22m[39m[31m[1m^[22m[39m[31m[1m^[22m[39m[31m[1m^[22m[39m[31m[1m^[22m[39m[31m[1m^[22m[39m[31m[1m^[22m[39m[31m[1m^[22m[39m[31m[1m^[22m[39m[31m[1m^[22m[39m[31m[1m^[22m[39m[31m[1m^[22m[39m[31m[1m^[22m[39m[31m[1m^[22m[39m[31m[1m^[22m[39m
 [90m  8 |[39m [36mimport[39m { [33mConfiguratorSection[39m } [36mfrom[39m [32m"@/sections/ConfiguratorSection"[39m[33m;[39m
 [90m  9 |[39m [36mimport[39m { [33mTestimonialsSection[39m } [36mfrom[39m [32m"@/sections/TestimonialsSection"[39m[33m;[39m
 [90m 10 |[39m [36mimport[39m { [33mQuoteSection[39m } [36mfrom[39m [32m"@/sections/QuoteSection"[39m[33m;[39m[0m

Import map: aliased to relative './src/sections/ResultsSection' inside of [project]/


Import traces:
  Client Component Browser:
    ./src/app/page.tsx [Client Component Browser]
    ./src/app/page.tsx [Server Component]

  Client Component SSR:
    ./src/app/page.tsx [Client Component SSR]
    ./src/app/page.tsx [Server Component]

https://nextjs.org/docs/messages/module-not-found


⨯ ./src/app/page.tsx:7:1
Module not found: Can't resolve '@/sections/ResultsSection'
[0m [90m  5 |[39m [36mimport[39m { [33mHeroSection[39m } [36mfrom[39m [32m"@/sections/HeroSection"[39m[33m;[39m
 [90m  6 |[39m [36mimport[39m { [33mPricingSection[39m } [36mfrom[39m [32m"@/sections/PricingSection"[39m[33m;[39m
[31m[1m>[22m[39m[90m  7 |[39m [36mimport[39m { [33mResultsSection[39m } [36mfrom[39m [32m"@/sections/ResultsSection"[39m[33m;[39m
 [90m    |[39m [31m[1m^[22m[39m[31m[1m^[22m[39m[31m[1m^[22m[39m[31m[1m^[22m[39m[31m[1m^[22m[39m[31m[1m^[22m[39m[31m[1m^[22m[39m[31m[1m^[22m[39m[31m[1m^[22m[39m[31m[1m^[22m[39m[31m[1m^[22m[39m[31m[1m^[22m[39m[31m[1m^[22m[39m[31m[1m^[22m[39m[31m[1m^[22m[39m[31m[1m^[22m[39m[31m[1m^[22m[39m[31m[1m^[22m[39m[31m[1m^[22m[39m[31m[1m^[22m[39m[31m[1m^[22m[39m[31m[1m^[22m[39m[31m[1m^[22m[39m[31m[1m^[22m[39m[31m[1m^[22m[39m[31m[1m^[22m[39m[31m[1m^[22m[39m[31m[1m^[22m[39m[31m[1m^[22m[39m[31m[1m^[22m[39m[31m[1m^[22m[39m[31m[1m^[22m[39m[31m[1m^[22m[39m[31m[1m^[22m[39m[31m[1m^[22m[39m[31m[1m^[22m[39m[31m[1m^[22m[39m[31m[1m^[22m[39m[31m[1m^[22m[39m[31m[1m^[22m[39m[31m[1m^[22m[39m[31m[1m^[22m[39m[31m[1m^[22m[39m[31m[1m^[22m[39m[31m[1m^[22m[39m[31m[1m^[22m[39m[31m[1m^[22m[39m[31m[1m^[22m[39m[31m[1m^[22m[39m[31m[1m^[22m[39m[31m[1m^[22m[39m[31m[1m^[22m[39m[31m[1m^[22m[39m[31m[1m^[22m[39m[31m[1m^[22m[39m[31m[1m^[22m[39m[31m[1m^[22m[39m[31m[1m^[22m[39m[31m[1m^[22m[39m
 [90m  8 |[39m [36mimport[39m { [33mConfiguratorSection[39m } [36mfrom[39m [32m"@/sections/ConfiguratorSection"[39m[33m;[39m
 [90m  9 |[39m [36mimport[39m { [33mTestimonialsSection[39m } [36mfrom[39m [32m"@/sections/TestimonialsSection"[39m[33m;[39m
 [90m 10 |[39m [36mimport[39m { [33mQuoteSection[39m } [36mfrom[39m [32m"@/sections/QuoteSection"[39m[33m;[39m[0m

Import map: aliased to relative './src/sections/ResultsSection' inside of [project]/


Import traces:
  Client Component Browser:
    ./src/app/page.tsx [Client Component Browser]
    ./src/app/page.tsx [Server Component]

  Client Component SSR:
    ./src/app/page.tsx [Client Component SSR]
    ./src/app/page.tsx [Server Component]

https://nextjs.org/docs/messages/module-not-found


⨯ ./src/app/page.tsx:7:1
Module not found: Can't resolve '@/sections/ResultsSection'
[0m [90m  5 |[39m [36mimport[39m { [33mHeroSection[39m } [36mfrom[39m [32m"@/sections/HeroSection"[39m[33m;[39m
 [90m  6 |[39m [36mimport[39m { [33mPricingSection[39m } [36mfrom[39m [32m"@/sections/PricingSection"[39m[33m;[39m
[31m[1m>[22m[39m[90m  7 |[39m [36mimport[39m { [33mResultsSection[39m } [36mfrom[39m [32m"@/sections/ResultsSection"[39m[33m;[39m
 [90m    |[39m [31m[1m^[22m[39m[31m[1m^[22m[39m[31m[1m^[22m[39m[31m[1m^[22m[39m[31m[1m^[22m[39m[31m[1m^[22m[39m[31m[1m^[22m[39m[31m[1m^[22m[39m[31m[1m^[22m[39m[31m[1m^[22m[39m[31m[1m^[22m[39m[31m[1m^[22m[39m[31m[1m^[22m[39m[31m[1m^[22m[39m[31m[1m^[22m[39m[31m[1m^[22m[39m[31m[1m^[22m[39m[31m[1m^[22m[39m[31m[1m^[22m[39m[31m[1m^[22m[39m[31m[1m^[22m[39m[31m[1m^[22m[39m[31m[1m^[22m[39m[31m[1m^[22m[39m[31m[1m^[22m[39m[31m[1m^[22m[39m[31m[1m^[22m[39m[31m[1m^[22m[39m[31m[1m^[22m[39m[31m[1m^[22m[39m[31m[1m^[22m[39m[31m[1m^[22m[39m[31m[1m^[22m[39m[31m[1m^[22m[39m[31m[1m^[22m[39m[31m[1m^[22m[39m[31m[1m^[22m[39m[31m[1m^[22m[39m[31m[1m^[22m[39m[31m[1m^[22m[39m[31m[1m^[22m[39m[31m[1m^[22m[39m[31m[1m^[22m[39m[31m[1m^[22m[39m[31m[1m^[22m[39m[31m[1m^[22m[39m[31m[1m^[22m[39m[31m[1m^[22m[39m[31m[1m^[22m[39m[31m[1m^[22m[39m[31m[1m^[22m[39m[31m[1m^[22m[39m[31m[1m^[22m[39m[31m[1m^[22m[39m[31m[1m^[22m[39m[31m[1m^[22m[39m[31m[1m^[22m[39m[31m[1m^[22m[39m[31m[1m^[22m[39m
 [90m  8 |[39m [36mimport[39m { [33mConfiguratorSection[39m } [36mfrom[39m [32m"@/sections/ConfiguratorSection"[39m[33m;[39m
 [90m  9 |[39m [36mimport[39m { [33mTestimonialsSection[39m } [36mfrom[39m [32m"@/sections/TestimonialsSection"[39m[33m;[39m
 [90m 10 |[39m [36mimport[39m { [33mQuoteSection[39m } [36mfrom[39m [32m"@/sections/QuoteSection"[39m[33m;[39m[0m

Import map: aliased to relative './src/sections/ResultsSection' inside of [project]/


Import traces:
  Client Component Browser:
    ./src/app/page.tsx [Client Component Browser]
    ./src/app/page.tsx [Server Component]

  Client Component SSR:
    ./src/app/page.tsx [Client Component SSR]
    ./src/app/page.tsx [Server Component]

https://nextjs.org/docs/messages/module-not-found


⨯ ./src/app/page.tsx:9:1
Module not found: Can't resolve '@/sections/TestimonialsSection'
[0m [90m  7 |[39m [36mimport[39m { [33mResultsSection[39m } [36mfrom[39m [32m"@/sections/ResultsSection"[39m[33m;[39m
 [90m  8 |[39m [36mimport[39m { [33mConfiguratorSection[39m } [36mfrom[39m [32m"@/sections/ConfiguratorSection"[39m[33m;[39m
[31m[1m>[22m[39m[90m  9 |[39m [36mimport[39m { [33mTestimonialsSection[39m } [36mfrom[39m [32m"@/sections/TestimonialsSection"[39m[33m;[39m
 [90m    |[39m [31m[1m^[22m[39m[31m[1m^[22m[39m[31m[1m^[22m[39m[31m[1m^[22m[39m[31m[1m^[22m[39m[31m[1m^[22m[39m[31m[1m^[22m[39m[31m[1m^[22m[39m[31m[1m^[22m[39m[31m[1m^[22m[39m[31m[1m^[22m[39m[31m[1m^[22m[39m[31m[1m^[22m[39m[31m[1m^[22m[39m[31m[1m^[22m[39m[31m[1m^[22m[39m[31m[1m^[22m[39m[31m[1m^[22m[39m[31m[1m^[22m[39m[31m[1m^[22m[39m[31m[1m^[22m[39m[31m[1m^[22m[39m[31m[1m^[22m[39m[31m[1m^[22m[39m[31m[1m^[22m[39m[31m[1m^[22m[39m[31m[1m^[22m[39m[31m[1m^[22m[39m[31m[1m^[22m[39m[31m[1m^[22m[39m[31m[1m^[22m[39m[31m[1m^[22m[39m[31m[1m^[22m[39m[31m[1m^[22m[39m[31m[1m^[22m[39m[31m[1m^[22m[39m[31m[1m^[22m[39m[31m[1m^[22m[39m[31m[1m^[22m[39m[31m[1m^[22m[39m[31m[1m^[22m[39m[31m[1m^[22m[39m[31m[1m^[22m[39m[31m[1m^[22m[39m[31m[1m^[22m[39m[31m[1m^[22m[39m[31m[1m^[22m[39m[31m[1m^[22m[39m[31m[1m^[22m[39m[31m[1m^[22m[39m[31m[1m^[22m[39m[31m[1m^[22m[39m[31m[1m^[22m[39m[31m[1m^[22m[39m[31m[1m^[22m[39m[31m[1m^[22m[39m[31m[1m^[22m[39m[31m[1m^[22m[39m[31m[1m^[22m[39m[31m[1m^[22m[39m[31m[1m^[22m[39m[31m[1m^[22m[39m[31m[1m^[22m[39m[31m[1m^[22m[39m[31m[1m^[22m[39m[31m[1m^[22m[39m[31m[1m^[22m[39m[31m[1m^[22m[39m[31m[1m^[22m[39m
 [90m 10 |[39m [36mimport[39m { [33mQuoteSection[39m } [36mfrom[39m [32m"@/sections/QuoteSection"[39m[33m;[39m
 [90m 11 |[39m [36mimport[39m { [33mFooter[39m } [36mfrom[39m [32m"@/components/Footer"[39m[33m;[39m
 [90m 12 |[39m[0m

Import map: aliased to relative './src/sections/TestimonialsSection' inside of [project]/


Import traces:
  Client Component Browser:
    ./src/app/page.tsx [Client Component Browser]
    ./src/app/page.tsx [Server Component]

  Client Component SSR:
    ./src/app/page.tsx [Client Component SSR]
    ./src/app/page.tsx [Server Component]

https://nextjs.org/docs/messages/module-not-found


⨯ ./src/app/page.tsx:9:1
Module not found: Can't resolve '@/sections/TestimonialsSection'
[0m [90m  7 |[39m [36mimport[39m { [33mResultsSection[39m } [36mfrom[39m [32m"@/sections/ResultsSection"[39m[33m;[39m
 [90m  8 |[39m [36mimport[39m { [33mConfiguratorSection[39m } [36mfrom[39m [32m"@/sections/ConfiguratorSection"[39m[33m;[39m
[31m[1m>[22m[39m[90m  9 |[39m [36mimport[39m { [33mTestimonialsSection[39m } [36mfrom[39m [32m"@/sections/TestimonialsSection"[39m[33m;[39m
 [90m    |[39m [31m[1m^[22m[39m[31m[1m^[22m[39m[31m[1m^[22m[39m[31m[1m^[22m[39m[31m[1m^[22m[39m[31m[1m^[22m[39m[31m[1m^[22m[39m[31m[1m^[22m[39m[31m[1m^[22m[39m[31m[1m^[22m[39m[31m[1m^[22m[39m[31m[1m^[22m[39m[31m[1m^[22m[39m[31m[1m^[22m[39m[31m[1m^[22m[39m[31m[1m^[22m[39m[31m[1m^[22m[39m[31m[1m^[22m[39m[31m[1m^[22m[39m[31m[1m^[22m[39m[31m[1m^[22m[39m[31m[1m^[22m[39m[31m[1m^[22m[39m[31m[1m^[22m[39m[31m[1m^[22m[39m[31m[1m^[22m[39m[31m[1m^[22m[39m[31m[1m^[22m[39m[31m[1m^[22m[39m[31m[1m^[22m[39m[31m[1m^[22m[39m[31m[1m^[22m[39m[31m[1m^[22m[39m[31m[1m^[22m[39m[31m[1m^[22m[39m[31m[1m^[22m[39m[31m[1m^[22m[39m[31m[1m^[22m[39m[31m[1m^[22m[39m[31m[1m^[22m[39m[31m[1m^[22m[39m[31m[1m^[22m[39m[31m[1m^[22m[39m[31m[1m^[22m[39m[31m[1m^[22m[39m[31m[1m^[22m[39m[31m[1m^[22m[39m[31m[1m^[22m[39m[31m[1m^[22m[39m[31m[1m^[22m[39m[31m[1m^[22m[39m[31m[1m^[22m[39m[31m[1m^[22m[39m[31m[1m^[22m[39m[31m[1m^[22m[39m[31m[1m^[22m[39m[31m[1m^[22m[39m[31m[1m^[22m[39m[31m[1m^[22m[39m[31m[1m^[22m[39m[31m[1m^[22m[39m[31m[1m^[22m[39m[31m[1m^[22m[39m[31m[1m^[22m[39m[31m[1m^[22m[39m[31m[1m^[22m[39m[31m[1m^[22m[39m[31m[1m^[22m[39m[31m[1m^[22m[39m
 [90m 10 |[39m [36mimport[39m { [33mQuoteSection[39m } [36mfrom[39m [32m"@/sections/QuoteSection"[39m[33m;[39m
 [90m 11 |[39m [36mimport[39m { [33mFooter[39m } [36mfrom[39m [32m"@/components/Footer"[39m[33m;[39m
 [90m 12 |[39m[0m

Import map: aliased to relative './src/sections/TestimonialsSection' inside of [project]/


Import traces:
  Client Component Browser:
    ./src/app/page.tsx [Client Component Browser]
    ./src/app/page.tsx [Server Component]

  Client Component SSR:
    ./src/app/page.tsx [Client Component SSR]
    ./src/app/page.tsx [Server Component]

https://nextjs.org/docs/messages/module-not-found


⨯ ./src/app/page.tsx:9:1
Module not found: Can't resolve '@/sections/TestimonialsSection'
[0m [90m  7 |[39m [36mimport[39m { [33mResultsSection[39m } [36mfrom[39m [32m"@/sections/ResultsSection"[39m[33m;[39m
 [90m  8 |[39m [36mimport[39m { [33mConfiguratorSection[39m } [36mfrom[39m [32m"@/sections/ConfiguratorSection"[39m[33m;[39m
[31m[1m>[22m[39m[90m  9 |[39m [36mimport[39m { [33mTestimonialsSection[39m } [36mfrom[39m [32m"@/sections/TestimonialsSection"[39m[33m;[39m
 [90m    |[39m [31m[1m^[22m[39m[31m[1m^[22m[39m[31m[1m^[22m[39m[31m[1m^[22m[39m[31m[1m^[22m[39m[31m[1m^[22m[39m[31m[1m^[22m[39m[31m[1m^[22m[39m[31m[1m^[22m[39m[31m[1m^[22m[39m[31m[1m^[22m[39m[31m[1m^[22m[39m[31m[1m^[22m[39m[31m[1m^[22m[39m[31m[1m^[22m[39m[31m[1m^[22m[39m[31m[1m^[22m[39m[31m[1m^[22m[39m[31m[1m^[22m[39m[31m[1m^[22m[39m[31m[1m^[22m[39m[31m[1m^[22m[39m[31m[1m^[22m[39m[31m[1m^[22m[39m[31m[1m^[22m[39m[31m[1m^[22m[39m[31m[1m^[22m[39m[31m[1m^[22m[39m[31m[1m^[22m[39m[31m[1m^[22m[39m[31m[1m^[22m[39m[31m[1m^[22m[39m[31m[1m^[22m[39m[31m[1m^[22m[39m[31m[1m^[22m[39m[31m[1m^[22m[39m[31m[1m^[22m[39m[31m[1m^[22m[39m[31m[1m^[22m[39m[31m[1m^[22m[39m[31m[1m^[22m[39m[31m[1m^[22m[39m[31m[1m^[22m[39m[31m[1m^[22m[39m[31m[1m^[22m[39m[31m[1m^[22m[39m[31m[1m^[22m[39m[31m[1m^[22m[39m[31m[1m^[22m[39m[31m[1m^[22m[39m[31m[1m^[22m[39m[31m[1m^[22m[39m[31m[1m^[22m[39m[31m[1m^[22m[39m[31m[1m^[22m[39m[31m[1m^[22m[39m[31m[1m^[22m[39m[31m[1m^[22m[39m[31m[1m^[22m[39m[31m[1m^[22m[39m[31m[1m^[22m[39m[31m[1m^[22m[39m[31m[1m^[22m[39m[31m[1m^[22m[39m[31m[1m^[22m[39m[31m[1m^[22m[39m[31m[1m^[22m[39m[31m[1m^[22m[39m[31m[1m^[22m[39m
 [90m 10 |[39m [36mimport[39m { [33mQuoteSection[39m } [36mfrom[39m [32m"@/sections/QuoteSection"[39m[33m;[39m
 [90m 11 |[39m [36mimport[39m { [33mFooter[39m } [36mfrom[39m [32m"@/components/Footer"[39m[33m;[39m
 [90m 12 |[39m[0m

Import map: aliased to relative './src/sections/TestimonialsSection' inside of [project]/


Import traces:
  Client Component Browser:
    ./src/app/page.tsx [Client Component Browser]
    ./src/app/page.tsx [Server Component]

  Client Component SSR:
    ./src/app/page.tsx [Client Component SSR]
    ./src/app/page.tsx [Server Component]

https://nextjs.org/docs/messages/module-not-found


⨯ ./src/app/page.tsx:9:1
Module not found: Can't resolve '@/sections/TestimonialsSection'
[0m [90m  7 |[39m [36mimport[39m { [33mResultsSection[39m } [36mfrom[39m [32m"@/sections/ResultsSection"[39m[33m;[39m
 [90m  8 |[39m [36mimport[39m { [33mConfiguratorSection[39m } [36mfrom[39m [32m"@/sections/ConfiguratorSection"[39m[33m;[39m
[31m[1m>[22m[39m[90m  9 |[39m [36mimport[39m { [33mTestimonialsSection[39m } [36mfrom[39m [32m"@/sections/TestimonialsSection"[39m[33m;[39m
 [90m    |[39m [31m[1m^[22m[39m[31m[1m^[22m[39m[31m[1m^[22m[39m[31m[1m^[22m[39m[31m[1m^[22m[39m[31m[1m^[22m[39m[31m[1m^[22m[39m[31m[1m^[22m[39m[31m[1m^[22m[39m[31m[1m^[22m[39m[31m[1m^[22m[39m[31m[1m^[22m[39m[31m[1m^[22m[39m[31m[1m^[22m[39m[31m[1m^[22m[39m[31m[1m^[22m[39m[31m[1m^[22m[39m[31m[1m^[22m[39m[31m[1m^[22m[39m[31m[1m^[22m[39m[31m[1m^[22m[39m[31m[1m^[22m[39m[31m[1m^[22m[39m[31m[1m^[22m[39m[31m[1m^[22m[39m[31m[1m^[22m[39m[31m[1m^[22m[39m[31m[1m^[22m[39m[31m[1m^[22m[39m[31m[1m^[22m[39m[31m[1m^[22m[39m[31m[1m^[22m[39m[31m[1m^[22m[39m[31m[1m^[22m[39m[31m[1m^[22m[39m[31m[1m^[22m[39m[31m[1m^[22m[39m[31m[1m^[22m[39m[31m[1m^[22m[39m[31m[1m^[22m[39m[31m[1m^[22m[39m[31m[1m^[22m[39m[31m[1m^[22m[39m[31m[1m^[22m[39m[31m[1m^[22m[39m[31m[1m^[22m[39m[31m[1m^[22m[39m[31m[1m^[22m[39m[31m[1m^[22m[39m[31m[1m^[22m[39m[31m[1m^[22m[39m[31m[1m^[22m[39m[31m[1m^[22m[39m[31m[1m^[22m[39m[31m[1m^[22m[39m[31m[1m^[22m[39m[31m[1m^[22m[39m[31m[1m^[22m[39m[31m[1m^[22m[39m[31m[1m^[22m[39m[31m[1m^[22m[39m[31m[1m^[22m[39m[31m[1m^[22m[39m[31m[1m^[22m[39m[31m[1m^[22m[39m[31m[1m^[22m[39m[31m[1m^[22m[39m[31m[1m^[22m[39m[31m[1m^[22m[39m
 [90m 10 |[39m [36mimport[39m { [33mQuoteSection[39m } [36mfrom[39m [32m"@/sections/QuoteSection"[39m[33m;[39m
 [90m 11 |[39m [36mimport[39m { [33mFooter[39m } [36mfrom[39m [32m"@/components/Footer"[39m[33m;[39m
 [90m 12 |[39m[0m

Import map: aliased to relative './src/sections/TestimonialsSection' inside of [project]/


Import traces:
  Client Component Browser:
    ./src/app/page.tsx [Client Component Browser]
    ./src/app/page.tsx [Server Component]

  Client Component SSR:
    ./src/app/page.tsx [Client Component SSR]
    ./src/app/page.tsx [Server Component]

https://nextjs.org/docs/messages/module-not-found


⨯ ./src/app/page.tsx:8:1
Module not found: Can't resolve '@/sections/ConfiguratorSection'
[0m [90m  6 |[39m [36mimport[39m { [33mPricingSection[39m } [36mfrom[39m [32m"@/sections/PricingSection"[39m[33m;[39m
 [90m  7 |[39m [36mimport[39m { [33mResultsSection[39m } [36mfrom[39m [32m"@/sections/ResultsSection"[39m[33m;[39m
[31m[1m>[22m[39m[90m  8 |[39m [36mimport[39m { [33mConfiguratorSection[39m } [36mfrom[39m [32m"@/sections/ConfiguratorSection"[39m[33m;[39m
 [90m    |[39m [31m[1m^[22m[39m[31m[1m^[22m[39m[31m[1m^[22m[39m[31m[1m^[22m[39m[31m[1m^[22m[39m[31m[1m^[22m[39m[31m[1m^[22m[39m[31m[1m^[22m[39m[31m[1m^[22m[39m[31m[1m^[22m[39m[31m[1m^[22m[39m[31m[1m^[22m[39m[31m[1m^[22m[39m[31m[1m^[22m[39m[31m[1m^[22m[39m[31m[1m^[22m[39m[31m[1m^[22m[39m[31m[1m^[22m[39m[31m[1m^[22m[39m[31m[1m^[22m[39m[31m[1m^[22m[39m[31m[1m^[22m[39m[31m[1m^[22m[39m[31m[1m^[22m[39m[31m[1m^[22m[39m[31m[1m^[22m[39m[31m[1m^[22m[39m[31m[1m^[22m[39m[31m[1m^[22m[39m[31m[1m^[22m[39m[31m[1m^[22m[39m[31m[1m^[22m[39m[31m[1m^[22m[39m[31m[1m^[22m[39m[31m[1m^[22m[39m[31m[1m^[22m[39m[31m[1m^[22m[39m[31m[1m^[22m[39m[31m[1m^[22m[39m[31m[1m^[22m[39m[31m[1m^[22m[39m[31m[1m^[22m[39m[31m[1m^[22m[39m[31m[1m^[22m[39m[31m[1m^[22m[39m[31m[1m^[22m[39m[31m[1m^[22m[39m[31m[1m^[22m[39m[31m[1m^[22m[39m[31m[1m^[22m[39m[31m[1m^[22m[39m[31m[1m^[22m[39m[31m[1m^[22m[39m[31m[1m^[22m[39m[31m[1m^[22m[39m[31m[1m^[22m[39m[31m[1m^[22m[39m[31m[1m^[22m[39m[31m[1m^[22m[39m[31m[1m^[22m[39m[31m[1m^[22m[39m[31m[1m^[22m[39m[31m[1m^[22m[39m[31m[1m^[22m[39m[31m[1m^[22m[39m[31m[1m^[22m[39m[31m[1m^[22m[39m[31m[1m^[22m[39m[31m[1m^[22m[39m
 [90m  9 |[39m [36mimport[39m { [33mTestimonialsSection[39m } [36mfrom[39m [32m"@/sections/TestimonialsSection"[39m[33m;[39m
 [90m 10 |[39m [36mimport[39m { [33mQuoteSection[39m } [36mfrom[39m [32m"@/sections/QuoteSection"[39m[33m;[39m
 [90m 11 |[39m [36mimport[39m { [33mFooter[39m } [36mfrom[39m [32m"@/components/Footer"[39m[33m;[39m[0m

Import map: aliased to relative './src/sections/ConfiguratorSection' inside of [project]/


Import traces:
  Client Component Browser:
    ./src/app/page.tsx [Client Component Browser]
    ./src/app/page.tsx [Server Component]

  Client Component SSR:
    ./src/app/page.tsx [Client Component SSR]
    ./src/app/page.tsx [Server Component]

https://nextjs.org/docs/messages/module-not-found


⨯ ./src/app/page.tsx:8:1
Module not found: Can't resolve '@/sections/ConfiguratorSection'
[0m [90m  6 |[39m [36mimport[39m { [33mPricingSection[39m } [36mfrom[39m [32m"@/sections/PricingSection"[39m[33m;[39m
 [90m  7 |[39m [36mimport[39m { [33mResultsSection[39m } [36mfrom[39m [32m"@/sections/ResultsSection"[39m[33m;[39m
[31m[1m>[22m[39m[90m  8 |[39m [36mimport[39m { [33mConfiguratorSection[39m } [36mfrom[39m [32m"@/sections/ConfiguratorSection"[39m[33m;[39m
 [90m    |[39m [31m[1m^[22m[39m[31m[1m^[22m[39m[31m[1m^[22m[39m[31m[1m^[22m[39m[31m[1m^[22m[39m[31m[1m^[22m[39m[31m[1m^[22m[39m[31m[1m^[22m[39m[31m[1m^[22m[39m[31m[1m^[22m[39m[31m[1m^[22m[39m[31m[1m^[22m[39m[31m[1m^[22m[39m[31m[1m^[22m[39m[31m[1m^[22m[39m[31m[1m^[22m[39m[31m[1m^[22m[39m[31m[1m^[22m[39m[31m[1m^[22m[39m[31m[1m^[22m[39m[31m[1m^[22m[39m[31m[1m^[22m[39m[31m[1m^[22m[39m[31m[1m^[22m[39m[31m[1m^[22m[39m[31m[1m^[22m[39m[31m[1m^[22m[39m[31m[1m^[22m[39m[31m[1m^[22m[39m[31m[1m^[22m[39m[31m[1m^[22m[39m[31m[1m^[22m[39m[31m[1m^[22m[39m[31m[1m^[22m[39m[31m[1m^[22m[39m[31m[1m^[22m[39m[31m[1m^[22m[39m[31m[1m^[22m[39m[31m[1m^[22m[39m[31m[1m^[22m[39m[31m[1m^[22m[39m[31m[1m^[22m[39m[31m[1m^[22m[39m[31m[1m^[22m[39m[31m[1m^[22m[39m[31m[1m^[22m[39m[31m[1m^[22m[39m[31m[1m^[22m[39m[31m[1m^[22m[39m[31m[1m^[22m[39m[31m[1m^[22m[39m[31m[1m^[22m[39m[31m[1m^[22m[39m[31m[1m^[22m[39m[31m[1m^[22m[39m[31m[1m^[22m[39m[31m[1m^[22m[39m[31m[1m^[22m[39m[31m[1m^[22m[39m[31m[1m^[22m[39m[31m[1m^[22m[39m[31m[1m^[22m[39m[31m[1m^[22m[39m[31m[1m^[22m[39m[31m[1m^[22m[39m[31m[1m^[22m[39m[31m[1m^[22m[39m[31m[1m^[22m[39m[31m[1m^[22m[39m
 [90m  9 |[39m [36mimport[39m { [33mTestimonialsSection[39m } [36mfrom[39m [32m"@/sections/TestimonialsSection"[39m[33m;[39m
 [90m 10 |[39m [36mimport[39m { [33mQuoteSection[39m } [36mfrom[39m [32m"@/sections/QuoteSection"[39m[33m;[39m
 [90m 11 |[39m [36mimport[39m { [33mFooter[39m } [36mfrom[39m [32m"@/components/Footer"[39m[33m;[39m[0m

Import map: aliased to relative './src/sections/ConfiguratorSection' inside of [project]/


Import traces:
  Client Component Browser:
    ./src/app/page.tsx [Client Component Browser]
    ./src/app/page.tsx [Server Component]

  Client Component SSR:
    ./src/app/page.tsx [Client Component SSR]
    ./src/app/page.tsx [Server Component]

https://nextjs.org/docs/messages/module-not-found


⨯ ./src/app/page.tsx:8:1
Module not found: Can't resolve '@/sections/ConfiguratorSection'
[0m [90m  6 |[39m [36mimport[39m { [33mPricingSection[39m } [36mfrom[39m [32m"@/sections/PricingSection"[39m[33m;[39m
 [90m  7 |[39m [36mimport[39m { [33mResultsSection[39m } [36mfrom[39m [32m"@/sections/ResultsSection"[39m[33m;[39m
[31m[1m>[22m[39m[90m  8 |[39m [36mimport[39m { [33mConfiguratorSection[39m } [36mfrom[39m [32m"@/sections/ConfiguratorSection"[39m[33m;[39m
 [90m    |[39m [31m[1m^[22m[39m[31m[1m^[22m[39m[31m[1m^[22m[39m[31m[1m^[22m[39m[31m[1m^[22m[39m[31m[1m^[22m[39m[31m[1m^[22m[39m[31m[1m^[22m[39m[31m[1m^[22m[39m[31m[1m^[22m[39m[31m[1m^[22m[39m[31m[1m^[22m[39m[31m[1m^[22m[39m[31m[1m^[22m[39m[31m[1m^[22m[39m[31m[1m^[22m[39m[31m[1m^[22m[39m[31m[1m^[22m[39m[31m[1m^[22m[39m[31m[1m^[22m[39m[31m[1m^[22m[39m[31m[1m^[22m[39m[31m[1m^[22m[39m[31m[1m^[22m[39m[31m[1m^[22m[39m[31m[1m^[22m[39m[31m[1m^[22m[39m[31m[1m^[22m[39m[31m[1m^[22m[39m[31m[1m^[22m[39m[31m[1m^[22m[39m[31m[1m^[22m[39m[31m[1m^[22m[39m[31m[1m^[22m[39m[31m[1m^[22m[39m[31m[1m^[22m[39m[31m[1m^[22m[39m[31m[1m^[22m[39m[31m[1m^[22m[39m[31m[1m^[22m[39m[31m[1m^[22m[39m[31m[1m^[22m[39m[31m[1m^[22m[39m[31m[1m^[22m[39m[31m[1m^[22m[39m[31m[1m^[22m[39m[31m[1m^[22m[39m[31m[1m^[22m[39m[31m[1m^[22m[39m[31m[1m^[22m[39m[31m[1m^[22m[39m[31m[1m^[22m[39m[31m[1m^[22m[39m[31m[1m^[22m[39m[31m[1m^[22m[39m[31m[1m^[22m[39m[31m[1m^[22m[39m[31m[1m^[22m[39m[31m[1m^[22m[39m[31m[1m^[22m[39m[31m[1m^[22m[39m[31m[1m^[22m[39m[31m[1m^[22m[39m[31m[1m^[22m[39m[31m[1m^[22m[39m[31m[1m^[22m[39m[31m[1m^[22m[39m[31m[1m^[22m[39m[31m[1m^[22m[39m
 [90m  9 |[39m [36mimport[39m { [33mTestimonialsSection[39m } [36mfrom[39m [32m"@/sections/TestimonialsSection"[39m[33m;[39m
 [90m 10 |[39m [36mimport[39m { [33mQuoteSection[39m } [36mfrom[39m [32m"@/sections/QuoteSection"[39m[33m;[39m
 [90m 11 |[39m [36mimport[39m { [33mFooter[39m } [36mfrom[39m [32m"@/components/Footer"[39m[33m;[39m[0m

Import map: aliased to relative './src/sections/ConfiguratorSection' inside of [project]/


Import traces:
  Client Component Browser:
    ./src/app/page.tsx [Client Component Browser]
    ./src/app/page.tsx [Server Component]

  Client Component SSR:
    ./src/app/page.tsx [Client Component SSR]
    ./src/app/page.tsx [Server Component]

https://nextjs.org/docs/messages/module-not-found


⨯ ./src/app/page.tsx:8:1
Module not found: Can't resolve '@/sections/ConfiguratorSection'
[0m [90m  6 |[39m [36mimport[39m { [33mPricingSection[39m } [36mfrom[39m [32m"@/sections/PricingSection"[39m[33m;[39m
 [90m  7 |[39m [36mimport[39m { [33mResultsSection[39m } [36mfrom[39m [32m"@/sections/ResultsSection"[39m[33m;[39m
[31m[1m>[22m[39m[90m  8 |[39m [36mimport[39m { [33mConfiguratorSection[39m } [36mfrom[39m [32m"@/sections/ConfiguratorSection"[39m[33m;[39m
 [90m    |[39m [31m[1m^[22m[39m[31m[1m^[22m[39m[31m[1m^[22m[39m[31m[1m^[22m[39m[31m[1m^[22m[39m[31m[1m^[22m[39m[31m[1m^[22m[39m[31m[1m^[22m[39m[31m[1m^[22m[39m[31m[1m^[22m[39m[31m[1m^[22m[39m[31m[1m^[22m[39m[31m[1m^[22m[39m[31m[1m^[22m[39m[31m[1m^[22m[39m[31m[1m^[22m[39m[31m[1m^[22m[39m[31m[1m^[22m[39m[31m[1m^[22m[39m[31m[1m^[22m[39m[31m[1m^[22m[39m[31m[1m^[22m[39m[31m[1m^[22m[39m[31m[1m^[22m[39m[31m[1m^[22m[39m[31m[1m^[22m[39m[31m[1m^[22m[39m[31m[1m^[22m[39m[31m[1m^[22m[39m[31m[1m^[22m[39m[31m[1m^[22m[39m[31m[1m^[22m[39m[31m[1m^[22m[39m[31m[1m^[22m[39m[31m[1m^[22m[39m[31m[1m^[22m[39m[31m[1m^[22m[39m[31m[1m^[22m[39m[31m[1m^[22m[39m[31m[1m^[22m[39m[31m[1m^[22m[39m[31m[1m^[22m[39m[31m[1m^[22m[39m[31m[1m^[22m[39m[31m[1m^[22m[39m[31m[1m^[22m[39m[31m[1m^[22m[39m[31m[1m^[22m[39m[31m[1m^[22m[39m[31m[1m^[22m[39m[31m[1m^[22m[39m[31m[1m^[22m[39m[31m[1m^[22m[39m[31m[1m^[22m[39m[31m[1m^[22m[39m[31m[1m^[22m[39m[31m[1m^[22m[39m[31m[1m^[22m[39m[31m[1m^[22m[39m[31m[1m^[22m[39m[31m[1m^[22m[39m[31m[1m^[22m[39m[31m[1m^[22m[39m[31m[1m^[22m[39m[31m[1m^[22m[39m[31m[1m^[22m[39m[31m[1m^[22m[39m[31m[1m^[22m[39m[31m[1m^[22m[39m
 [90m  9 |[39m [36mimport[39m { [33mTestimonialsSection[39m } [36mfrom[39m [32m"@/sections/TestimonialsSection"[39m[33m;[39m
 [90m 10 |[39m [36mimport[39m { [33mQuoteSection[39m } [36mfrom[39m [32m"@/sections/QuoteSection"[39m[33m;[39m
 [90m 11 |[39m [36mimport[39m { [33mFooter[39m } [36mfrom[39m [32m"@/components/Footer"[39m[33m;[39m[0m

Import map: aliased to relative './src/sections/ConfiguratorSection' inside of [project]/


Import traces:
  Client Component Browser:
    ./src/app/page.tsx [Client Component Browser]
    ./src/app/page.tsx [Server Component]

  Client Component SSR:
    ./src/app/page.tsx [Client Component SSR]
    ./src/app/page.tsx [Server Component]

https://nextjs.org/docs/messages/module-not-found


⨯ ./src/app/page.tsx:10:1
Module not found: Can't resolve '@/sections/QuoteSection'
[0m [90m  8 |[39m [36mimport[39m { [33mConfiguratorSection[39m } [36mfrom[39m [32m"@/sections/ConfiguratorSection"[39m[33m;[39m
 [90m  9 |[39m [36mimport[39m { [33mTestimonialsSection[39m } [36mfrom[39m [32m"@/sections/TestimonialsSection"[39m[33m;[39m
[31m[1m>[22m[39m[90m 10 |[39m [36mimport[39m { [33mQuoteSection[39m } [36mfrom[39m [32m"@/sections/QuoteSection"[39m[33m;[39m
 [90m    |[39m [31m[1m^[22m[39m[31m[1m^[22m[39m[31m[1m^[22m[39m[31m[1m^[22m[39m[31m[1m^[22m[39m[31m[1m^[22m[39m[31m[1m^[22m[39m[31m[1m^[22m[39m[31m[1m^[22m[39m[31m[1m^[22m[39m[31m[1m^[22m[39m[31m[1m^[22m[39m[31m[1m^[22m[39m[31m[1m^[22m[39m[31m[1m^[22m[39m[31m[1m^[22m[39m[31m[1m^[22m[39m[31m[1m^[22m[39m[31m[1m^[22m[39m[31m[1m^[22m[39m[31m[1m^[22m[39m[31m[1m^[22m[39m[31m[1m^[22m[39m[31m[1m^[22m[39m[31m[1m^[22m[39m[31m[1m^[22m[39m[31m[1m^[22m[39m[31m[1m^[22m[39m[31m[1m^[22m[39m[31m[1m^[22m[39m[31m[1m^[22m[39m[31m[1m^[22m[39m[31m[1m^[22m[39m[31m[1m^[22m[39m[31m[1m^[22m[39m[31m[1m^[22m[39m[31m[1m^[22m[39m[31m[1m^[22m[39m[31m[1m^[22m[39m[31m[1m^[22m[39m[31m[1m^[22m[39m[31m[1m^[22m[39m[31m[1m^[22m[39m[31m[1m^[22m[39m[31m[1m^[22m[39m[31m[1m^[22m[39m[31m[1m^[22m[39m[31m[1m^[22m[39m[31m[1m^[22m[39m[31m[1m^[22m[39m[31m[1m^[22m[39m[31m[1m^[22m[39m[31m[1m^[22m[39m[31m[1m^[22m[39m[31m[1m^[22m[39m
 [90m 11 |[39m [36mimport[39m { [33mFooter[39m } [36mfrom[39m [32m"@/components/Footer"[39m[33m;[39m
 [90m 12 |[39m
 [90m 13 |[39m [36mconst[39m [33mFADE_UP_ANIMATION_VARIANTS[39m [33m=[39m {[0m

Import map: aliased to relative './src/sections/QuoteSection' inside of [project]/


Import traces:
  Client Component Browser:
    ./src/app/page.tsx [Client Component Browser]
    ./src/app/page.tsx [Server Component]

  Client Component SSR:
    ./src/app/page.tsx [Client Component SSR]
    ./src/app/page.tsx [Server Component]

https://nextjs.org/docs/messages/module-not-found


⨯ ./src/app/page.tsx:10:1
Module not found: Can't resolve '@/sections/QuoteSection'
[0m [90m  8 |[39m [36mimport[39m { [33mConfiguratorSection[39m } [36mfrom[39m [32m"@/sections/ConfiguratorSection"[39m[33m;[39m
 [90m  9 |[39m [36mimport[39m { [33mTestimonialsSection[39m } [36mfrom[39m [32m"@/sections/TestimonialsSection"[39m[33m;[39m
[31m[1m>[22m[39m[90m 10 |[39m [36mimport[39m { [33mQuoteSection[39m } [36mfrom[39m [32m"@/sections/QuoteSection"[39m[33m;[39m
 [90m    |[39m [31m[1m^[22m[39m[31m[1m^[22m[39m[31m[1m^[22m[39m[31m[1m^[22m[39m[31m[1m^[22m[39m[31m[1m^[22m[39m[31m[1m^[22m[39m[31m[1m^[22m[39m[31m[1m^[22m[39m[31m[1m^[22m[39m[31m[1m^[22m[39m[31m[1m^[22m[39m[31m[1m^[22m[39m[31m[1m^[22m[39m[31m[1m^[22m[39m[31m[1m^[22m[39m[31m[1m^[22m[39m[31m[1m^[22m[39m[31m[1m^[22m[39m[31m[1m^[22m[39m[31m[1m^[22m[39m[31m[1m^[22m[39m[31m[1m^[22m[39m[31m[1m^[22m[39m[31m[1m^[22m[39m[31m[1m^[22m[39m[31m[1m^[22m[39m[31m[1m^[22m[39m[31m[1m^[22m[39m[31m[1m^[22m[39m[31m[1m^[22m[39m[31m[1m^[22m[39m[31m[1m^[22m[39m[31m[1m^[22m[39m[31m[1m^[22m[39m[31m[1m^[22m[39m[31m[1m^[22m[39m[31m[1m^[22m[39m[31m[1m^[22m[39m[31m[1m^[22m[39m[31m[1m^[22m[39m[31m[1m^[22m[39m[31m[1m^[22m[39m[31m[1m^[22m[39m[31m[1m^[22m[39m[31m[1m^[22m[39m[31m[1m^[22m[39m[31m[1m^[22m[39m[31m[1m^[22m[39m[31m[1m^[22m[39m[31m[1m^[22m[39m[31m[1m^[22m[39m[31m[1m^[22m[39m[31m[1m^[22m[39m[31m[1m^[22m[39m
 [90m 11 |[39m [36mimport[39m { [33mFooter[39m } [36mfrom[39m [32m"@/components/Footer"[39m[33m;[39m
 [90m 12 |[39m
 [90m 13 |[39m [36mconst[39m [33mFADE_UP_ANIMATION_VARIANTS[39m [33m=[39m {[0m

Import map: aliased to relative './src/sections/QuoteSection' inside of [project]/


Import traces:
  Client Component Browser:
    ./src/app/page.tsx [Client Component Browser]
    ./src/app/page.tsx [Server Component]

  Client Component SSR:
    ./src/app/page.tsx [Client Component SSR]
    ./src/app/page.tsx [Server Component]

https://nextjs.org/docs/messages/module-not-found


⨯ ./src/app/page.tsx:10:1
Module not found: Can't resolve '@/sections/QuoteSection'
[0m [90m  8 |[39m [36mimport[39m { [33mConfiguratorSection[39m } [36mfrom[39m [32m"@/sections/ConfiguratorSection"[39m[33m;[39m
 [90m  9 |[39m [36mimport[39m { [33mTestimonialsSection[39m } [36mfrom[39m [32m"@/sections/TestimonialsSection"[39m[33m;[39m
[31m[1m>[22m[39m[90m 10 |[39m [36mimport[39m { [33mQuoteSection[39m } [36mfrom[39m [32m"@/sections/QuoteSection"[39m[33m;[39m
 [90m    |[39m [31m[1m^[22m[39m[31m[1m^[22m[39m[31m[1m^[22m[39m[31m[1m^[22m[39m[31m[1m^[22m[39m[31m[1m^[22m[39m[31m[1m^[22m[39m[31m[1m^[22m[39m[31m[1m^[22m[39m[31m[1m^[22m[39m[31m[1m^[22m[39m[31m[1m^[22m[39m[31m[1m^[22m[39m[31m[1m^[22m[39m[31m[1m^[22m[39m[31m[1m^[22m[39m[31m[1m^[22m[39m[31m[1m^[22m[39m[31m[1m^[22m[39m[31m[1m^[22m[39m[31m[1m^[22m[39m[31m[1m^[22m[39m[31m[1m^[22m[39m[31m[1m^[22m[39m[31m[1m^[22m[39m[31m[1m^[22m[39m[31m[1m^[22m[39m[31m[1m^[22m[39m[31m[1m^[22m[39m[31m[1m^[22m[39m[31m[1m^[22m[39m[31m[1m^[22m[39m[31m[1m^[22m[39m[31m[1m^[22m[39m[31m[1m^[22m[39m[31m[1m^[22m[39m[31m[1m^[22m[39m[31m[1m^[22m[39m[31m[1m^[22m[39m[31m[1m^[22m[39m[31m[1m^[22m[39m[31m[1m^[22m[39m[31m[1m^[22m[39m[31m[1m^[22m[39m[31m[1m^[22m[39m[31m[1m^[22m[39m[31m[1m^[22m[39m[31m[1m^[22m[39m[31m[1m^[22m[39m[31m[1m^[22m[39m[31m[1m^[22m[39m[31m[1m^[22m[39m[31m[1m^[22m[39m[31m[1m^[22m[39m[31m[1m^[22m[39m
 [90m 11 |[39m [36mimport[39m { [33mFooter[39m } [36mfrom[39m [32m"@/components/Footer"[39m[33m;[39m
 [90m 12 |[39m
 [90m 13 |[39m [36mconst[39m [33mFADE_UP_ANIMATION_VARIANTS[39m [33m=[39m {[0m

Import map: aliased to relative './src/sections/QuoteSection' inside of [project]/


Import traces:
  Client Component Browser:
    ./src/app/page.tsx [Client Component Browser]
    ./src/app/page.tsx [Server Component]

  Client Component SSR:
    ./src/app/page.tsx [Client Component SSR]
    ./src/app/page.tsx [Server Component]

https://nextjs.org/docs/messages/module-not-found


⨯ ./src/app/page.tsx:10:1
Module not found: Can't resolve '@/sections/QuoteSection'
[0m [90m  8 |[39m [36mimport[39m { [33mConfiguratorSection[39m } [36mfrom[39m [32m"@/sections/ConfiguratorSection"[39m[33m;[39m
 [90m  9 |[39m [36mimport[39m { [33mTestimonialsSection[39m } [36mfrom[39m [32m"@/sections/TestimonialsSection"[39m[33m;[39m
[31m[1m>[22m[39m[90m 10 |[39m [36mimport[39m { [33mQuoteSection[39m } [36mfrom[39m [32m"@/sections/QuoteSection"[39m[33m;[39m
 [90m    |[39m [31m[1m^[22m[39m[31m[1m^[22m[39m[31m[1m^[22m[39m[31m[1m^[22m[39m[31m[1m^[22m[39m[31m[1m^[22m[39m[31m[1m^[22m[39m[31m[1m^[22m[39m[31m[1m^[22m[39m[31m[1m^[22m[39m[31m[1m^[22m[39m[31m[1m^[22m[39m[31m[1m^[22m[39m[31m[1m^[22m[39m[31m[1m^[22m[39m[31m[1m^[22m[39m[31m[1m^[22m[39m[31m[1m^[22m[39m[31m[1m^[22m[39m[31m[1m^[22m[39m[31m[1m^[22m[39m[31m[1m^[22m[39m[31m[1m^[22m[39m[31m[1m^[22m[39m[31m[1m^[22m[39m[31m[1m^[22m[39m[31m[1m^[22m[39m[31m[1m^[22m[39m[31m[1m^[22m[39m[31m[1m^[22m[39m[31m[1m^[22m[39m[31m[1m^[22m[39m[31m[1m^[22m[39m[31m[1m^[22m[39m[31m[1m^[22m[39m[31m[1m^[22m[39m[31m[1m^[22m[39m[31m[1m^[22m[39m[31m[1m^[22m[39m[31m[1m^[22m[39m[31m[1m^[22m[39m[31m[1m^[22m[39m[31m[1m^[22m[39m[31m[1m^[22m[39m[31m[1m^[22m[39m[31m[1m^[22m[39m[31m[1m^[22m[39m[31m[1m^[22m[39m[31m[1m^[22m[39m[31m[1m^[22m[39m[31m[1m^[22m[39m[31m[1m^[22m[39m[31m[1m^[22m[39m[31m[1m^[22m[39m[31m[1m^[22m[39m
 [90m 11 |[39m [36mimport[39m { [33mFooter[39m } [36mfrom[39m [32m"@/components/Footer"[39m[33m;[39m
 [90m 12 |[39m
 [90m 13 |[39m [36mconst[39m [33mFADE_UP_ANIMATION_VARIANTS[39m [33m=[39m {[0m

Import map: aliased to relative './src/sections/QuoteSection' inside of [project]/


Import traces:
  Client Component Browser:
    ./src/app/page.tsx [Client Component Browser]
    ./src/app/page.tsx [Server Component]

  Client Component SSR:
    ./src/app/page.tsx [Client Component SSR]
    ./src/app/page.tsx [Server Component]

https://nextjs.org/docs/messages/module-not-found


⨯ ./src/app/page.tsx:7:1
Module not found: Can't resolve '@/sections/ResultsSection'
[0m [90m  5 |[39m [36mimport[39m { [33mHeroSection[39m } [36mfrom[39m [32m"@/sections/HeroSection"[39m[33m;[39m
 [90m  6 |[39m [36mimport[39m { [33mPricingSection[39m } [36mfrom[39m [32m"@/sections/PricingSection"[39m[33m;[39m
[31m[1m>[22m[39m[90m  7 |[39m [36mimport[39m { [33mResultsSection[39m } [36mfrom[39m [32m"@/sections/ResultsSection"[39m[33m;[39m
 [90m    |[39m [31m[1m^[22m[39m[31m[1m^[22m[39m[31m[1m^[22m[39m[31m[1m^[22m[39m[31m[1m^[22m[39m[31m[1m^[22m[39m[31m[1m^[22m[39m[31m[1m^[22m[39m[31m[1m^[22m[39m[31m[1m^[22m[39m[31m[1m^[22m[39m[31m[1m^[22m[39m[31m[1m^[22m[39m[31m[1m^[22m[39m[31m[1m^[22m[39m[31m[1m^[22m[39m[31m[1m^[22m[39m[31m[1m^[22m[39m[31m[1m^[22m[39m[31m[1m^[22m[39m[31m[1m^[22m[39m[31m[1m^[22m[39m[31m[1m^[22m[39m[31m[1m^[22m[39m[31m[1m^[22m[39m[31m[1m^[22m[39m[31m[1m^[22m[39m[31m[1m^[22m[39m[31m[1m^[22m[39m[31m[1m^[22m[39m[31m[1m^[22m[39m[31m[1m^[22m[39m[31m[1m^[22m[39m[31m[1m^[22m[39m[31m[1m^[22m[39m[31m[1m^[22m[39m[31m[1m^[22m[39m[31m[1m^[22m[39m[31m[1m^[22m[39m[31m[1m^[22m[39m[31m[1m^[22m[39m[31m[1m^[22m[39m[31m[1m^[22m[39m[31m[1m^[22m[39m[31m[1m^[22m[39m[31m[1m^[22m[39m[31m[1m^[22m[39m[31m[1m^[22m[39m[31m[1m^[22m[39m[31m[1m^[22m[39m[31m[1m^[22m[39m[31m[1m^[22m[39m[31m[1m^[22m[39m[31m[1m^[22m[39m[31m[1m^[22m[39m[31m[1m^[22m[39m[31m[1m^[22m[39m[31m[1m^[22m[39m[31m[1m^[22m[39m
 [90m  8 |[39m [36mimport[39m { [33mConfiguratorSection[39m } [36mfrom[39m [32m"@/sections/ConfiguratorSection"[39m[33m;[39m
 [90m  9 |[39m [36mimport[39m { [33mTestimonialsSection[39m } [36mfrom[39m [32m"@/sections/TestimonialsSection"[39m[33m;[39m
 [90m 10 |[39m [36mimport[39m { [33mQuoteSection[39m } [36mfrom[39m [32m"@/sections/QuoteSection"[39m[33m;[39m[0m

Import map: aliased to relative './src/sections/ResultsSection' inside of [project]/


Import traces:
  Client Component Browser:
    ./src/app/page.tsx [Client Component Browser]
    ./src/app/page.tsx [Server Component]

  Client Component SSR:
    ./src/app/page.tsx [Client Component SSR]
    ./src/app/page.tsx [Server Component]

https://nextjs.org/docs/messages/module-not-found


⨯ ./src/app/page.tsx:7:1
Module not found: Can't resolve '@/sections/ResultsSection'
[0m [90m  5 |[39m [36mimport[39m { [33mHeroSection[39m } [36mfrom[39m [32m"@/sections/HeroSection"[39m[33m;[39m
 [90m  6 |[39m [36mimport[39m { [33mPricingSection[39m } [36mfrom[39m [32m"@/sections/PricingSection"[39m[33m;[39m
[31m[1m>[22m[39m[90m  7 |[39m [36mimport[39m { [33mResultsSection[39m } [36mfrom[39m [32m"@/sections/ResultsSection"[39m[33m;[39m
 [90m    |[39m [31m[1m^[22m[39m[31m[1m^[22m[39m[31m[1m^[22m[39m[31m[1m^[22m[39m[31m[1m^[22m[39m[31m[1m^[22m[39m[31m[1m^[22m[39m[31m[1m^[22m[39m[31m[1m^[22m[39m[31m[1m^[22m[39m[31m[1m^[22m[39m[31m[1m^[22m[39m[31m[1m^[22m[39m[31m[1m^[22m[39m[31m[1m^[22m[39m[31m[1m^[22m[39m[31m[1m^[22m[39m[31m[1m^[22m[39m[31m[1m^[22m[39m[31m[1m^[22m[39m[31m[1m^[22m[39m[31m[1m^[22m[39m[31m[1m^[22m[39m[31m[1m^[22m[39m[31m[1m^[22m[39m[31m[1m^[22m[39m[31m[1m^[22m[39m[31m[1m^[22m[39m[31m[1m^[22m[39m[31m[1m^[22m[39m[31m[1m^[22m[39m[31m[1m^[22m[39m[31m[1m^[22m[39m[31m[1m^[22m[39m[31m[1m^[22m[39m[31m[1m^[22m[39m[31m[1m^[22m[39m[31m[1m^[22m[39m[31m[1m^[22m[39m[31m[1m^[22m[39m[31m[1m^[22m[39m[31m[1m^[22m[39m[31m[1m^[22m[39m[31m[1m^[22m[39m[31m[1m^[22m[39m[31m[1m^[22m[39m[31m[1m^[22m[39m[31m[1m^[22m[39m[31m[1m^[22m[39m[31m[1m^[22m[39m[31m[1m^[22m[39m[31m[1m^[22m[39m[31m[1m^[22m[39m[31m[1m^[22m[39m[31m[1m^[22m[39m[31m[1m^[22m[39m[31m[1m^[22m[39m[31m[1m^[22m[39m[31m[1m^[22m[39m
 [90m  8 |[39m [36mimport[39m { [33mConfiguratorSection[39m } [36mfrom[39m [32m"@/sections/ConfiguratorSection"[39m[33m;[39m
 [90m  9 |[39m [36mimport[39m { [33mTestimonialsSection[39m } [36mfrom[39m [32m"@/sections/TestimonialsSection"[39m[33m;[39m
 [90m 10 |[39m [36mimport[39m { [33mQuoteSection[39m } [36mfrom[39m [32m"@/sections/QuoteSection"[39m[33m;[39m[0m

Import map: aliased to relative './src/sections/ResultsSection' inside of [project]/


Import traces:
  Client Component Browser:
    ./src/app/page.tsx [Client Component Browser]
    ./src/app/page.tsx [Server Component]

  Client Component SSR:
    ./src/app/page.tsx [Client Component SSR]
    ./src/app/page.tsx [Server Component]

https://nextjs.org/docs/messages/module-not-found


⨯ ./src/app/page.tsx:7:1
Module not found: Can't resolve '@/sections/ResultsSection'
[0m [90m  5 |[39m [36mimport[39m { [33mHeroSection[39m } [36mfrom[39m [32m"@/sections/HeroSection"[39m[33m;[39m
 [90m  6 |[39m [36mimport[39m { [33mPricingSection[39m } [36mfrom[39m [32m"@/sections/PricingSection"[39m[33m;[39m
[31m[1m>[22m[39m[90m  7 |[39m [36mimport[39m { [33mResultsSection[39m } [36mfrom[39m [32m"@/sections/ResultsSection"[39m[33m;[39m
 [90m    |[39m [31m[1m^[22m[39m[31m[1m^[22m[39m[31m[1m^[22m[39m[31m[1m^[22m[39m[31m[1m^[22m[39m[31m[1m^[22m[39m[31m[1m^[22m[39m[31m[1m^[22m[39m[31m[1m^[22m[39m[31m[1m^[22m[39m[31m[1m^[22m[39m[31m[1m^[22m[39m[31m[1m^[22m[39m[31m[1m^[22m[39m[31m[1m^[22m[39m[31m[1m^[22m[39m[31m[1m^[22m[39m[31m[1m^[22m[39m[31m[1m^[22m[39m[31m[1m^[22m[39m[31m[1m^[22m[39m[31m[1m^[22m[39m[31m[1m^[22m[39m[31m[1m^[22m[39m[31m[1m^[22m[39m[31m[1m^[22m[39m[31m[1m^[22m[39m[31m[1m^[22m[39m[31m[1m^[22m[39m[31m[1m^[22m[39m[31m[1m^[22m[39m[31m[1m^[22m[39m[31m[1m^[22m[39m[31m[1m^[22m[39m[31m[1m^[22m[39m[31m[1m^[22m[39m[31m[1m^[22m[39m[31m[1m^[22m[39m[31m[1m^[22m[39m[31m[1m^[22m[39m[31m[1m^[22m[39m[31m[1m^[22m[39m[31m[1m^[22m[39m[31m[1m^[22m[39m[31m[1m^[22m[39m[31m[1m^[22m[39m[31m[1m^[22m[39m[31m[1m^[22m[39m[31m[1m^[22m[39m[31m[1m^[22m[39m[31m[1m^[22m[39m[31m[1m^[22m[39m[31m[1m^[22m[39m[31m[1m^[22m[39m[31m[1m^[22m[39m[31m[1m^[22m[39m[31m[1m^[22m[39m[31m[1m^[22m[39m[31m[1m^[22m[39m
 [90m  8 |[39m [36mimport[39m { [33mConfiguratorSection[39m } [36mfrom[39m [32m"@/sections/ConfiguratorSection"[39m[33m;[39m
 [90m  9 |[39m [36mimport[39m { [33mTestimonialsSection[39m } [36mfrom[39m [32m"@/sections/TestimonialsSection"[39m[33m;[39m
 [90m 10 |[39m [36mimport[39m { [33mQuoteSection[39m } [36mfrom[39m [32m"@/sections/QuoteSection"[39m[33m;[39m[0m

Import map: aliased to relative './src/sections/ResultsSection' inside of [project]/


Import traces:
  Client Component Browser:
    ./src/app/page.tsx [Client Component Browser]
    ./src/app/page.tsx [Server Component]

  Client Component SSR:
    ./src/app/page.tsx [Client Component SSR]
    ./src/app/page.tsx [Server Component]

https://nextjs.org/docs/messages/module-not-found


⨯ ./src/app/page.tsx:7:1
Module not found: Can't resolve '@/sections/ResultsSection'
[0m [90m  5 |[39m [36mimport[39m { [33mHeroSection[39m } [36mfrom[39m [32m"@/sections/HeroSection"[39m[33m;[39m
 [90m  6 |[39m [36mimport[39m { [33mPricingSection[39m } [36mfrom[39m [32m"@/sections/PricingSection"[39m[33m;[39m
[31m[1m>[22m[39m[90m  7 |[39m [36mimport[39m { [33mResultsSection[39m } [36mfrom[39m [32m"@/sections/ResultsSection"[39m[33m;[39m
 [90m    |[39m [31m[1m^[22m[39m[31m[1m^[22m[39m[31m[1m^[22m[39m[31m[1m^[22m[39m[31m[1m^[22m[39m[31m[1m^[22m[39m[31m[1m^[22m[39m[31m[1m^[22m[39m[31m[1m^[22m[39m[31m[1m^[22m[39m[31m[1m^[22m[39m[31m[1m^[22m[39m[31m[1m^[22m[39m[31m[1m^[22m[39m[31m[1m^[22m[39m[31m[1m^[22m[39m[31m[1m^[22m[39m[31m[1m^[22m[39m[31m[1m^[22m[39m[31m[1m^[22m[39m[31m[1m^[22m[39m[31m[1m^[22m[39m[31m[1m^[22m[39m[31m[1m^[22m[39m[31m[1m^[22m[39m[31m[1m^[22m[39m[31m[1m^[22m[39m[31m[1m^[22m[39m[31m[1m^[22m[39m[31m[1m^[22m[39m[31m[1m^[22m[39m[31m[1m^[22m[39m[31m[1m^[22m[39m[31m[1m^[22m[39m[31m[1m^[22m[39m[31m[1m^[22m[39m[31m[1m^[22m[39m[31m[1m^[22m[39m[31m[1m^[22m[39m[31m[1m^[22m[39m[31m[1m^[22m[39m[31m[1m^[22m[39m[31m[1m^[22m[39m[31m[1m^[22m[39m[31m[1m^[22m[39m[31m[1m^[22m[39m[31m[1m^[22m[39m[31m[1m^[22m[39m[31m[1m^[22m[39m[31m[1m^[22m[39m[31m[1m^[22m[39m[31m[1m^[22m[39m[31m[1m^[22m[39m[31m[1m^[22m[39m[31m[1m^[22m[39m[31m[1m^[22m[39m[31m[1m^[22m[39m[31m[1m^[22m[39m[31m[1m^[22m[39m
 [90m  8 |[39m [36mimport[39m { [33mConfiguratorSection[39m } [36mfrom[39m [32m"@/sections/ConfiguratorSection"[39m[33m;[39m
 [90m  9 |[39m [36mimport[39m { [33mTestimonialsSection[39m } [36mfrom[39m [32m"@/sections/TestimonialsSection"[39m[33m;[39m
 [90m 10 |[39m [36mimport[39m { [33mQuoteSection[39m } [36mfrom[39m [32m"@/sections/QuoteSection"[39m[33m;[39m[0m

Import map: aliased to relative './src/sections/ResultsSection' inside of [project]/


Import traces:
  Client Component Browser:
    ./src/app/page.tsx [Client Component Browser]
    ./src/app/page.tsx [Server Component]

  Client Component SSR:
    ./src/app/page.tsx [Client Component SSR]
    ./src/app/page.tsx [Server Component]

https://nextjs.org/docs/messages/module-not-found


⨯ ./src/app/page.tsx:9:1
Module not found: Can't resolve '@/sections/TestimonialsSection'
[0m [90m  7 |[39m [36mimport[39m { [33mResultsSection[39m } [36mfrom[39m [32m"@/sections/ResultsSection"[39m[33m;[39m
 [90m  8 |[39m [36mimport[39m { [33mConfiguratorSection[39m } [36mfrom[39m [32m"@/sections/ConfiguratorSection"[39m[33m;[39m
[31m[1m>[22m[39m[90m  9 |[39m [36mimport[39m { [33mTestimonialsSection[39m } [36mfrom[39m [32m"@/sections/TestimonialsSection"[39m[33m;[39m
 [90m    |[39m [31m[1m^[22m[39m[31m[1m^[22m[39m[31m[1m^[22m[39m[31m[1m^[22m[39m[31m[1m^[22m[39m[31m[1m^[22m[39m[31m[1m^[22m[39m[31m[1m^[22m[39m[31m[1m^[22m[39m[31m[1m^[22m[39m[31m[1m^[22m[39m[31m[1m^[22m[39m[31m[1m^[22m[39m[31m[1m^[22m[39m[31m[1m^[22m[39m[31m[1m^[22m[39m[31m[1m^[22m[39m[31m[1m^[22m[39m[31m[1m^[22m[39m[31m[1m^[22m[39m[31m[1m^[22m[39m[31m[1m^[22m[39m[31m[1m^[22m[39m[31m[1m^[22m[39m[31m[1m^[22m[39m[31m[1m^[22m[39m[31m[1m^[22m[39m[31m[1m^[22m[39m[31m[1m^[22m[39m[31m[1m^[22m[39m[31m[1m^[22m[39m[31m[1m^[22m[39m[31m[1m^[22m[39m[31m[1m^[22m[39m[31m[1m^[22m[39m[31m[1m^[22m[39m[31m[1m^[22m[39m[31m[1m^[22m[39m[31m[1m^[22m[39m[31m[1m^[22m[39m[31m[1m^[22m[39m[31m[1m^[22m[39m[31m[1m^[22m[39m[31m[1m^[22m[39m[31m[1m^[22m[39m[31m[1m^[22m[39m[31m[1m^[22m[39m[31m[1m^[22m[39m[31m[1m^[22m[39m[31m[1m^[22m[39m[31m[1m^[22m[39m[31m[1m^[22m[39m[31m[1m^[22m[39m[31m[1m^[22m[39m[31m[1m^[22m[39m[31m[1m^[22m[39m[31m[1m^[22m[39m[31m[1m^[22m[39m[31m[1m^[22m[39m[31m[1m^[22m[39m[31m[1m^[22m[39m[31m[1m^[22m[39m[31m[1m^[22m[39m[31m[1m^[22m[39m[31m[1m^[22m[39m[31m[1m^[22m[39m[31m[1m^[22m[39m[31m[1m^[22m[39m[31m[1m^[22m[39m
 [90m 10 |[39m [36mimport[39m { [33mQuoteSection[39m } [36mfrom[39m [32m"@/sections/QuoteSection"[39m[33m;[39m
 [90m 11 |[39m [36mimport[39m { [33mFooter[39m } [36mfrom[39m [32m"@/components/Footer"[39m[33m;[39m
 [90m 12 |[39m[0m

Import map: aliased to relative './src/sections/TestimonialsSection' inside of [project]/


Import traces:
  Client Component Browser:
    ./src/app/page.tsx [Client Component Browser]
    ./src/app/page.tsx [Server Component]

  Client Component SSR:
    ./src/app/page.tsx [Client Component SSR]
    ./src/app/page.tsx [Server Component]

https://nextjs.org/docs/messages/module-not-found


⨯ ./src/app/page.tsx:9:1
Module not found: Can't resolve '@/sections/TestimonialsSection'
[0m [90m  7 |[39m [36mimport[39m { [33mResultsSection[39m } [36mfrom[39m [32m"@/sections/ResultsSection"[39m[33m;[39m
 [90m  8 |[39m [36mimport[39m { [33mConfiguratorSection[39m } [36mfrom[39m [32m"@/sections/ConfiguratorSection"[39m[33m;[39m
[31m[1m>[22m[39m[90m  9 |[39m [36mimport[39m { [33mTestimonialsSection[39m } [36mfrom[39m [32m"@/sections/TestimonialsSection"[39m[33m;[39m
 [90m    |[39m [31m[1m^[22m[39m[31m[1m^[22m[39m[31m[1m^[22m[39m[31m[1m^[22m[39m[31m[1m^[22m[39m[31m[1m^[22m[39m[31m[1m^[22m[39m[31m[1m^[22m[39m[31m[1m^[22m[39m[31m[1m^[22m[39m[31m[1m^[22m[39m[31m[1m^[22m[39m[31m[1m^[22m[39m[31m[1m^[22m[39m[31m[1m^[22m[39m[31m[1m^[22m[39m[31m[1m^[22m[39m[31m[1m^[22m[39m[31m[1m^[22m[39m[31m[1m^[22m[39m[31m[1m^[22m[39m[31m[1m^[22m[39m[31m[1m^[22m[39m[31m[1m^[22m[39m[31m[1m^[22m[39m[31m[1m^[22m[39m[31m[1m^[22m[39m[31m[1m^[22m[39m[31m[1m^[22m[39m[31m[1m^[22m[39m[31m[1m^[22m[39m[31m[1m^[22m[39m[31m[1m^[22m[39m[31m[1m^[22m[39m[31m[1m^[22m[39m[31m[1m^[22m[39m[31m[1m^[22m[39m[31m[1m^[22m[39m[31m[1m^[22m[39m[31m[1m^[22m[39m[31m[1m^[22m[39m[31m[1m^[22m[39m[31m[1m^[22m[39m[31m[1m^[22m[39m[31m[1m^[22m[39m[31m[1m^[22m[39m[31m[1m^[22m[39m[31m[1m^[22m[39m[31m[1m^[22m[39m[31m[1m^[22m[39m[31m[1m^[22m[39m[31m[1m^[22m[39m[31m[1m^[22m[39m[31m[1m^[22m[39m[31m[1m^[22m[39m[31m[1m^[22m[39m[31m[1m^[22m[39m[31m[1m^[22m[39m[31m[1m^[22m[39m[31m[1m^[22m[39m[31m[1m^[22m[39m[31m[1m^[22m[39m[31m[1m^[22m[39m[31m[1m^[22m[39m[31m[1m^[22m[39m[31m[1m^[22m[39m[31m[1m^[22m[39m[31m[1m^[22m[39m[31m[1m^[22m[39m
 [90m 10 |[39m [36mimport[39m { [33mQuoteSection[39m } [36mfrom[39m [32m"@/sections/QuoteSection"[39m[33m;[39m
 [90m 11 |[39m [36mimport[39m { [33mFooter[39m } [36mfrom[39m [32m"@/components/Footer"[39m[33m;[39m
 [90m 12 |[39m[0m

Import map: aliased to relative './src/sections/TestimonialsSection' inside of [project]/


Import traces:
  Client Component Browser:
    ./src/app/page.tsx [Client Component Browser]
    ./src/app/page.tsx [Server Component]

  Client Component SSR:
    ./src/app/page.tsx [Client Component SSR]
    ./src/app/page.tsx [Server Component]

https://nextjs.org/docs/messages/module-not-found


⨯ ./src/app/page.tsx:9:1
Module not found: Can't resolve '@/sections/TestimonialsSection'
[0m [90m  7 |[39m [36mimport[39m { [33mResultsSection[39m } [36mfrom[39m [32m"@/sections/ResultsSection"[39m[33m;[39m
 [90m  8 |[39m [36mimport[39m { [33mConfiguratorSection[39m } [36mfrom[39m [32m"@/sections/ConfiguratorSection"[39m[33m;[39m
[31m[1m>[22m[39m[90m  9 |[39m [36mimport[39m { [33mTestimonialsSection[39m } [36mfrom[39m [32m"@/sections/TestimonialsSection"[39m[33m;[39m
 [90m    |[39m [31m[1m^[22m[39m[31m[1m^[22m[39m[31m[1m^[22m[39m[31m[1m^[22m[39m[31m[1m^[22m[39m[31m[1m^[22m[39m[31m[1m^[22m[39m[31m[1m^[22m[39m[31m[1m^[22m[39m[31m[1m^[22m[39m[31m[1m^[22m[39m[31m[1m^[22m[39m[31m[1m^[22m[39m[31m[1m^[22m[39m[31m[1m^[22m[39m[31m[1m^[22m[39m[31m[1m^[22m[39m[31m[1m^[22m[39m[31m[1m^[22m[39m[31m[1m^[22m[39m[31m[1m^[22m[39m[31m[1m^[22m[39m[31m[1m^[22m[39m[31m[1m^[22m[39m[31m[1m^[22m[39m[31m[1m^[22m[39m[31m[1m^[22m[39m[31m[1m^[22m[39m[31m[1m^[22m[39m[31m[1m^[22m[39m[31m[1m^[22m[39m[31m[1m^[22m[39m[31m[1m^[22m[39m[31m[1m^[22m[39m[31m[1m^[22m[39m[31m[1m^[22m[39m[31m[1m^[22m[39m[31m[1m^[22m[39m[31m[1m^[22m[39m[31m[1m^[22m[39m[31m[1m^[22m[39m[31m[1m^[22m[39m[31m[1m^[22m[39m[31m[1m^[22m[39m[31m[1m^[22m[39m[31m[1m^[22m[39m[31m[1m^[22m[39m[31m[1m^[22m[39m[31m[1m^[22m[39m[31m[1m^[22m[39m[31m[1m^[22m[39m[31m[1m^[22m[39m[31m[1m^[22m[39m[31m[1m^[22m[39m[31m[1m^[22m[39m[31m[1m^[22m[39m[31m[1m^[22m[39m[31m[1m^[22m[39m[31m[1m^[22m[39m[31m[1m^[22m[39m[31m[1m^[22m[39m[31m[1m^[22m[39m[31m[1m^[22m[39m[31m[1m^[22m[39m[31m[1m^[22m[39m[31m[1m^[22m[39m[31m[1m^[22m[39m[31m[1m^[22m[39m[31m[1m^[22m[39m
 [90m 10 |[39m [36mimport[39m { [33mQuoteSection[39m } [36mfrom[39m [32m"@/sections/QuoteSection"[39m[33m;[39m
 [90m 11 |[39m [36mimport[39m { [33mFooter[39m } [36mfrom[39m [32m"@/components/Footer"[39m[33m;[39m
 [90m 12 |[39m[0m

Import map: aliased to relative './src/sections/TestimonialsSection' inside of [project]/


Import traces:
  Client Component Browser:
    ./src/app/page.tsx [Client Component Browser]
    ./src/app/page.tsx [Server Component]

  Client Component SSR:
    ./src/app/page.tsx [Client Component SSR]
    ./src/app/page.tsx [Server Component]

https://nextjs.org/docs/messages/module-not-found


⨯ ./src/app/page.tsx:9:1
Module not found: Can't resolve '@/sections/TestimonialsSection'
[0m [90m  7 |[39m [36mimport[39m { [33mResultsSection[39m } [36mfrom[39m [32m"@/sections/ResultsSection"[39m[33m;[39m
 [90m  8 |[39m [36mimport[39m { [33mConfiguratorSection[39m } [36mfrom[39m [32m"@/sections/ConfiguratorSection"[39m[33m;[39m
[31m[1m>[22m[39m[90m  9 |[39m [36mimport[39m { [33mTestimonialsSection[39m } [36mfrom[39m [32m"@/sections/TestimonialsSection"[39m[33m;[39m
 [90m    |[39m [31m[1m^[22m[39m[31m[1m^[22m[39m[31m[1m^[22m[39m[31m[1m^[22m[39m[31m[1m^[22m[39m[31m[1m^[22m[39m[31m[1m^[22m[39m[31m[1m^[22m[39m[31m[1m^[22m[39m[31m[1m^[22m[39m[31m[1m^[22m[39m[31m[1m^[22m[39m[31m[1m^[22m[39m[31m[1m^[22m[39m[31m[1m^[22m[39m[31m[1m^[22m[39m[31m[1m^[22m[39m[31m[1m^[22m[39m[31m[1m^[22m[39m[31m[1m^[22m[39m[31m[1m^[22m[39m[31m[1m^[22m[39m[31m[1m^[22m[39m[31m[1m^[22m[39m[31m[1m^[22m[39m[31m[1m^[22m[39m[31m[1m^[22m[39m[31m[1m^[22m[39m[31m[1m^[22m[39m[31m[1m^[22m[39m[31m[1m^[22m[39m[31m[1m^[22m[39m[31m[1m^[22m[39m[31m[1m^[22m[39m[31m[1m^[22m[39m[31m[1m^[22m[39m[31m[1m^[22m[39m[31m[1m^[22m[39m[31m[1m^[22m[39m[31m[1m^[22m[39m[31m[1m^[22m[39m[31m[1m^[22m[39m[31m[1m^[22m[39m[31m[1m^[22m[39m[31m[1m^[22m[39m[31m[1m^[22m[39m[31m[1m^[22m[39m[31m[1m^[22m[39m[31m[1m^[22m[39m[31m[1m^[22m[39m[31m[1m^[22m[39m[31m[1m^[22m[39m[31m[1m^[22m[39m[31m[1m^[22m[39m[31m[1m^[22m[39m[31m[1m^[22m[39m[31m[1m^[22m[39m[31m[1m^[22m[39m[31m[1m^[22m[39m[31m[1m^[22m[39m[31m[1m^[22m[39m[31m[1m^[22m[39m[31m[1m^[22m[39m[31m[1m^[22m[39m[31m[1m^[22m[39m[31m[1m^[22m[39m[31m[1m^[22m[39m[31m[1m^[22m[39m[31m[1m^[22m[39m
 [90m 10 |[39m [36mimport[39m { [33mQuoteSection[39m } [36mfrom[39m [32m"@/sections/QuoteSection"[39m[33m;[39m
 [90m 11 |[39m [36mimport[39m { [33mFooter[39m } [36mfrom[39m [32m"@/components/Footer"[39m[33m;[39m
 [90m 12 |[39m[0m

Import map: aliased to relative './src/sections/TestimonialsSection' inside of [project]/


Import traces:
  Client Component Browser:
    ./src/app/page.tsx [Client Component Browser]
    ./src/app/page.tsx [Server Component]

  Client Component SSR:
    ./src/app/page.tsx [Client Component SSR]
    ./src/app/page.tsx [Server Component]

https://nextjs.org/docs/messages/module-not-found


⨯ ./src/app/page.tsx:8:1
Module not found: Can't resolve '@/sections/ConfiguratorSection'
[0m [90m  6 |[39m [36mimport[39m { [33mPricingSection[39m } [36mfrom[39m [32m"@/sections/PricingSection"[39m[33m;[39m
 [90m  7 |[39m [36mimport[39m { [33mResultsSection[39m } [36mfrom[39m [32m"@/sections/ResultsSection"[39m[33m;[39m
[31m[1m>[22m[39m[90m  8 |[39m [36mimport[39m { [33mConfiguratorSection[39m } [36mfrom[39m [32m"@/sections/ConfiguratorSection"[39m[33m;[39m
 [90m    |[39m [31m[1m^[22m[39m[31m[1m^[22m[39m[31m[1m^[22m[39m[31m[1m^[22m[39m[31m[1m^[22m[39m[31m[1m^[22m[39m[31m[1m^[22m[39m[31m[1m^[22m[39m[31m[1m^[22m[39m[31m[1m^[22m[39m[31m[1m^[22m[39m[31m[1m^[22m[39m[31m[1m^[22m[39m[31m[1m^[22m[39m[31m[1m^[22m[39m[31m[1m^[22m[39m[31m[1m^[22m[39m[31m[1m^[22m[39m[31m[1m^[22m[39m[31m[1m^[22m[39m[31m[1m^[22m[39m[31m[1m^[22m[39m[31m[1m^[22m[39m[31m[1m^[22m[39m[31m[1m^[22m[39m[31m[1m^[22m[39m[31m[1m^[22m[39m[31m[1m^[22m[39m[31m[1m^[22m[39m[31m[1m^[22m[39m[31m[1m^[22m[39m[31m[1m^[22m[39m[31m[1m^[22m[39m[31m[1m^[22m[39m[31m[1m^[22m[39m[31m[1m^[22m[39m[31m[1m^[22m[39m[31m[1m^[22m[39m[31m[1m^[22m[39m[31m[1m^[22m[39m[31m[1m^[22m[39m[31m[1m^[22m[39m[31m[1m^[22m[39m[31m[1m^[22m[39m[31m[1m^[22m[39m[31m[1m^[22m[39m[31m[1m^[22m[39m[31m[1m^[22m[39m[31m[1m^[22m[39m[31m[1m^[22m[39m[31m[1m^[22m[39m[31m[1m^[22m[39m[31m[1m^[22m[39m[31m[1m^[22m[39m[31m[1m^[22m[39m[31m[1m^[22m[39m[31m[1m^[22m[39m[31m[1m^[22m[39m[31m[1m^[22m[39m[31m[1m^[22m[39m[31m[1m^[22m[39m[31m[1m^[22m[39m[31m[1m^[22m[39m[31m[1m^[22m[39m[31m[1m^[22m[39m[31m[1m^[22m[39m[31m[1m^[22m[39m[31m[1m^[22m[39m[31m[1m^[22m[39m
 [90m  9 |[39m [36mimport[39m { [33mTestimonialsSection[39m } [36mfrom[39m [32m"@/sections/TestimonialsSection"[39m[33m;[39m
 [90m 10 |[39m [36mimport[39m { [33mQuoteSection[39m } [36mfrom[39m [32m"@/sections/QuoteSection"[39m[33m;[39m
 [90m 11 |[39m [36mimport[39m { [33mFooter[39m } [36mfrom[39m [32m"@/components/Footer"[39m[33m;[39m[0m

Import map: aliased to relative './src/sections/ConfiguratorSection' inside of [project]/


Import traces:
  Client Component Browser:
    ./src/app/page.tsx [Client Component Browser]
    ./src/app/page.tsx [Server Component]

  Client Component SSR:
    ./src/app/page.tsx [Client Component SSR]
    ./src/app/page.tsx [Server Component]

https://nextjs.org/docs/messages/module-not-found


⨯ ./src/app/page.tsx:8:1
Module not found: Can't resolve '@/sections/ConfiguratorSection'
[0m [90m  6 |[39m [36mimport[39m { [33mPricingSection[39m } [36mfrom[39m [32m"@/sections/PricingSection"[39m[33m;[39m
 [90m  7 |[39m [36mimport[39m { [33mResultsSection[39m } [36mfrom[39m [32m"@/sections/ResultsSection"[39m[33m;[39m
[31m[1m>[22m[39m[90m  8 |[39m [36mimport[39m { [33mConfiguratorSection[39m } [36mfrom[39m [32m"@/sections/ConfiguratorSection"[39m[33m;[39m
 [90m    |[39m [31m[1m^[22m[39m[31m[1m^[22m[39m[31m[1m^[22m[39m[31m[1m^[22m[39m[31m[1m^[22m[39m[31m[1m^[22m[39m[31m[1m^[22m[39m[31m[1m^[22m[39m[31m[1m^[22m[39m[31m[1m^[22m[39m[31m[1m^[22m[39m[31m[1m^[22m[39m[31m[1m^[22m[39m[31m[1m^[22m[39m[31m[1m^[22m[39m[31m[1m^[22m[39m[31m[1m^[22m[39m[31m[1m^[22m[39m[31m[1m^[22m[39m[31m[1m^[22m[39m[31m[1m^[22m[39m[31m[1m^[22m[39m[31m[1m^[22m[39m[31m[1m^[22m[39m[31m[1m^[22m[39m[31m[1m^[22m[39m[31m[1m^[22m[39m[31m[1m^[22m[39m[31m[1m^[22m[39m[31m[1m^[22m[39m[31m[1m^[22m[39m[31m[1m^[22m[39m[31m[1m^[22m[39m[31m[1m^[22m[39m[31m[1m^[22m[39m[31m[1m^[22m[39m[31m[1m^[22m[39m[31m[1m^[22m[39m[31m[1m^[22m[39m[31m[1m^[22m[39m[31m[1m^[22m[39m[31m[1m^[22m[39m[31m[1m^[22m[39m[31m[1m^[22m[39m[31m[1m^[22m[39m[31m[1m^[22m[39m[31m[1m^[22m[39m[31m[1m^[22m[39m[31m[1m^[22m[39m[31m[1m^[22m[39m[31m[1m^[22m[39m[31m[1m^[22m[39m[31m[1m^[22m[39m[31m[1m^[22m[39m[31m[1m^[22m[39m[31m[1m^[22m[39m[31m[1m^[22m[39m[31m[1m^[22m[39m[31m[1m^[22m[39m[31m[1m^[22m[39m[31m[1m^[22m[39m[31m[1m^[22m[39m[31m[1m^[22m[39m[31m[1m^[22m[39m[31m[1m^[22m[39m[31m[1m^[22m[39m[31m[1m^[22m[39m[31m[1m^[22m[39m[31m[1m^[22m[39m
 [90m  9 |[39m [36mimport[39m { [33mTestimonialsSection[39m } [36mfrom[39m [32m"@/sections/TestimonialsSection"[39m[33m;[39m
 [90m 10 |[39m [36mimport[39m { [33mQuoteSection[39m } [36mfrom[39m [32m"@/sections/QuoteSection"[39m[33m;[39m
 [90m 11 |[39m [36mimport[39m { [33mFooter[39m } [36mfrom[39m [32m"@/components/Footer"[39m[33m;[39m[0m

Import map: aliased to relative './src/sections/ConfiguratorSection' inside of [project]/


Import traces:
  Client Component Browser:
    ./src/app/page.tsx [Client Component Browser]
    ./src/app/page.tsx [Server Component]

  Client Component SSR:
    ./src/app/page.tsx [Client Component SSR]
    ./src/app/page.tsx [Server Component]

https://nextjs.org/docs/messages/module-not-found


⨯ ./src/app/page.tsx:8:1
Module not found: Can't resolve '@/sections/ConfiguratorSection'
[0m [90m  6 |[39m [36mimport[39m { [33mPricingSection[39m } [36mfrom[39m [32m"@/sections/PricingSection"[39m[33m;[39m
 [90m  7 |[39m [36mimport[39m { [33mResultsSection[39m } [36mfrom[39m [32m"@/sections/ResultsSection"[39m[33m;[39m
[31m[1m>[22m[39m[90m  8 |[39m [36mimport[39m { [33mConfiguratorSection[39m } [36mfrom[39m [32m"@/sections/ConfiguratorSection"[39m[33m;[39m
 [90m    |[39m [31m[1m^[22m[39m[31m[1m^[22m[39m[31m[1m^[22m[39m[31m[1m^[22m[39m[31m[1m^[22m[39m[31m[1m^[22m[39m[31m[1m^[22m[39m[31m[1m^[22m[39m[31m[1m^[22m[39m[31m[1m^[22m[39m[31m[1m^[22m[39m[31m[1m^[22m[39m[31m[1m^[22m[39m[31m[1m^[22m[39m[31m[1m^[22m[39m[31m[1m^[22m[39m[31m[1m^[22m[39m[31m[1m^[22m[39m[31m[1m^[22m[39m[31m[1m^[22m[39m[31m[1m^[22m[39m[31m[1m^[22m[39m[31m[1m^[22m[39m[31m[1m^[22m[39m[31m[1m^[22m[39m[31m[1m^[22m[39m[31m[1m^[22m[39m[31m[1m^[22m[39m[31m[1m^[22m[39m[31m[1m^[22m[39m[31m[1m^[22m[39m[31m[1m^[22m[39m[31m[1m^[22m[39m[31m[1m^[22m[39m[31m[1m^[22m[39m[31m[1m^[22m[39m[31m[1m^[22m[39m[31m[1m^[22m[39m[31m[1m^[22m[39m[31m[1m^[22m[39m[31m[1m^[22m[39m[31m[1m^[22m[39m[31m[1m^[22m[39m[31m[1m^[22m[39m[31m[1m^[22m[39m[31m[1m^[22m[39m[31m[1m^[22m[39m[31m[1m^[22m[39m[31m[1m^[22m[39m[31m[1m^[22m[39m[31m[1m^[22m[39m[31m[1m^[22m[39m[31m[1m^[22m[39m[31m[1m^[22m[39m[31m[1m^[22m[39m[31m[1m^[22m[39m[31m[1m^[22m[39m[31m[1m^[22m[39m[31m[1m^[22m[39m[31m[1m^[22m[39m[31m[1m^[22m[39m[31m[1m^[22m[39m[31m[1m^[22m[39m[31m[1m^[22m[39m[31m[1m^[22m[39m[31m[1m^[22m[39m[31m[1m^[22m[39m[31m[1m^[22m[39m[31m[1m^[22m[39m
 [90m  9 |[39m [36mimport[39m { [33mTestimonialsSection[39m } [36mfrom[39m [32m"@/sections/TestimonialsSection"[39m[33m;[39m
 [90m 10 |[39m [36mimport[39m { [33mQuoteSection[39m } [36mfrom[39m [32m"@/sections/QuoteSection"[39m[33m;[39m
 [90m 11 |[39m [36mimport[39m { [33mFooter[39m } [36mfrom[39m [32m"@/components/Footer"[39m[33m;[39m[0m

Import map: aliased to relative './src/sections/ConfiguratorSection' inside of [project]/


Import traces:
  Client Component Browser:
    ./src/app/page.tsx [Client Component Browser]
    ./src/app/page.tsx [Server Component]

  Client Component SSR:
    ./src/app/page.tsx [Client Component SSR]
    ./src/app/page.tsx [Server Component]

https://nextjs.org/docs/messages/module-not-found


⨯ ./src/app/page.tsx:8:1
Module not found: Can't resolve '@/sections/ConfiguratorSection'
[0m [90m  6 |[39m [36mimport[39m { [33mPricingSection[39m } [36mfrom[39m [32m"@/sections/PricingSection"[39m[33m;[39m
 [90m  7 |[39m [36mimport[39m { [33mResultsSection[39m } [36mfrom[39m [32m"@/sections/ResultsSection"[39m[33m;[39m
[31m[1m>[22m[39m[90m  8 |[39m [36mimport[39m { [33mConfiguratorSection[39m } [36mfrom[39m [32m"@/sections/ConfiguratorSection"[39m[33m;[39m
 [90m    |[39m [31m[1m^[22m[39m[31m[1m^[22m[39m[31m[1m^[22m[39m[31m[1m^[22m[39m[31m[1m^[22m[39m[31m[1m^[22m[39m[31m[1m^[22m[39m[31m[1m^[22m[39m[31m[1m^[22m[39m[31m[1m^[22m[39m[31m[1m^[22m[39m[31m[1m^[22m[39m[31m[1m^[22m[39m[31m[1m^[22m[39m[31m[1m^[22m[39m[31m[1m^[22m[39m[31m[1m^[22m[39m[31m[1m^[22m[39m[31m[1m^[22m[39m[31m[1m^[22m[39m[31m[1m^[22m[39m[31m[1m^[22m[39m[31m[1m^[22m[39m[31m[1m^[22m[39m[31m[1m^[22m[39m[31m[1m^[22m[39m[31m[1m^[22m[39m[31m[1m^[22m[39m[31m[1m^[22m[39m[31m[1m^[22m[39m[31m[1m^[22m[39m[31m[1m^[22m[39m[31m[1m^[22m[39m[31m[1m^[22m[39m[31m[1m^[22m[39m[31m[1m^[22m[39m[31m[1m^[22m[39m[31m[1m^[22m[39m[31m[1m^[22m[39m[31m[1m^[22m[39m[31m[1m^[22m[39m[31m[1m^[22m[39m[31m[1m^[22m[39m[31m[1m^[22m[39m[31m[1m^[22m[39m[31m[1m^[22m[39m[31m[1m^[22m[39m[31m[1m^[22m[39m[31m[1m^[22m[39m[31m[1m^[22m[39m[31m[1m^[22m[39m[31m[1m^[22m[39m[31m[1m^[22m[39m[31m[1m^[22m[39m[31m[1m^[22m[39m[31m[1m^[22m[39m[31m[1m^[22m[39m[31m[1m^[22m[39m[31m[1m^[22m[39m[31m[1m^[22m[39m[31m[1m^[22m[39m[31m[1m^[22m[39m[31m[1m^[22m[39m[31m[1m^[22m[39m[31m[1m^[22m[39m[31m[1m^[22m[39m[31m[1m^[22m[39m[31m[1m^[22m[39m[31m[1m^[22m[39m
 [90m  9 |[39m [36mimport[39m { [33mTestimonialsSection[39m } [36mfrom[39m [32m"@/sections/TestimonialsSection"[39m[33m;[39m
 [90m 10 |[39m [36mimport[39m { [33mQuoteSection[39m } [36mfrom[39m [32m"@/sections/QuoteSection"[39m[33m;[39m
 [90m 11 |[39m [36mimport[39m { [33mFooter[39m } [36mfrom[39m [32m"@/components/Footer"[39m[33m;[39m[0m

Import map: aliased to relative './src/sections/ConfiguratorSection' inside of [project]/


Import traces:
  Client Component Browser:
    ./src/app/page.tsx [Client Component Browser]
    ./src/app/page.tsx [Server Component]

  Client Component SSR:
    ./src/app/page.tsx [Client Component SSR]
    ./src/app/page.tsx [Server Component]

https://nextjs.org/docs/messages/module-not-found


⨯ ./src/app/page.tsx:10:1
Module not found: Can't resolve '@/sections/QuoteSection'
[0m [90m  8 |[39m [36mimport[39m { [33mConfiguratorSection[39m } [36mfrom[39m [32m"@/sections/ConfiguratorSection"[39m[33m;[39m
 [90m  9 |[39m [36mimport[39m { [33mTestimonialsSection[39m } [36mfrom[39m [32m"@/sections/TestimonialsSection"[39m[33m;[39m
[31m[1m>[22m[39m[90m 10 |[39m [36mimport[39m { [33mQuoteSection[39m } [36mfrom[39m [32m"@/sections/QuoteSection"[39m[33m;[39m
 [90m    |[39m [31m[1m^[22m[39m[31m[1m^[22m[39m[31m[1m^[22m[39m[31m[1m^[22m[39m[31m[1m^[22m[39m[31m[1m^[22m[39m[31m[1m^[22m[39m[31m[1m^[22m[39m[31m[1m^[22m[39m[31m[1m^[22m[39m[31m[1m^[22m[39m[31m[1m^[22m[39m[31m[1m^[22m[39m[31m[1m^[22m[39m[31m[1m^[22m[39m[31m[1m^[22m[39m[31m[1m^[22m[39m[31m[1m^[22m[39m[31m[1m^[22m[39m[31m[1m^[22m[39m[31m[1m^[22m[39m[31m[1m^[22m[39m[31m[1m^[22m[39m[31m[1m^[22m[39m[31m[1m^[22m[39m[31m[1m^[22m[39m[31m[1m^[22m[39m[31m[1m^[22m[39m[31m[1m^[22m[39m[31m[1m^[22m[39m[31m[1m^[22m[39m[31m[1m^[22m[39m[31m[1m^[22m[39m[31m[1m^[22m[39m[31m[1m^[22m[39m[31m[1m^[22m[39m[31m[1m^[22m[39m[31m[1m^[22m[39m[31m[1m^[22m[39m[31m[1m^[22m[39m[31m[1m^[22m[39m[31m[1m^[22m[39m[31m[1m^[22m[39m[31m[1m^[22m[39m[31m[1m^[22m[39m[31m[1m^[22m[39m[31m[1m^[22m[39m[31m[1m^[22m[39m[31m[1m^[22m[39m[31m[1m^[22m[39m[31m[1m^[22m[39m[31m[1m^[22m[39m[31m[1m^[22m[39m[31m[1m^[22m[39m[31m[1m^[22m[39m
 [90m 11 |[39m [36mimport[39m { [33mFooter[39m } [36mfrom[39m [32m"@/components/Footer"[39m[33m;[39m
 [90m 12 |[39m
 [90m 13 |[39m [36mconst[39m [33mFADE_UP_ANIMATION_VARIANTS[39m [33m=[39m {[0m

Import map: aliased to relative './src/sections/QuoteSection' inside of [project]/


Import traces:
  Client Component Browser:
    ./src/app/page.tsx [Client Component Browser]
    ./src/app/page.tsx [Server Component]

  Client Component SSR:
    ./src/app/page.tsx [Client Component SSR]
    ./src/app/page.tsx [Server Component]

https://nextjs.org/docs/messages/module-not-found


⨯ ./src/app/page.tsx:10:1
Module not found: Can't resolve '@/sections/QuoteSection'
[0m [90m  8 |[39m [36mimport[39m { [33mConfiguratorSection[39m } [36mfrom[39m [32m"@/sections/ConfiguratorSection"[39m[33m;[39m
 [90m  9 |[39m [36mimport[39m { [33mTestimonialsSection[39m } [36mfrom[39m [32m"@/sections/TestimonialsSection"[39m[33m;[39m
[31m[1m>[22m[39m[90m 10 |[39m [36mimport[39m { [33mQuoteSection[39m } [36mfrom[39m [32m"@/sections/QuoteSection"[39m[33m;[39m
 [90m    |[39m [31m[1m^[22m[39m[31m[1m^[22m[39m[31m[1m^[22m[39m[31m[1m^[22m[39m[31m[1m^[22m[39m[31m[1m^[22m[39m[31m[1m^[22m[39m[31m[1m^[22m[39m[31m[1m^[22m[39m[31m[1m^[22m[39m[31m[1m^[22m[39m[31m[1m^[22m[39m[31m[1m^[22m[39m[31m[1m^[22m[39m[31m[1m^[22m[39m[31m[1m^[22m[39m[31m[1m^[22m[39m[31m[1m^[22m[39m[31m[1m^[22m[39m[31m[1m^[22m[39m[31m[1m^[22m[39m[31m[1m^[22m[39m[31m[1m^[22m[39m[31m[1m^[22m[39m[31m[1m^[22m[39m[31m[1m^[22m[39m[31m[1m^[22m[39m[31m[1m^[22m[39m[31m[1m^[22m[39m[31m[1m^[22m[39m[31m[1m^[22m[39m[31m[1m^[22m[39m[31m[1m^[22m[39m[31m[1m^[22m[39m[31m[1m^[22m[39m[31m[1m^[22m[39m[31m[1m^[22m[39m[31m[1m^[22m[39m[31m[1m^[22m[39m[31m[1m^[22m[39m[31m[1m^[22m[39m[31m[1m^[22m[39m[31m[1m^[22m[39m[31m[1m^[22m[39m[31m[1m^[22m[39m[31m[1m^[22m[39m[31m[1m^[22m[39m[31m[1m^[22m[39m[31m[1m^[22m[39m[31m[1m^[22m[39m[31m[1m^[22m[39m[31m[1m^[22m[39m[31m[1m^[22m[39m[31m[1m^[22m[39m[31m[1m^[22m[39m
 [90m 11 |[39m [36mimport[39m { [33mFooter[39m } [36mfrom[39m [32m"@/components/Footer"[39m[33m;[39m
 [90m 12 |[39m
 [90m 13 |[39m [36mconst[39m [33mFADE_UP_ANIMATION_VARIANTS[39m [33m=[39m {[0m

Import map: aliased to relative './src/sections/QuoteSection' inside of [project]/


Import traces:
  Client Component Browser:
    ./src/app/page.tsx [Client Component Browser]
    ./src/app/page.tsx [Server Component]

  Client Component SSR:
    ./src/app/page.tsx [Client Component SSR]
    ./src/app/page.tsx [Server Component]

https://nextjs.org/docs/messages/module-not-found


⨯ ./src/app/page.tsx:10:1
Module not found: Can't resolve '@/sections/QuoteSection'
[0m [90m  8 |[39m [36mimport[39m { [33mConfiguratorSection[39m } [36mfrom[39m [32m"@/sections/ConfiguratorSection"[39m[33m;[39m
 [90m  9 |[39m [36mimport[39m { [33mTestimonialsSection[39m } [36mfrom[39m [32m"@/sections/TestimonialsSection"[39m[33m;[39m
[31m[1m>[22m[39m[90m 10 |[39m [36mimport[39m { [33mQuoteSection[39m } [36mfrom[39m [32m"@/sections/QuoteSection"[39m[33m;[39m
 [90m    |[39m [31m[1m^[22m[39m[31m[1m^[22m[39m[31m[1m^[22m[39m[31m[1m^[22m[39m[31m[1m^[22m[39m[31m[1m^[22m[39m[31m[1m^[22m[39m[31m[1m^[22m[39m[31m[1m^[22m[39m[31m[1m^[22m[39m[31m[1m^[22m[39m[31m[1m^[22m[39m[31m[1m^[22m[39m[31m[1m^[22m[39m[31m[1m^[22m[39m[31m[1m^[22m[39m[31m[1m^[22m[39m[31m[1m^[22m[39m[31m[1m^[22m[39m[31m[1m^[22m[39m[31m[1m^[22m[39m[31m[1m^[22m[39m[31m[1m^[22m[39m[31m[1m^[22m[39m[31m[1m^[22m[39m[31m[1m^[22m[39m[31m[1m^[22m[39m[31m[1m^[22m[39m[31m[1m^[22m[39m[31m[1m^[22m[39m[31m[1m^[22m[39m[31m[1m^[22m[39m[31m[1m^[22m[39m[31m[1m^[22m[39m[31m[1m^[22m[39m[31m[1m^[22m[39m[31m[1m^[22m[39m[31m[1m^[22m[39m[31m[1m^[22m[39m[31m[1m^[22m[39m[31m[1m^[22m[39m[31m[1m^[22m[39m[31m[1m^[22m[39m[31m[1m^[22m[39m[31m[1m^[22m[39m[31m[1m^[22m[39m[31m[1m^[22m[39m[31m[1m^[22m[39m[31m[1m^[22m[39m[31m[1m^[22m[39m[31m[1m^[22m[39m[31m[1m^[22m[39m[31m[1m^[22m[39m[31m[1m^[22m[39m[31m[1m^[22m[39m
 [90m 11 |[39m [36mimport[39m { [33mFooter[39m } [36mfrom[39m [32m"@/components/Footer"[39m[33m;[39m
 [90m 12 |[39m
 [90m 13 |[39m [36mconst[39m [33mFADE_UP_ANIMATION_VARIANTS[39m [33m=[39m {[0m

Import map: aliased to relative './src/sections/QuoteSection' inside of [project]/


Import traces:
  Client Component Browser:
    ./src/app/page.tsx [Client Component Browser]
    ./src/app/page.tsx [Server Component]

  Client Component SSR:
    ./src/app/page.tsx [Client Component SSR]
    ./src/app/page.tsx [Server Component]

https://nextjs.org/docs/messages/module-not-found


⨯ ./src/app/page.tsx:10:1
Module not found: Can't resolve '@/sections/QuoteSection'
[0m [90m  8 |[39m [36mimport[39m { [33mConfiguratorSection[39m } [36mfrom[39m [32m"@/sections/ConfiguratorSection"[39m[33m;[39m
 [90m  9 |[39m [36mimport[39m { [33mTestimonialsSection[39m } [36mfrom[39m [32m"@/sections/TestimonialsSection"[39m[33m;[39m
[31m[1m>[22m[39m[90m 10 |[39m [36mimport[39m { [33mQuoteSection[39m } [36mfrom[39m [32m"@/sections/QuoteSection"[39m[33m;[39m
 [90m    |[39m [31m[1m^[22m[39m[31m[1m^[22m[39m[31m[1m^[22m[39m[31m[1m^[22m[39m[31m[1m^[22m[39m[31m[1m^[22m[39m[31m[1m^[22m[39m[31m[1m^[22m[39m[31m[1m^[22m[39m[31m[1m^[22m[39m[31m[1m^[22m[39m[31m[1m^[22m[39m[31m[1m^[22m[39m[31m[1m^[22m[39m[31m[1m^[22m[39m[31m[1m^[22m[39m[31m[1m^[22m[39m[31m[1m^[22m[39m[31m[1m^[22m[39m[31m[1m^[22m[39m[31m[1m^[22m[39m[31m[1m^[22m[39m[31m[1m^[22m[39m[31m[1m^[22m[39m[31m[1m^[22m[39m[31m[1m^[22m[39m[31m[1m^[22m[39m[31m[1m^[22m[39m[31m[1m^[22m[39m[31m[1m^[22m[39m[31m[1m^[22m[39m[31m[1m^[22m[39m[31m[1m^[22m[39m[31m[1m^[22m[39m[31m[1m^[22m[39m[31m[1m^[22m[39m[31m[1m^[22m[39m[31m[1m^[22m[39m[31m[1m^[22m[39m[31m[1m^[22m[39m[31m[1m^[22m[39m[31m[1m^[22m[39m[31m[1m^[22m[39m[31m[1m^[22m[39m[31m[1m^[22m[39m[31m[1m^[22m[39m[31m[1m^[22m[39m[31m[1m^[22m[39m[31m[1m^[22m[39m[31m[1m^[22m[39m[31m[1m^[22m[39m[31m[1m^[22m[39m[31m[1m^[22m[39m[31m[1m^[22m[39m[31m[1m^[22m[39m
 [90m 11 |[39m [36mimport[39m { [33mFooter[39m } [36mfrom[39m [32m"@/components/Footer"[39m[33m;[39m
 [90m 12 |[39m
 [90m 13 |[39m [36mconst[39m [33mFADE_UP_ANIMATION_VARIANTS[39m [33m=[39m {[0m

Import map: aliased to relative './src/sections/QuoteSection' inside of [project]/


Import traces:
  Client Component Browser:
    ./src/app/page.tsx [Client Component Browser]
    ./src/app/page.tsx [Server Component]

  Client Component SSR:
    ./src/app/page.tsx [Client Component SSR]
    ./src/app/page.tsx [Server Component]

https://nextjs.org/docs/messages/module-not-found


⨯ ./src/app/page.tsx:9:1
Module not found: Can't resolve '@/sections/TestimonialsSection'
[0m [90m  7 |[39m [36mimport[39m { [33mResultsSection[39m } [36mfrom[39m [32m"@/sections/ResultsSection"[39m[33m;[39m
 [90m  8 |[39m [36mimport[39m { [33mConfiguratorSection[39m } [36mfrom[39m [32m"@/sections/ConfiguratorSection"[39m[33m;[39m
[31m[1m>[22m[39m[90m  9 |[39m [36mimport[39m { [33mTestimonialsSection[39m } [36mfrom[39m [32m"@/sections/TestimonialsSection"[39m[33m;[39m
 [90m    |[39m [31m[1m^[22m[39m[31m[1m^[22m[39m[31m[1m^[22m[39m[31m[1m^[22m[39m[31m[1m^[22m[39m[31m[1m^[22m[39m[31m[1m^[22m[39m[31m[1m^[22m[39m[31m[1m^[22m[39m[31m[1m^[22m[39m[31m[1m^[22m[39m[31m[1m^[22m[39m[31m[1m^[22m[39m[31m[1m^[22m[39m[31m[1m^[22m[39m[31m[1m^[22m[39m[31m[1m^[22m[39m[31m[1m^[22m[39m[31m[1m^[22m[39m[31m[1m^[22m[39m[31m[1m^[22m[39m[31m[1m^[22m[39m[31m[1m^[22m[39m[31m[1m^[22m[39m[31m[1m^[22m[39m[31m[1m^[22m[39m[31m[1m^[22m[39m[31m[1m^[22m[39m[31m[1m^[22m[39m[31m[1m^[22m[39m[31m[1m^[22m[39m[31m[1m^[22m[39m[31m[1m^[22m[39m[31m[1m^[22m[39m[31m[1m^[22m[39m[31m[1m^[22m[39m[31m[1m^[22m[39m[31m[1m^[22m[39m[31m[1m^[22m[39m[31m[1m^[22m[39m[31m[1m^[22m[39m[31m[1m^[22m[39m[31m[1m^[22m[39m[31m[1m^[22m[39m[31m[1m^[22m[39m[31m[1m^[22m[39m[31m[1m^[22m[39m[31m[1m^[22m[39m[31m[1m^[22m[39m[31m[1m^[22m[39m[31m[1m^[22m[39m[31m[1m^[22m[39m[31m[1m^[22m[39m[31m[1m^[22m[39m[31m[1m^[22m[39m[31m[1m^[22m[39m[31m[1m^[22m[39m[31m[1m^[22m[39m[31m[1m^[22m[39m[31m[1m^[22m[39m[31m[1m^[22m[39m[31m[1m^[22m[39m[31m[1m^[22m[39m[31m[1m^[22m[39m[31m[1m^[22m[39m[31m[1m^[22m[39m[31m[1m^[22m[39m[31m[1m^[22m[39m[31m[1m^[22m[39m
 [90m 10 |[39m [36mimport[39m { [33mQuoteSection[39m } [36mfrom[39m [32m"@/sections/QuoteSection"[39m[33m;[39m
 [90m 11 |[39m [36mimport[39m { [33mFooter[39m } [36mfrom[39m [32m"@/components/Footer"[39m[33m;[39m
 [90m 12 |[39m[0m

Import map: aliased to relative './src/sections/TestimonialsSection' inside of [project]/


Import traces:
  Client Component Browser:
    ./src/app/page.tsx [Client Component Browser]
    ./src/app/page.tsx [Server Component]

  Client Component SSR:
    ./src/app/page.tsx [Client Component SSR]
    ./src/app/page.tsx [Server Component]

https://nextjs.org/docs/messages/module-not-found


⨯ ./src/app/page.tsx:9:1
Module not found: Can't resolve '@/sections/TestimonialsSection'
[0m [90m  7 |[39m [36mimport[39m { [33mResultsSection[39m } [36mfrom[39m [32m"@/sections/ResultsSection"[39m[33m;[39m
 [90m  8 |[39m [36mimport[39m { [33mConfiguratorSection[39m } [36mfrom[39m [32m"@/sections/ConfiguratorSection"[39m[33m;[39m
[31m[1m>[22m[39m[90m  9 |[39m [36mimport[39m { [33mTestimonialsSection[39m } [36mfrom[39m [32m"@/sections/TestimonialsSection"[39m[33m;[39m
 [90m    |[39m [31m[1m^[22m[39m[31m[1m^[22m[39m[31m[1m^[22m[39m[31m[1m^[22m[39m[31m[1m^[22m[39m[31m[1m^[22m[39m[31m[1m^[22m[39m[31m[1m^[22m[39m[31m[1m^[22m[39m[31m[1m^[22m[39m[31m[1m^[22m[39m[31m[1m^[22m[39m[31m[1m^[22m[39m[31m[1m^[22m[39m[31m[1m^[22m[39m[31m[1m^[22m[39m[31m[1m^[22m[39m[31m[1m^[22m[39m[31m[1m^[22m[39m[31m[1m^[22m[39m[31m[1m^[22m[39m[31m[1m^[22m[39m[31m[1m^[22m[39m[31m[1m^[22m[39m[31m[1m^[22m[39m[31m[1m^[22m[39m[31m[1m^[22m[39m[31m[1m^[22m[39m[31m[1m^[22m[39m[31m[1m^[22m[39m[31m[1m^[22m[39m[31m[1m^[22m[39m[31m[1m^[22m[39m[31m[1m^[22m[39m[31m[1m^[22m[39m[31m[1m^[22m[39m[31m[1m^[22m[39m[31m[1m^[22m[39m[31m[1m^[22m[39m[31m[1m^[22m[39m[31m[1m^[22m[39m[31m[1m^[22m[39m[31m[1m^[22m[39m[31m[1m^[22m[39m[31m[1m^[22m[39m[31m[1m^[22m[39m[31m[1m^[22m[39m[31m[1m^[22m[39m[31m[1m^[22m[39m[31m[1m^[22m[39m[31m[1m^[22m[39m[31m[1m^[22m[39m[31m[1m^[22m[39m[31m[1m^[22m[39m[31m[1m^[22m[39m[31m[1m^[22m[39m[31m[1m^[22m[39m[31m[1m^[22m[39m[31m[1m^[22m[39m[31m[1m^[22m[39m[31m[1m^[22m[39m[31m[1m^[22m[39m[31m[1m^[22m[39m[31m[1m^[22m[39m[31m[1m^[22m[39m[31m[1m^[22m[39m[31m[1m^[22m[39m[31m[1m^[22m[39m[31m[1m^[22m[39m
 [90m 10 |[39m [36mimport[39m { [33mQuoteSection[39m } [36mfrom[39m [32m"@/sections/QuoteSection"[39m[33m;[39m
 [90m 11 |[39m [36mimport[39m { [33mFooter[39m } [36mfrom[39m [32m"@/components/Footer"[39m[33m;[39m
 [90m 12 |[39m[0m

Import map: aliased to relative './src/sections/TestimonialsSection' inside of [project]/


Import traces:
  Client Component Browser:
    ./src/app/page.tsx [Client Component Browser]
    ./src/app/page.tsx [Server Component]

  Client Component SSR:
    ./src/app/page.tsx [Client Component SSR]
    ./src/app/page.tsx [Server Component]

https://nextjs.org/docs/messages/module-not-found


⨯ ./src/app/page.tsx:9:1
Module not found: Can't resolve '@/sections/TestimonialsSection'
[0m [90m  7 |[39m [36mimport[39m { [33mResultsSection[39m } [36mfrom[39m [32m"@/sections/ResultsSection"[39m[33m;[39m
 [90m  8 |[39m [36mimport[39m { [33mConfiguratorSection[39m } [36mfrom[39m [32m"@/sections/ConfiguratorSection"[39m[33m;[39m
[31m[1m>[22m[39m[90m  9 |[39m [36mimport[39m { [33mTestimonialsSection[39m } [36mfrom[39m [32m"@/sections/TestimonialsSection"[39m[33m;[39m
 [90m    |[39m [31m[1m^[22m[39m[31m[1m^[22m[39m[31m[1m^[22m[39m[31m[1m^[22m[39m[31m[1m^[22m[39m[31m[1m^[22m[39m[31m[1m^[22m[39m[31m[1m^[22m[39m[31m[1m^[22m[39m[31m[1m^[22m[39m[31m[1m^[22m[39m[31m[1m^[22m[39m[31m[1m^[22m[39m[31m[1m^[22m[39m[31m[1m^[22m[39m[31m[1m^[22m[39m[31m[1m^[22m[39m[31m[1m^[22m[39m[31m[1m^[22m[39m[31m[1m^[22m[39m[31m[1m^[22m[39m[31m[1m^[22m[39m[31m[1m^[22m[39m[31m[1m^[22m[39m[31m[1m^[22m[39m[31m[1m^[22m[39m[31m[1m^[22m[39m[31m[1m^[22m[39m[31m[1m^[22m[39m[31m[1m^[22m[39m[31m[1m^[22m[39m[31m[1m^[22m[39m[31m[1m^[22m[39m[31m[1m^[22m[39m[31m[1m^[22m[39m[31m[1m^[22m[39m[31m[1m^[22m[39m[31m[1m^[22m[39m[31m[1m^[22m[39m[31m[1m^[22m[39m[31m[1m^[22m[39m[31m[1m^[22m[39m[31m[1m^[22m[39m[31m[1m^[22m[39m[31m[1m^[22m[39m[31m[1m^[22m[39m[31m[1m^[22m[39m[31m[1m^[22m[39m[31m[1m^[22m[39m[31m[1m^[22m[39m[31m[1m^[22m[39m[31m[1m^[22m[39m[31m[1m^[22m[39m[31m[1m^[22m[39m[31m[1m^[22m[39m[31m[1m^[22m[39m[31m[1m^[22m[39m[31m[1m^[22m[39m[31m[1m^[22m[39m[31m[1m^[22m[39m[31m[1m^[22m[39m[31m[1m^[22m[39m[31m[1m^[22m[39m[31m[1m^[22m[39m[31m[1m^[22m[39m[31m[1m^[22m[39m[31m[1m^[22m[39m[31m[1m^[22m[39m[31m[1m^[22m[39m
 [90m 10 |[39m [36mimport[39m { [33mQuoteSection[39m } [36mfrom[39m [32m"@/sections/QuoteSection"[39m[33m;[39m
 [90m 11 |[39m [36mimport[39m { [33mFooter[39m } [36mfrom[39m [32m"@/components/Footer"[39m[33m;[39m
 [90m 12 |[39m[0m

Import map: aliased to relative './src/sections/TestimonialsSection' inside of [project]/


Import traces:
  Client Component Browser:
    ./src/app/page.tsx [Client Component Browser]
    ./src/app/page.tsx [Server Component]

  Client Component SSR:
    ./src/app/page.tsx [Client Component SSR]
    ./src/app/page.tsx [Server Component]

https://nextjs.org/docs/messages/module-not-found


⨯ ./src/app/page.tsx:9:1
Module not found: Can't resolve '@/sections/TestimonialsSection'
[0m [90m  7 |[39m [36mimport[39m { [33mResultsSection[39m } [36mfrom[39m [32m"@/sections/ResultsSection"[39m[33m;[39m
 [90m  8 |[39m [36mimport[39m { [33mConfiguratorSection[39m } [36mfrom[39m [32m"@/sections/ConfiguratorSection"[39m[33m;[39m
[31m[1m>[22m[39m[90m  9 |[39m [36mimport[39m { [33mTestimonialsSection[39m } [36mfrom[39m [32m"@/sections/TestimonialsSection"[39m[33m;[39m
 [90m    |[39m [31m[1m^[22m[39m[31m[1m^[22m[39m[31m[1m^[22m[39m[31m[1m^[22m[39m[31m[1m^[22m[39m[31m[1m^[22m[39m[31m[1m^[22m[39m[31m[1m^[22m[39m[31m[1m^[22m[39m[31m[1m^[22m[39m[31m[1m^[22m[39m[31m[1m^[22m[39m[31m[1m^[22m[39m[31m[1m^[22m[39m[31m[1m^[22m[39m[31m[1m^[22m[39m[31m[1m^[22m[39m[31m[1m^[22m[39m[31m[1m^[22m[39m[31m[1m^[22m[39m[31m[1m^[22m[39m[31m[1m^[22m[39m[31m[1m^[22m[39m[31m[1m^[22m[39m[31m[1m^[22m[39m[31m[1m^[22m[39m[31m[1m^[22m[39m[31m[1m^[22m[39m[31m[1m^[22m[39m[31m[1m^[22m[39m[31m[1m^[22m[39m[31m[1m^[22m[39m[31m[1m^[22m[39m[31m[1m^[22m[39m[31m[1m^[22m[39m[31m[1m^[22m[39m[31m[1m^[22m[39m[31m[1m^[22m[39m[31m[1m^[22m[39m[31m[1m^[22m[39m[31m[1m^[22m[39m[31m[1m^[22m[39m[31m[1m^[22m[39m[31m[1m^[22m[39m[31m[1m^[22m[39m[31m[1m^[22m[39m[31m[1m^[22m[39m[31m[1m^[22m[39m[31m[1m^[22m[39m[31m[1m^[22m[39m[31m[1m^[22m[39m[31m[1m^[22m[39m[31m[1m^[22m[39m[31m[1m^[22m[39m[31m[1m^[22m[39m[31m[1m^[22m[39m[31m[1m^[22m[39m[31m[1m^[22m[39m[31m[1m^[22m[39m[31m[1m^[22m[39m[31m[1m^[22m[39m[31m[1m^[22m[39m[31m[1m^[22m[39m[31m[1m^[22m[39m[31m[1m^[22m[39m[31m[1m^[22m[39m[31m[1m^[22m[39m[31m[1m^[22m[39m[31m[1m^[22m[39m
 [90m 10 |[39m [36mimport[39m { [33mQuoteSection[39m } [36mfrom[39m [32m"@/sections/QuoteSection"[39m[33m;[39m
 [90m 11 |[39m [36mimport[39m { [33mFooter[39m } [36mfrom[39m [32m"@/components/Footer"[39m[33m;[39m
 [90m 12 |[39m[0m

Import map: aliased to relative './src/sections/TestimonialsSection' inside of [project]/


Import traces:
  Client Component Browser:
    ./src/app/page.tsx [Client Component Browser]
    ./src/app/page.tsx [Server Component]

  Client Component SSR:
    ./src/app/page.tsx [Client Component SSR]
    ./src/app/page.tsx [Server Component]

https://nextjs.org/docs/messages/module-not-found


⨯ ./src/app/page.tsx:10:1
Module not found: Can't resolve '@/sections/QuoteSection'
[0m [90m  8 |[39m [36mimport[39m { [33mConfiguratorSection[39m } [36mfrom[39m [32m"@/sections/ConfiguratorSection"[39m[33m;[39m
 [90m  9 |[39m [36mimport[39m { [33mTestimonialsSection[39m } [36mfrom[39m [32m"@/sections/TestimonialsSection"[39m[33m;[39m
[31m[1m>[22m[39m[90m 10 |[39m [36mimport[39m { [33mQuoteSection[39m } [36mfrom[39m [32m"@/sections/QuoteSection"[39m[33m;[39m
 [90m    |[39m [31m[1m^[22m[39m[31m[1m^[22m[39m[31m[1m^[22m[39m[31m[1m^[22m[39m[31m[1m^[22m[39m[31m[1m^[22m[39m[31m[1m^[22m[39m[31m[1m^[22m[39m[31m[1m^[22m[39m[31m[1m^[22m[39m[31m[1m^[22m[39m[31m[1m^[22m[39m[31m[1m^[22m[39m[31m[1m^[22m[39m[31m[1m^[22m[39m[31m[1m^[22m[39m[31m[1m^[22m[39m[31m[1m^[22m[39m[31m[1m^[22m[39m[31m[1m^[22m[39m[31m[1m^[22m[39m[31m[1m^[22m[39m[31m[1m^[22m[39m[31m[1m^[22m[39m[31m[1m^[22m[39m[31m[1m^[22m[39m[31m[1m^[22m[39m[31m[1m^[22m[39m[31m[1m^[22m[39m[31m[1m^[22m[39m[31m[1m^[22m[39m[31m[1m^[22m[39m[31m[1m^[22m[39m[31m[1m^[22m[39m[31m[1m^[22m[39m[31m[1m^[22m[39m[31m[1m^[22m[39m[31m[1m^[22m[39m[31m[1m^[22m[39m[31m[1m^[22m[39m[31m[1m^[22m[39m[31m[1m^[22m[39m[31m[1m^[22m[39m[31m[1m^[22m[39m[31m[1m^[22m[39m[31m[1m^[22m[39m[31m[1m^[22m[39m[31m[1m^[22m[39m[31m[1m^[22m[39m[31m[1m^[22m[39m[31m[1m^[22m[39m[31m[1m^[22m[39m[31m[1m^[22m[39m[31m[1m^[22m[39m[31m[1m^[22m[39m
 [90m 11 |[39m [36mimport[39m { [33mFooter[39m } [36mfrom[39m [32m"@/components/Footer"[39m[33m;[39m
 [90m 12 |[39m
 [90m 13 |[39m [36mconst[39m [33mFADE_UP_ANIMATION_VARIANTS[39m [33m=[39m {[0m

Import map: aliased to relative './src/sections/QuoteSection' inside of [project]/


Import traces:
  Client Component Browser:
    ./src/app/page.tsx [Client Component Browser]
    ./src/app/page.tsx [Server Component]

  Client Component SSR:
    ./src/app/page.tsx [Client Component SSR]
    ./src/app/page.tsx [Server Component]

https://nextjs.org/docs/messages/module-not-found


⨯ ./src/app/page.tsx:10:1
Module not found: Can't resolve '@/sections/QuoteSection'
[0m [90m  8 |[39m [36mimport[39m { [33mConfiguratorSection[39m } [36mfrom[39m [32m"@/sections/ConfiguratorSection"[39m[33m;[39m
 [90m  9 |[39m [36mimport[39m { [33mTestimonialsSection[39m } [36mfrom[39m [32m"@/sections/TestimonialsSection"[39m[33m;[39m
[31m[1m>[22m[39m[90m 10 |[39m [36mimport[39m { [33mQuoteSection[39m } [36mfrom[39m [32m"@/sections/QuoteSection"[39m[33m;[39m
 [90m    |[39m [31m[1m^[22m[39m[31m[1m^[22m[39m[31m[1m^[22m[39m[31m[1m^[22m[39m[31m[1m^[22m[39m[31m[1m^[22m[39m[31m[1m^[22m[39m[31m[1m^[22m[39m[31m[1m^[22m[39m[31m[1m^[22m[39m[31m[1m^[22m[39m[31m[1m^[22m[39m[31m[1m^[22m[39m[31m[1m^[22m[39m[31m[1m^[22m[39m[31m[1m^[22m[39m[31m[1m^[22m[39m[31m[1m^[22m[39m[31m[1m^[22m[39m[31m[1m^[22m[39m[31m[1m^[22m[39m[31m[1m^[22m[39m[31m[1m^[22m[39m[31m[1m^[22m[39m[31m[1m^[22m[39m[31m[1m^[22m[39m[31m[1m^[22m[39m[31m[1m^[22m[39m[31m[1m^[22m[39m[31m[1m^[22m[39m[31m[1m^[22m[39m[31m[1m^[22m[39m[31m[1m^[22m[39m[31m[1m^[22m[39m[31m[1m^[22m[39m[31m[1m^[22m[39m[31m[1m^[22m[39m[31m[1m^[22m[39m[31m[1m^[22m[39m[31m[1m^[22m[39m[31m[1m^[22m[39m[31m[1m^[22m[39m[31m[1m^[22m[39m[31m[1m^[22m[39m[31m[1m^[22m[39m[31m[1m^[22m[39m[31m[1m^[22m[39m[31m[1m^[22m[39m[31m[1m^[22m[39m[31m[1m^[22m[39m[31m[1m^[22m[39m[31m[1m^[22m[39m[31m[1m^[22m[39m[31m[1m^[22m[39m[31m[1m^[22m[39m
 [90m 11 |[39m [36mimport[39m { [33mFooter[39m } [36mfrom[39m [32m"@/components/Footer"[39m[33m;[39m
 [90m 12 |[39m
 [90m 13 |[39m [36mconst[39m [33mFADE_UP_ANIMATION_VARIANTS[39m [33m=[39m {[0m

Import map: aliased to relative './src/sections/QuoteSection' inside of [project]/


Import traces:
  Client Component Browser:
    ./src/app/page.tsx [Client Component Browser]
    ./src/app/page.tsx [Server Component]

  Client Component SSR:
    ./src/app/page.tsx [Client Component SSR]
    ./src/app/page.tsx [Server Component]

https://nextjs.org/docs/messages/module-not-found


⨯ ./src/app/page.tsx:10:1
Module not found: Can't resolve '@/sections/QuoteSection'
[0m [90m  8 |[39m [36mimport[39m { [33mConfiguratorSection[39m } [36mfrom[39m [32m"@/sections/ConfiguratorSection"[39m[33m;[39m
 [90m  9 |[39m [36mimport[39m { [33mTestimonialsSection[39m } [36mfrom[39m [32m"@/sections/TestimonialsSection"[39m[33m;[39m
[31m[1m>[22m[39m[90m 10 |[39m [36mimport[39m { [33mQuoteSection[39m } [36mfrom[39m [32m"@/sections/QuoteSection"[39m[33m;[39m
 [90m    |[39m [31m[1m^[22m[39m[31m[1m^[22m[39m[31m[1m^[22m[39m[31m[1m^[22m[39m[31m[1m^[22m[39m[31m[1m^[22m[39m[31m[1m^[22m[39m[31m[1m^[22m[39m[31m[1m^[22m[39m[31m[1m^[22m[39m[31m[1m^[22m[39m[31m[1m^[22m[39m[31m[1m^[22m[39m[31m[1m^[22m[39m[31m[1m^[22m[39m[31m[1m^[22m[39m[31m[1m^[22m[39m[31m[1m^[22m[39m[31m[1m^[22m[39m[31m[1m^[22m[39m[31m[1m^[22m[39m[31m[1m^[22m[39m[31m[1m^[22m[39m[31m[1m^[22m[39m[31m[1m^[22m[39m[31m[1m^[22m[39m[31m[1m^[22m[39m[31m[1m^[22m[39m[31m[1m^[22m[39m[31m[1m^[22m[39m[31m[1m^[22m[39m[31m[1m^[22m[39m[31m[1m^[22m[39m[31m[1m^[22m[39m[31m[1m^[22m[39m[31m[1m^[22m[39m[31m[1m^[22m[39m[31m[1m^[22m[39m[31m[1m^[22m[39m[31m[1m^[22m[39m[31m[1m^[22m[39m[31m[1m^[22m[39m[31m[1m^[22m[39m[31m[1m^[22m[39m[31m[1m^[22m[39m[31m[1m^[22m[39m[31m[1m^[22m[39m[31m[1m^[22m[39m[31m[1m^[22m[39m[31m[1m^[22m[39m[31m[1m^[22m[39m[31m[1m^[22m[39m[31m[1m^[22m[39m[31m[1m^[22m[39m[31m[1m^[22m[39m
 [90m 11 |[39m [36mimport[39m { [33mFooter[39m } [36mfrom[39m [32m"@/components/Footer"[39m[33m;[39m
 [90m 12 |[39m
 [90m 13 |[39m [36mconst[39m [33mFADE_UP_ANIMATION_VARIANTS[39m [33m=[39m {[0m

Import map: aliased to relative './src/sections/QuoteSection' inside of [project]/


Import traces:
  Client Component Browser:
    ./src/app/page.tsx [Client Component Browser]
    ./src/app/page.tsx [Server Component]

  Client Component SSR:
    ./src/app/page.tsx [Client Component SSR]
    ./src/app/page.tsx [Server Component]

https://nextjs.org/docs/messages/module-not-found


⨯ ./src/app/page.tsx:10:1
Module not found: Can't resolve '@/sections/QuoteSection'
[0m [90m  8 |[39m [36mimport[39m { [33mConfiguratorSection[39m } [36mfrom[39m [32m"@/sections/ConfiguratorSection"[39m[33m;[39m
 [90m  9 |[39m [36mimport[39m { [33mTestimonialsSection[39m } [36mfrom[39m [32m"@/sections/TestimonialsSection"[39m[33m;[39m
[31m[1m>[22m[39m[90m 10 |[39m [36mimport[39m { [33mQuoteSection[39m } [36mfrom[39m [32m"@/sections/QuoteSection"[39m[33m;[39m
 [90m    |[39m [31m[1m^[22m[39m[31m[1m^[22m[39m[31m[1m^[22m[39m[31m[1m^[22m[39m[31m[1m^[22m[39m[31m[1m^[22m[39m[31m[1m^[22m[39m[31m[1m^[22m[39m[31m[1m^[22m[39m[31m[1m^[22m[39m[31m[1m^[22m[39m[31m[1m^[22m[39m[31m[1m^[22m[39m[31m[1m^[22m[39m[31m[1m^[22m[39m[31m[1m^[22m[39m[31m[1m^[22m[39m[31m[1m^[22m[39m[31m[1m^[22m[39m[31m[1m^[22m[39m[31m[1m^[22m[39m[31m[1m^[22m[39m[31m[1m^[22m[39m[31m[1m^[22m[39m[31m[1m^[22m[39m[31m[1m^[22m[39m[31m[1m^[22m[39m[31m[1m^[22m[39m[31m[1m^[22m[39m[31m[1m^[22m[39m[31m[1m^[22m[39m[31m[1m^[22m[39m[31m[1m^[22m[39m[31m[1m^[22m[39m[31m[1m^[22m[39m[31m[1m^[22m[39m[31m[1m^[22m[39m[31m[1m^[22m[39m[31m[1m^[22m[39m[31m[1m^[22m[39m[31m[1m^[22m[39m[31m[1m^[22m[39m[31m[1m^[22m[39m[31m[1m^[22m[39m[31m[1m^[22m[39m[31m[1m^[22m[39m[31m[1m^[22m[39m[31m[1m^[22m[39m[31m[1m^[22m[39m[31m[1m^[22m[39m[31m[1m^[22m[39m[31m[1m^[22m[39m[31m[1m^[22m[39m[31m[1m^[22m[39m[31m[1m^[22m[39m
 [90m 11 |[39m [36mimport[39m { [33mFooter[39m } [36mfrom[39m [32m"@/components/Footer"[39m[33m;[39m
 [90m 12 |[39m
 [90m 13 |[39m [36mconst[39m [33mFADE_UP_ANIMATION_VARIANTS[39m [33m=[39m {[0m

Import map: aliased to relative './src/sections/QuoteSection' inside of [project]/


Import traces:
  Client Component Browser:
    ./src/app/page.tsx [Client Component Browser]
    ./src/app/page.tsx [Server Component]

  Client Component SSR:
    ./src/app/page.tsx [Client Component SSR]
    ./src/app/page.tsx [Server Component]

https://nextjs.org/docs/messages/module-not-found


⨯ ./src/app/page.tsx:9:1
Module not found: Can't resolve '@/sections/TestimonialsSection'
[0m [90m  7 |[39m [36mimport[39m { [33mResultsSection[39m } [36mfrom[39m [32m"@/sections/ResultsSection"[39m[33m;[39m
 [90m  8 |[39m [36mimport[39m { [33mConfiguratorSection[39m } [36mfrom[39m [32m"@/sections/ConfiguratorSection"[39m[33m;[39m
[31m[1m>[22m[39m[90m  9 |[39m [36mimport[39m { [33mTestimonialsSection[39m } [36mfrom[39m [32m"@/sections/TestimonialsSection"[39m[33m;[39m
 [90m    |[39m [31m[1m^[22m[39m[31m[1m^[22m[39m[31m[1m^[22m[39m[31m[1m^[22m[39m[31m[1m^[22m[39m[31m[1m^[22m[39m[31m[1m^[22m[39m[31m[1m^[22m[39m[31m[1m^[22m[39m[31m[1m^[22m[39m[31m[1m^[22m[39m[31m[1m^[22m[39m[31m[1m^[22m[39m[31m[1m^[22m[39m[31m[1m^[22m[39m[31m[1m^[22m[39m[31m[1m^[22m[39m[31m[1m^[22m[39m[31m[1m^[22m[39m[31m[1m^[22m[39m[31m[1m^[22m[39m[31m[1m^[22m[39m[31m[1m^[22m[39m[31m[1m^[22m[39m[31m[1m^[22m[39m[31m[1m^[22m[39m[31m[1m^[22m[39m[31m[1m^[22m[39m[31m[1m^[22m[39m[31m[1m^[22m[39m[31m[1m^[22m[39m[31m[1m^[22m[39m[31m[1m^[22m[39m[31m[1m^[22m[39m[31m[1m^[22m[39m[31m[1m^[22m[39m[31m[1m^[22m[39m[31m[1m^[22m[39m[31m[1m^[22m[39m[31m[1m^[22m[39m[31m[1m^[22m[39m[31m[1m^[22m[39m[31m[1m^[22m[39m[31m[1m^[22m[39m[31m[1m^[22m[39m[31m[1m^[22m[39m[31m[1m^[22m[39m[31m[1m^[22m[39m[31m[1m^[22m[39m[31m[1m^[22m[39m[31m[1m^[22m[39m[31m[1m^[22m[39m[31m[1m^[22m[39m[31m[1m^[22m[39m[31m[1m^[22m[39m[31m[1m^[22m[39m[31m[1m^[22m[39m[31m[1m^[22m[39m[31m[1m^[22m[39m[31m[1m^[22m[39m[31m[1m^[22m[39m[31m[1m^[22m[39m[31m[1m^[22m[39m[31m[1m^[22m[39m[31m[1m^[22m[39m[31m[1m^[22m[39m[31m[1m^[22m[39m[31m[1m^[22m[39m[31m[1m^[22m[39m
 [90m 10 |[39m [36mimport[39m { [33mQuoteSection[39m } [36mfrom[39m [32m"@/sections/QuoteSection"[39m[33m;[39m
 [90m 11 |[39m [36mimport[39m { [33mFooter[39m } [36mfrom[39m [32m"@/components/Footer"[39m[33m;[39m
 [90m 12 |[39m[0m

Import map: aliased to relative './src/sections/TestimonialsSection' inside of [project]/


Import traces:
  Client Component Browser:
    ./src/app/page.tsx [Client Component Browser]
    ./src/app/page.tsx [Server Component]

  Client Component SSR:
    ./src/app/page.tsx [Client Component SSR]
    ./src/app/page.tsx [Server Component]

https://nextjs.org/docs/messages/module-not-found


⨯ ./src/app/page.tsx:9:1
Module not found: Can't resolve '@/sections/TestimonialsSection'
[0m [90m  7 |[39m [36mimport[39m { [33mResultsSection[39m } [36mfrom[39m [32m"@/sections/ResultsSection"[39m[33m;[39m
 [90m  8 |[39m [36mimport[39m { [33mConfiguratorSection[39m } [36mfrom[39m [32m"@/sections/ConfiguratorSection"[39m[33m;[39m
[31m[1m>[22m[39m[90m  9 |[39m [36mimport[39m { [33mTestimonialsSection[39m } [36mfrom[39m [32m"@/sections/TestimonialsSection"[39m[33m;[39m
 [90m    |[39m [31m[1m^[22m[39m[31m[1m^[22m[39m[31m[1m^[22m[39m[31m[1m^[22m[39m[31m[1m^[22m[39m[31m[1m^[22m[39m[31m[1m^[22m[39m[31m[1m^[22m[39m[31m[1m^[22m[39m[31m[1m^[22m[39m[31m[1m^[22m[39m[31m[1m^[22m[39m[31m[1m^[22m[39m[31m[1m^[22m[39m[31m[1m^[22m[39m[31m[1m^[22m[39m[31m[1m^[22m[39m[31m[1m^[22m[39m[31m[1m^[22m[39m[31m[1m^[22m[39m[31m[1m^[22m[39m[31m[1m^[22m[39m[31m[1m^[22m[39m[31m[1m^[22m[39m[31m[1m^[22m[39m[31m[1m^[22m[39m[31m[1m^[22m[39m[31m[1m^[22m[39m[31m[1m^[22m[39m[31m[1m^[22m[39m[31m[1m^[22m[39m[31m[1m^[22m[39m[31m[1m^[22m[39m[31m[1m^[22m[39m[31m[1m^[22m[39m[31m[1m^[22m[39m[31m[1m^[22m[39m[31m[1m^[22m[39m[31m[1m^[22m[39m[31m[1m^[22m[39m[31m[1m^[22m[39m[31m[1m^[22m[39m[31m[1m^[22m[39m[31m[1m^[22m[39m[31m[1m^[22m[39m[31m[1m^[22m[39m[31m[1m^[22m[39m[31m[1m^[22m[39m[31m[1m^[22m[39m[31m[1m^[22m[39m[31m[1m^[22m[39m[31m[1m^[22m[39m[31m[1m^[22m[39m[31m[1m^[22m[39m[31m[1m^[22m[39m[31m[1m^[22m[39m[31m[1m^[22m[39m[31m[1m^[22m[39m[31m[1m^[22m[39m[31m[1m^[22m[39m[31m[1m^[22m[39m[31m[1m^[22m[39m[31m[1m^[22m[39m[31m[1m^[22m[39m[31m[1m^[22m[39m[31m[1m^[22m[39m[31m[1m^[22m[39m[31m[1m^[22m[39m[31m[1m^[22m[39m
 [90m 10 |[39m [36mimport[39m { [33mQuoteSection[39m } [36mfrom[39m [32m"@/sections/QuoteSection"[39m[33m;[39m
 [90m 11 |[39m [36mimport[39m { [33mFooter[39m } [36mfrom[39m [32m"@/components/Footer"[39m[33m;[39m
 [90m 12 |[39m[0m

Import map: aliased to relative './src/sections/TestimonialsSection' inside of [project]/


Import traces:
  Client Component Browser:
    ./src/app/page.tsx [Client Component Browser]
    ./src/app/page.tsx [Server Component]

  Client Component SSR:
    ./src/app/page.tsx [Client Component SSR]
    ./src/app/page.tsx [Server Component]

https://nextjs.org/docs/messages/module-not-found


⨯ ./src/app/page.tsx:9:1
Module not found: Can't resolve '@/sections/TestimonialsSection'
[0m [90m  7 |[39m [36mimport[39m { [33mResultsSection[39m } [36mfrom[39m [32m"@/sections/ResultsSection"[39m[33m;[39m
 [90m  8 |[39m [36mimport[39m { [33mConfiguratorSection[39m } [36mfrom[39m [32m"@/sections/ConfiguratorSection"[39m[33m;[39m
[31m[1m>[22m[39m[90m  9 |[39m [36mimport[39m { [33mTestimonialsSection[39m } [36mfrom[39m [32m"@/sections/TestimonialsSection"[39m[33m;[39m
 [90m    |[39m [31m[1m^[22m[39m[31m[1m^[22m[39m[31m[1m^[22m[39m[31m[1m^[22m[39m[31m[1m^[22m[39m[31m[1m^[22m[39m[31m[1m^[22m[39m[31m[1m^[22m[39m[31m[1m^[22m[39m[31m[1m^[22m[39m[31m[1m^[22m[39m[31m[1m^[22m[39m[31m[1m^[22m[39m[31m[1m^[22m[39m[31m[1m^[22m[39m[31m[1m^[22m[39m[31m[1m^[22m[39m[31m[1m^[22m[39m[31m[1m^[22m[39m[31m[1m^[22m[39m[31m[1m^[22m[39m[31m[1m^[22m[39m[31m[1m^[22m[39m[31m[1m^[22m[39m[31m[1m^[22m[39m[31m[1m^[22m[39m[31m[1m^[22m[39m[31m[1m^[22m[39m[31m[1m^[22m[39m[31m[1m^[22m[39m[31m[1m^[22m[39m[31m[1m^[22m[39m[31m[1m^[22m[39m[31m[1m^[22m[39m[31m[1m^[22m[39m[31m[1m^[22m[39m[31m[1m^[22m[39m[31m[1m^[22m[39m[31m[1m^[22m[39m[31m[1m^[22m[39m[31m[1m^[22m[39m[31m[1m^[22m[39m[31m[1m^[22m[39m[31m[1m^[22m[39m[31m[1m^[22m[39m[31m[1m^[22m[39m[31m[1m^[22m[39m[31m[1m^[22m[39m[31m[1m^[22m[39m[31m[1m^[22m[39m[31m[1m^[22m[39m[31m[1m^[22m[39m[31m[1m^[22m[39m[31m[1m^[22m[39m[31m[1m^[22m[39m[31m[1m^[22m[39m[31m[1m^[22m[39m[31m[1m^[22m[39m[31m[1m^[22m[39m[31m[1m^[22m[39m[31m[1m^[22m[39m[31m[1m^[22m[39m[31m[1m^[22m[39m[31m[1m^[22m[39m[31m[1m^[22m[39m[31m[1m^[22m[39m[31m[1m^[22m[39m[31m[1m^[22m[39m[31m[1m^[22m[39m
 [90m 10 |[39m [36mimport[39m { [33mQuoteSection[39m } [36mfrom[39m [32m"@/sections/QuoteSection"[39m[33m;[39m
 [90m 11 |[39m [36mimport[39m { [33mFooter[39m } [36mfrom[39m [32m"@/components/Footer"[39m[33m;[39m
 [90m 12 |[39m[0m

Import map: aliased to relative './src/sections/TestimonialsSection' inside of [project]/


Import traces:
  Client Component Browser:
    ./src/app/page.tsx [Client Component Browser]
    ./src/app/page.tsx [Server Component]

  Client Component SSR:
    ./src/app/page.tsx [Client Component SSR]
    ./src/app/page.tsx [Server Component]

https://nextjs.org/docs/messages/module-not-found


⨯ ./src/app/page.tsx:9:1
Module not found: Can't resolve '@/sections/TestimonialsSection'
[0m [90m  7 |[39m [36mimport[39m { [33mResultsSection[39m } [36mfrom[39m [32m"@/sections/ResultsSection"[39m[33m;[39m
 [90m  8 |[39m [36mimport[39m { [33mConfiguratorSection[39m } [36mfrom[39m [32m"@/sections/ConfiguratorSection"[39m[33m;[39m
[31m[1m>[22m[39m[90m  9 |[39m [36mimport[39m { [33mTestimonialsSection[39m } [36mfrom[39m [32m"@/sections/TestimonialsSection"[39m[33m;[39m
 [90m    |[39m [31m[1m^[22m[39m[31m[1m^[22m[39m[31m[1m^[22m[39m[31m[1m^[22m[39m[31m[1m^[22m[39m[31m[1m^[22m[39m[31m[1m^[22m[39m[31m[1m^[22m[39m[31m[1m^[22m[39m[31m[1m^[22m[39m[31m[1m^[22m[39m[31m[1m^[22m[39m[31m[1m^[22m[39m[31m[1m^[22m[39m[31m[1m^[22m[39m[31m[1m^[22m[39m[31m[1m^[22m[39m[31m[1m^[22m[39m[31m[1m^[22m[39m[31m[1m^[22m[39m[31m[1m^[22m[39m[31m[1m^[22m[39m[31m[1m^[22m[39m[31m[1m^[22m[39m[31m[1m^[22m[39m[31m[1m^[22m[39m[31m[1m^[22m[39m[31m[1m^[22m[39m[31m[1m^[22m[39m[31m[1m^[22m[39m[31m[1m^[22m[39m[31m[1m^[22m[39m[31m[1m^[22m[39m[31m[1m^[22m[39m[31m[1m^[22m[39m[31m[1m^[22m[39m[31m[1m^[22m[39m[31m[1m^[22m[39m[31m[1m^[22m[39m[31m[1m^[22m[39m[31m[1m^[22m[39m[31m[1m^[22m[39m[31m[1m^[22m[39m[31m[1m^[22m[39m[31m[1m^[22m[39m[31m[1m^[22m[39m[31m[1m^[22m[39m[31m[1m^[22m[39m[31m[1m^[22m[39m[31m[1m^[22m[39m[31m[1m^[22m[39m[31m[1m^[22m[39m[31m[1m^[22m[39m[31m[1m^[22m[39m[31m[1m^[22m[39m[31m[1m^[22m[39m[31m[1m^[22m[39m[31m[1m^[22m[39m[31m[1m^[22m[39m[31m[1m^[22m[39m[31m[1m^[22m[39m[31m[1m^[22m[39m[31m[1m^[22m[39m[31m[1m^[22m[39m[31m[1m^[22m[39m[31m[1m^[22m[39m[31m[1m^[22m[39m[31m[1m^[22m[39m[31m[1m^[22m[39m
 [90m 10 |[39m [36mimport[39m { [33mQuoteSection[39m } [36mfrom[39m [32m"@/sections/QuoteSection"[39m[33m;[39m
 [90m 11 |[39m [36mimport[39m { [33mFooter[39m } [36mfrom[39m [32m"@/components/Footer"[39m[33m;[39m
 [90m 12 |[39m[0m

Import map: aliased to relative './src/sections/TestimonialsSection' inside of [project]/


Import traces:
  Client Component Browser:
    ./src/app/page.tsx [Client Component Browser]
    ./src/app/page.tsx [Server Component]

  Client Component SSR:
    ./src/app/page.tsx [Client Component SSR]
    ./src/app/page.tsx [Server Component]

https://nextjs.org/docs/messages/module-not-found


⨯ ./src/app/page.tsx:10:1
Module not found: Can't resolve '@/sections/QuoteSection'
[0m [90m  8 |[39m [36mimport[39m { [33mConfiguratorSection[39m } [36mfrom[39m [32m"@/sections/ConfiguratorSection"[39m[33m;[39m
 [90m  9 |[39m [36mimport[39m { [33mTestimonialsSection[39m } [36mfrom[39m [32m"@/sections/TestimonialsSection"[39m[33m;[39m
[31m[1m>[22m[39m[90m 10 |[39m [36mimport[39m { [33mQuoteSection[39m } [36mfrom[39m [32m"@/sections/QuoteSection"[39m[33m;[39m
 [90m    |[39m [31m[1m^[22m[39m[31m[1m^[22m[39m[31m[1m^[22m[39m[31m[1m^[22m[39m[31m[1m^[22m[39m[31m[1m^[22m[39m[31m[1m^[22m[39m[31m[1m^[22m[39m[31m[1m^[22m[39m[31m[1m^[22m[39m[31m[1m^[22m[39m[31m[1m^[22m[39m[31m[1m^[22m[39m[31m[1m^[22m[39m[31m[1m^[22m[39m[31m[1m^[22m[39m[31m[1m^[22m[39m[31m[1m^[22m[39m[31m[1m^[22m[39m[31m[1m^[22m[39m[31m[1m^[22m[39m[31m[1m^[22m[39m[31m[1m^[22m[39m[31m[1m^[22m[39m[31m[1m^[22m[39m[31m[1m^[22m[39m[31m[1m^[22m[39m[31m[1m^[22m[39m[31m[1m^[22m[39m[31m[1m^[22m[39m[31m[1m^[22m[39m[31m[1m^[22m[39m[31m[1m^[22m[39m[31m[1m^[22m[39m[31m[1m^[22m[39m[31m[1m^[22m[39m[31m[1m^[22m[39m[31m[1m^[22m[39m[31m[1m^[22m[39m[31m[1m^[22m[39m[31m[1m^[22m[39m[31m[1m^[22m[39m[31m[1m^[22m[39m[31m[1m^[22m[39m[31m[1m^[22m[39m[31m[1m^[22m[39m[31m[1m^[22m[39m[31m[1m^[22m[39m[31m[1m^[22m[39m[31m[1m^[22m[39m[31m[1m^[22m[39m[31m[1m^[22m[39m[31m[1m^[22m[39m[31m[1m^[22m[39m[31m[1m^[22m[39m
 [90m 11 |[39m [36mimport[39m { [33mFooter[39m } [36mfrom[39m [32m"@/components/Footer"[39m[33m;[39m
 [90m 12 |[39m
 [90m 13 |[39m [36mconst[39m [33mFADE_UP_ANIMATION_VARIANTS[39m [33m=[39m {[0m

Import map: aliased to relative './src/sections/QuoteSection' inside of [project]/


Import traces:
  Client Component Browser:
    ./src/app/page.tsx [Client Component Browser]
    ./src/app/page.tsx [Server Component]

  Client Component SSR:
    ./src/app/page.tsx [Client Component SSR]
    ./src/app/page.tsx [Server Component]

https://nextjs.org/docs/messages/module-not-found


⨯ ./src/app/page.tsx:10:1
Module not found: Can't resolve '@/sections/QuoteSection'
[0m [90m  8 |[39m [36mimport[39m { [33mConfiguratorSection[39m } [36mfrom[39m [32m"@/sections/ConfiguratorSection"[39m[33m;[39m
 [90m  9 |[39m [36mimport[39m { [33mTestimonialsSection[39m } [36mfrom[39m [32m"@/sections/TestimonialsSection"[39m[33m;[39m
[31m[1m>[22m[39m[90m 10 |[39m [36mimport[39m { [33mQuoteSection[39m } [36mfrom[39m [32m"@/sections/QuoteSection"[39m[33m;[39m
 [90m    |[39m [31m[1m^[22m[39m[31m[1m^[22m[39m[31m[1m^[22m[39m[31m[1m^[22m[39m[31m[1m^[22m[39m[31m[1m^[22m[39m[31m[1m^[22m[39m[31m[1m^[22m[39m[31m[1m^[22m[39m[31m[1m^[22m[39m[31m[1m^[22m[39m[31m[1m^[22m[39m[31m[1m^[22m[39m[31m[1m^[22m[39m[31m[1m^[22m[39m[31m[1m^[22m[39m[31m[1m^[22m[39m[31m[1m^[22m[39m[31m[1m^[22m[39m[31m[1m^[22m[39m[31m[1m^[22m[39m[31m[1m^[22m[39m[31m[1m^[22m[39m[31m[1m^[22m[39m[31m[1m^[22m[39m[31m[1m^[22m[39m[31m[1m^[22m[39m[31m[1m^[22m[39m[31m[1m^[22m[39m[31m[1m^[22m[39m[31m[1m^[22m[39m[31m[1m^[22m[39m[31m[1m^[22m[39m[31m[1m^[22m[39m[31m[1m^[22m[39m[31m[1m^[22m[39m[31m[1m^[22m[39m[31m[1m^[22m[39m[31m[1m^[22m[39m[31m[1m^[22m[39m[31m[1m^[22m[39m[31m[1m^[22m[39m[31m[1m^[22m[39m[31m[1m^[22m[39m[31m[1m^[22m[39m[31m[1m^[22m[39m[31m[1m^[22m[39m[31m[1m^[22m[39m[31m[1m^[22m[39m[31m[1m^[22m[39m[31m[1m^[22m[39m[31m[1m^[22m[39m[31m[1m^[22m[39m[31m[1m^[22m[39m[31m[1m^[22m[39m
 [90m 11 |[39m [36mimport[39m { [33mFooter[39m } [36mfrom[39m [32m"@/components/Footer"[39m[33m;[39m
 [90m 12 |[39m
 [90m 13 |[39m [36mconst[39m [33mFADE_UP_ANIMATION_VARIANTS[39m [33m=[39m {[0m

Import map: aliased to relative './src/sections/QuoteSection' inside of [project]/


Import traces:
  Client Component Browser:
    ./src/app/page.tsx [Client Component Browser]
    ./src/app/page.tsx [Server Component]

  Client Component SSR:
    ./src/app/page.tsx [Client Component SSR]
    ./src/app/page.tsx [Server Component]

https://nextjs.org/docs/messages/module-not-found


⨯ ./src/app/page.tsx:10:1
Module not found: Can't resolve '@/sections/QuoteSection'
[0m [90m  8 |[39m [36mimport[39m { [33mConfiguratorSection[39m } [36mfrom[39m [32m"@/sections/ConfiguratorSection"[39m[33m;[39m
 [90m  9 |[39m [36mimport[39m { [33mTestimonialsSection[39m } [36mfrom[39m [32m"@/sections/TestimonialsSection"[39m[33m;[39m
[31m[1m>[22m[39m[90m 10 |[39m [36mimport[39m { [33mQuoteSection[39m } [36mfrom[39m [32m"@/sections/QuoteSection"[39m[33m;[39m
 [90m    |[39m [31m[1m^[22m[39m[31m[1m^[22m[39m[31m[1m^[22m[39m[31m[1m^[22m[39m[31m[1m^[22m[39m[31m[1m^[22m[39m[31m[1m^[22m[39m[31m[1m^[22m[39m[31m[1m^[22m[39m[31m[1m^[22m[39m[31m[1m^[22m[39m[31m[1m^[22m[39m[31m[1m^[22m[39m[31m[1m^[22m[39m[31m[1m^[22m[39m[31m[1m^[22m[39m[31m[1m^[22m[39m[31m[1m^[22m[39m[31m[1m^[22m[39m[31m[1m^[22m[39m[31m[1m^[22m[39m[31m[1m^[22m[39m[31m[1m^[22m[39m[31m[1m^[22m[39m[31m[1m^[22m[39m[31m[1m^[22m[39m[31m[1m^[22m[39m[31m[1m^[22m[39m[31m[1m^[22m[39m[31m[1m^[22m[39m[31m[1m^[22m[39m[31m[1m^[22m[39m[31m[1m^[22m[39m[31m[1m^[22m[39m[31m[1m^[22m[39m[31m[1m^[22m[39m[31m[1m^[22m[39m[31m[1m^[22m[39m[31m[1m^[22m[39m[31m[1m^[22m[39m[31m[1m^[22m[39m[31m[1m^[22m[39m[31m[1m^[22m[39m[31m[1m^[22m[39m[31m[1m^[22m[39m[31m[1m^[22m[39m[31m[1m^[22m[39m[31m[1m^[22m[39m[31m[1m^[22m[39m[31m[1m^[22m[39m[31m[1m^[22m[39m[31m[1m^[22m[39m[31m[1m^[22m[39m[31m[1m^[22m[39m[31m[1m^[22m[39m
 [90m 11 |[39m [36mimport[39m { [33mFooter[39m } [36mfrom[39m [32m"@/components/Footer"[39m[33m;[39m
 [90m 12 |[39m
 [90m 13 |[39m [36mconst[39m [33mFADE_UP_ANIMATION_VARIANTS[39m [33m=[39m {[0m

Import map: aliased to relative './src/sections/QuoteSection' inside of [project]/


Import traces:
  Client Component Browser:
    ./src/app/page.tsx [Client Component Browser]
    ./src/app/page.tsx [Server Component]

  Client Component SSR:
    ./src/app/page.tsx [Client Component SSR]
    ./src/app/page.tsx [Server Component]

https://nextjs.org/docs/messages/module-not-found


⨯ ./src/app/page.tsx:10:1
Module not found: Can't resolve '@/sections/QuoteSection'
[0m [90m  8 |[39m [36mimport[39m { [33mConfiguratorSection[39m } [36mfrom[39m [32m"@/sections/ConfiguratorSection"[39m[33m;[39m
 [90m  9 |[39m [36mimport[39m { [33mTestimonialsSection[39m } [36mfrom[39m [32m"@/sections/TestimonialsSection"[39m[33m;[39m
[31m[1m>[22m[39m[90m 10 |[39m [36mimport[39m { [33mQuoteSection[39m } [36mfrom[39m [32m"@/sections/QuoteSection"[39m[33m;[39m
 [90m    |[39m [31m[1m^[22m[39m[31m[1m^[22m[39m[31m[1m^[22m[39m[31m[1m^[22m[39m[31m[1m^[22m[39m[31m[1m^[22m[39m[31m[1m^[22m[39m[31m[1m^[22m[39m[31m[1m^[22m[39m[31m[1m^[22m[39m[31m[1m^[22m[39m[31m[1m^[22m[39m[31m[1m^[22m[39m[31m[1m^[22m[39m[31m[1m^[22m[39m[31m[1m^[22m[39m[31m[1m^[22m[39m[31m[1m^[22m[39m[31m[1m^[22m[39m[31m[1m^[22m[39m[31m[1m^[22m[39m[31m[1m^[22m[39m[31m[1m^[22m[39m[31m[1m^[22m[39m[31m[1m^[22m[39m[31m[1m^[22m[39m[31m[1m^[22m[39m[31m[1m^[22m[39m[31m[1m^[22m[39m[31m[1m^[22m[39m[31m[1m^[22m[39m[31m[1m^[22m[39m[31m[1m^[22m[39m[31m[1m^[22m[39m[31m[1m^[22m[39m[31m[1m^[22m[39m[31m[1m^[22m[39m[31m[1m^[22m[39m[31m[1m^[22m[39m[31m[1m^[22m[39m[31m[1m^[22m[39m[31m[1m^[22m[39m[31m[1m^[22m[39m[31m[1m^[22m[39m[31m[1m^[22m[39m[31m[1m^[22m[39m[31m[1m^[22m[39m[31m[1m^[22m[39m[31m[1m^[22m[39m[31m[1m^[22m[39m[31m[1m^[22m[39m[31m[1m^[22m[39m[31m[1m^[22m[39m[31m[1m^[22m[39m[31m[1m^[22m[39m
 [90m 11 |[39m [36mimport[39m { [33mFooter[39m } [36mfrom[39m [32m"@/components/Footer"[39m[33m;[39m
 [90m 12 |[39m
 [90m 13 |[39m [36mconst[39m [33mFADE_UP_ANIMATION_VARIANTS[39m [33m=[39m {[0m

Import map: aliased to relative './src/sections/QuoteSection' inside of [project]/


Import traces:
  Client Component Browser:
    ./src/app/page.tsx [Client Component Browser]
    ./src/app/page.tsx [Server Component]

  Client Component SSR:
    ./src/app/page.tsx [Client Component SSR]
    ./src/app/page.tsx [Server Component]

https://nextjs.org/docs/messages/module-not-found


✓ Compiled in 64ms
 GET / 200 in 1120ms (compile: 735ms, render: 385ms)
✓ Compiled in 35ms
✓ Compiled in 552ms
